1.0000000e+00	0.0000000e+00	0.0000000e+00	1.0000000e+00
9.9196558e-01	4.3551220e-04	1.4195615e-03	9.9775368e-01
9.8386675e-01	9.9686272e-04	2.8240461e-03	9.9541027e-01
9.7570361e-01	1.6724235e-03	4.2156097e-03	9.9297586e-01
9.6747667e-01	2.4514257e-03	5.5961471e-03	9.9045618e-01
9.5918687e-01	3.3239002e-03	6.9673152e-03	9.8785659e-01
9.5083550e-01	4.2806231e-03	8.3305529e-03	9.8518209e-01
9.4242415e-01	5.3130633e-03	9.6871008e-03	9.8243738e-01
9.3395470e-01	6.4133353e-03	1.1038019e-02	9.7962685e-01
9.2542927e-01	7.5741532e-03	1.2384203e-02	9.7675462e-01
9.1685017e-01	8.7887895e-03	1.3726400e-02	9.7382453e-01
9.0821991e-01	1.0051036e-02	1.5065222e-02	9.7084020e-01
8.9954116e-01	1.1355165e-02	1.6401159e-02	9.6780500e-01
8.9081671e-01	1.2695900e-02	1.7734591e-02	9.6472210e-01
8.8204944e-01	1.4068379e-02	1.9065798e-02	9.6159446e-01
8.7324235e-01	1.5468125e-02	2.0394974e-02	9.5842488e-01
8.6439848e-01	1.6891024e-02	2.1722231e-02	9.5521596e-01
8.5552095e-01	1.8333291e-02	2.3047611e-02	9.5197015e-01
8.4661288e-01	1.9791451e-02	2.4371094e-02	9.4868974e-01
8.3767745e-01	2.1262318e-02	2.5692602e-02	9.4537688e-01
8.2871782e-01	2.2742967e-02	2.7012011e-02	9.4203361e-01
8.1973716e-01	2.4230723e-02	2.8329152e-02	9.3866181e-01
8.1073863e-01	2.5723137e-02	2.9643820e-02	9.3526327e-01
8.0172538e-01	2.7217970e-02	3.0955776e-02	9.3183967e-01
7.9270050e-01	2.8713180e-02	3.2264756e-02	9.2839259e-01
7.8366707e-01	3.0206903e-02	3.3570471e-02	9.2492350e-01
7.7462811e-01	3.1697445e-02	3.4872612e-02	9.2143380e-01
7.6558662e-01	3.3183264e-02	3.6170857e-02	9.1792481e-01
7.5654551e-01	3.4662959e-02	3.7464868e-02	9.1439775e-01
7.4750765e-01	3.6135263e-02	3.8754299e-02	9.1085381e-01
7.3847586e-01	3.7599029e-02	4.0038795e-02	9.0729407e-01
7.2945286e-01	3.9053222e-02	4.1317999e-02	9.0371957e-01
7.2044135e-01	4.0496907e-02	4.2591549e-02	9.0013129e-01
7.1144392e-01	4.1929248e-02	4.3859082e-02	8.9653016e-01
7.0246311e-01	4.3349493e-02	4.5120238e-02	8.9291706e-01
6.9350137e-01	4.4756971e-02	4.6374655e-02	8.8929280e-01
6.8456111e-01	4.6151084e-02	4.7621980e-02	8.8565817e-01
6.7564461e-01	4.7531301e-02	4.8861860e-02	8.8201392e-01
6.6675413e-01	4.8897155e-02	5.0093951e-02	8.7836074e-01
6.5789182e-01	5.0248232e-02	5.1317915e-02	8.7469931e-01
6.4905976e-01	5.1584173e-02	5.2533419e-02	8.7103025e-01
6.4025997e-01	5.2904665e-02	5.3740142e-02	8.6735418e-01
6.3149438e-01	5.4209437e-02	5.4937770e-02	8.6367166e-01
6.2276485e-01	5.5498260e-02	5.6125997e-02	8.5998324e-01
6.1407316e-01	5.6770939e-02	5.7304528e-02	8.5628943e-01
6.0542102e-01	5.8027311e-02	5.8473078e-02	8.5259075e-01
5.9681008e-01	5.9267245e-02	5.9631372e-02	8.4888764e-01
5.8824190e-01	6.0490636e-02	6.0779144e-02	8.4518058e-01
5.7971798e-01	6.1697402e-02	6.1916142e-02	8.4146999e-01
5.7123975e-01	6.2887485e-02	6.3042120e-02	8.3775628e-01
5.6280858e-01	6.4060846e-02	6.4156846e-02	8.3403986e-01
5.5442576e-01	6.5217463e-02	6.5260098e-02	8.3032110e-01
5.4609253e-01	6.6357331e-02	6.6351663e-02	8.2660036e-01
5.3781005e-01	6.7480461e-02	6.7431341e-02	8.2287800e-01
5.2957942e-01	6.8586873e-02	6.8498940e-02	8.1915435e-01
5.2140171e-01	6.9676604e-02	6.9554280e-02	8.1542974e-01
5.1327789e-01	7.0749695e-02	7.0597192e-02	8.1170447e-01
5.0520890e-01	7.1806202e-02	7.1627514e-02	8.0797886e-01
4.9719561e-01	7.2846184e-02	7.2645097e-02	8.0425318e-01
4.8923884e-01	7.3869712e-02	7.3649800e-02	8.0052772e-01
4.8133937e-01	7.4876858e-02	7.4641492e-02	7.9680274e-01
4.7349792e-01	7.5867704e-02	7.5620051e-02	7.9307852e-01
4.6571515e-01	7.6842334e-02	7.6585365e-02	7.8935530e-01
4.5799168e-01	7.7800837e-02	7.7537330e-02	7.8563332e-01
4.5032809e-01	7.8743306e-02	7.8475851e-02	7.8191282e-01
4.4272491e-01	7.9669835e-02	7.9400840e-02	7.7819403e-01
4.3518263e-01	8.0580523e-02	8.0312221e-02	7.7447718e-01
4.2770169e-01	8.1475469e-02	8.1209922e-02	7.7076246e-01
4.2028250e-01	8.2354775e-02	8.2093882e-02	7.6705011e-01
4.1292542e-01	8.3218544e-02	8.2964043e-02	7.6334031e-01
4.0563078e-01	8.4066881e-02	8.3820360e-02	7.5963326e-01
3.9839887e-01	8.4899888e-02	8.4662792e-02	7.5592916e-01
3.9122996e-01	8.5717673e-02	8.5491304e-02	7.5222819e-01
3.8412425e-01	8.6520341e-02	8.6305870e-02	7.4853052e-01
3.7708195e-01	8.7307998e-02	8.7106469e-02	7.4483634e-01
3.7010322e-01	8.8080750e-02	8.7893087e-02	7.4114581e-01
3.6318817e-01	8.8838703e-02	8.8665715e-02	7.3745909e-01
3.5633692e-01	8.9581963e-02	8.9424351e-02	7.3377636e-01
3.4954954e-01	9.0310635e-02	9.0168998e-02	7.3009775e-01
3.4282606e-01	9.1024825e-02	9.0899665e-02	7.2642343e-01
3.3616653e-01	9.1724638e-02	9.1616366e-02	7.2275354e-01
3.2957092e-01	9.2410179e-02	9.2319119e-02	7.1908822e-01
3.2303922e-01	9.3081550e-02	9.3007949e-02	7.1542761e-01
3.1657137e-01	9.3738857e-02	9.3682884e-02	7.1177184e-01
3.1016731e-01	9.4382202e-02	9.4343958e-02	7.0812105e-01
3.0382694e-01	9.5011687e-02	9.4991208e-02	7.0447537e-01
2.9755015e-01	9.5627416e-02	9.5624676e-02	7.0083490e-01
2.9133682e-01	9.6229489e-02	9.6244408e-02	6.9719979e-01
2.8518679e-01	9.6818009e-02	9.6850453e-02	6.9357013e-01
2.7909991e-01	9.7393075e-02	9.7442866e-02	6.8994604e-01
2.7307599e-01	9.7954789e-02	9.8021704e-02	6.8632763e-01
2.6711484e-01	9.8503250e-02	9.8587028e-02	6.8271500e-01
2.6121624e-01	9.9038558e-02	9.9138901e-02	6.7910826e-01
2.5537998e-01	9.9560812e-02	9.9677391e-02	6.7550751e-01
2.4960582e-01	1.0007011e-01	1.0020257e-01	6.7191283e-01
2.4389350e-01	1.0056656e-01	1.0071451e-01	6.6832433e-01
2.3824276e-01	1.0105024e-01	1.0121328e-01	6.6474209e-01
2.3265333e-01	1.0152127e-01	1.0169898e-01	6.6116619e-01
2.2712493e-01	1.0197974e-01	1.0217167e-01	6.5759672e-01
2.2165726e-01	1.0242574e-01	1.0263144e-01	6.5403375e-01
2.1625002e-01	1.0285938e-01	1.0307838e-01	6.5047738e-01
2.1090290e-01	1.0328075e-01	1.0351257e-01	6.4692766e-01
2.0561557e-01	1.0368995e-01	1.0393412e-01	6.4338467e-01
2.0038771e-01	1.0408707e-01	1.0434310e-01	6.3984848e-01
1.9521897e-01	1.0447223e-01	1.0473962e-01	6.3631916e-01
1.9010902e-01	1.0484550e-01	1.0512377e-01	6.3279676e-01
1.8505751e-01	1.0520700e-01	1.0549565e-01	6.2928135e-01
1.8006408e-01	1.0555681e-01	1.0585536e-01	6.2577299e-01
1.7512837e-01	1.0589503e-01	1.0620300e-01	6.2227173e-01
1.7025001e-01	1.0622177e-01	1.0653867e-01	6.1877762e-01
1.6542862e-01	1.0653712e-01	1.0686248e-01	6.1529073e-01
1.6066384e-01	1.0684118e-01	1.0717453e-01	6.1181109e-01
1.5595528e-01	1.0713404e-01	1.0747493e-01	6.0833875e-01
1.5130256e-01	1.0741580e-01	1.0776379e-01	6.0487376e-01
1.4670529e-01	1.0768656e-01	1.0804121e-01	6.0141616e-01
1.4216308e-01	1.0794642e-01	1.0830730e-01	5.9796600e-01
1.3767553e-01	1.0819548e-01	1.0856218e-01	5.9452330e-01
1.3324224e-01	1.0843383e-01	1.0880594e-01	5.9108811e-01
1.2886283e-01	1.0866158e-01	1.0903871e-01	5.8766047e-01
1.2453689e-01	1.0887881e-01	1.0926060e-01	5.8424040e-01
1.2026401e-01	1.0908563e-01	1.0947171e-01	5.8082794e-01
1.1604379e-01	1.0928214e-01	1.0967216e-01	5.7742312e-01
1.1187583e-01	1.0946843e-01	1.0986206e-01	5.7402597e-01
1.0775972e-01	1.0964460e-01	1.1004153e-01	5.7063652e-01
1.0369505e-01	1.0981076e-01	1.1021067e-01	5.6725479e-01
9.9681415e-02	1.0996699e-01	1.1036960e-01	5.6388081e-01
9.5718406e-02	1.1011339e-01	1.1051843e-01	5.6051460e-01
9.1805614e-02	1.1025007e-01	1.1065727e-01	5.5715619e-01
8.7942632e-02	1.1037712e-01	1.1078624e-01	5.5380559e-01
8.4129049e-02	1.1049464e-01	1.1090544e-01	5.5046284e-01
8.0364459e-02	1.1060272e-01	1.1101500e-01	5.4712794e-01
7.6648453e-02	1.1070146e-01	1.1111501e-01	5.4380093e-01
7.2980624e-02	1.1079096e-01	1.1120559e-01	5.4048180e-01
6.9360565e-02	1.1087132e-01	1.1128685e-01	5.3717060e-01
6.5787871e-02	1.1094263e-01	1.1135890e-01	5.3386732e-01
6.2262137e-02	1.1100499e-01	1.1142184e-01	5.3057200e-01
5.8782959e-02	1.1105849e-01	1.1147579e-01	5.2728463e-01
5.5349934e-02	1.1110323e-01	1.1152086e-01	5.2400525e-01
5.1962663e-02	1.1113931e-01	1.1155714e-01	5.2073386e-01
4.8620743e-02	1.1116682e-01	1.1158475e-01	5.1747048e-01
4.5323779e-02	1.1118584e-01	1.1160379e-01	5.1421512e-01
4.2071371e-02	1.1119649e-01	1.1161436e-01	5.1096780e-01
3.8863126e-02	1.1119885e-01	1.1161657e-01	5.0772853e-01
3.5698651e-02	1.1119301e-01	1.1161051e-01	5.0449733e-01
3.2577552e-02	1.1117907e-01	1.1159630e-01	5.0127420e-01
2.9499441e-02	1.1115712e-01	1.1157402e-01	4.9805916e-01
2.6463929e-02	1.1112725e-01	1.1154378e-01	4.9485223e-01
2.3470630e-02	1.1108956e-01	1.1150568e-01	4.9165341e-01
2.0519162e-02	1.1104412e-01	1.1145982e-01	4.8846272e-01
1.7609140e-02	1.1099104e-01	1.1140628e-01	4.8528017e-01
1.4740186e-02	1.1093041e-01	1.1134516e-01	4.8210577e-01
1.1911922e-02	1.1086230e-01	1.1127656e-01	4.7893954e-01
9.1239723e-03	1.1078681e-01	1.1120057e-01	4.7578150e-01
6.3759629e-03	1.1070404e-01	1.1111728e-01	4.7263164e-01
3.6675225e-03	1.1061405e-01	1.1102679e-01	4.6948999e-01
9.9828219e-04	1.1051695e-01	1.1092917e-01	4.6635656e-01
-1.6321252e-03	1.1041282e-01	1.1082452e-01	4.6323136e-01
-4.2240643e-03	1.1030174e-01	1.1071293e-01	4.6011440e-01
-6.7778978e-03	1.1018381e-01	1.1059448e-01	4.5700570e-01
-9.2939860e-03	1.1005909e-01	1.1046925e-01	4.5390527e-01
-1.1772687e-02	1.0992768e-01	1.1033733e-01	4.5081312e-01
-1.4214357e-02	1.0978966e-01	1.1019881e-01	4.4772927e-01
-1.6619349e-02	1.0964511e-01	1.1005376e-01	4.4465373e-01
-1.8988015e-02	1.0949411e-01	1.0990227e-01	4.4158651e-01
-2.1320704e-02	1.0933675e-01	1.0974441e-01	4.3852763e-01
-2.3617763e-02	1.0917311e-01	1.0958026e-01	4.3547710e-01
-2.5879538e-02	1.0900326e-01	1.0940991e-01	4.3243493e-01
-2.8106370e-02	1.0882729e-01	1.0923343e-01	4.2940113e-01
-3.0298601e-02	1.0864526e-01	1.0905089e-01	4.2637573e-01
-3.2456570e-02	1.0845728e-01	1.0886238e-01	4.2335873e-01
-3.4580612e-02	1.0826340e-01	1.0866796e-01	4.2035014e-01
-3.6671062e-02	1.0806370e-01	1.0846772e-01	4.1734999e-01
-3.8728252e-02	1.0785828e-01	1.0826171e-01	4.1435827e-01
-4.0752513e-02	1.0764719e-01	1.0805003e-01	4.1137502e-01
-4.2744173e-02	1.0743051e-01	1.0783273e-01	4.0840022e-01
-4.4703558e-02	1.0720833e-01	1.0760990e-01	4.0543391e-01
-4.6630992e-02	1.0698070e-01	1.0738160e-01	4.0247609e-01
-4.8526798e-02	1.0674772e-01	1.0714789e-01	3.9952678e-01
-5.0391296e-02	1.0650945e-01	1.0690887e-01	3.9658598e-01
-5.2224805e-02	1.0626596e-01	1.0666458e-01	3.9365371e-01
-5.4027642e-02	1.0601733e-01	1.0641511e-01	3.9072997e-01
-5.5800121e-02	1.0576363e-01	1.0616051e-01	3.8781479e-01
-5.7542556e-02	1.0550493e-01	1.0590087e-01	3.8490817e-01
-5.9255257e-02	1.0524130e-01	1.0563624e-01	3.8201011e-01
-6.0938535e-02	1.0497281e-01	1.0536670e-01	3.7912064e-01
-6.2592697e-02	1.0469954e-01	1.0509231e-01	3.7623976e-01
-6.4218049e-02	1.0442155e-01	1.0481314e-01	3.7336747e-01
-6.5814896e-02	1.0413891e-01	1.0452925e-01	3.7050379e-01
-6.7383539e-02	1.0385169e-01	1.0424073e-01	3.6764872e-01
-6.8924281e-02	1.0355996e-01	1.0394762e-01	3.6480228e-01
-7.0437421e-02	1.0326379e-01	1.0365000e-01	3.6196447e-01
-7.1923256e-02	1.0296325e-01	1.0334794e-01	3.5913529e-01
-7.3382082e-02	1.0265840e-01	1.0304150e-01	3.5631475e-01
-7.4814194e-02	1.0234931e-01	1.0273075e-01	3.5350285e-01
-7.6219885e-02	1.0203605e-01	1.0241575e-01	3.5069961e-01
-7.7599446e-02	1.0171868e-01	1.0209658e-01	3.4790502e-01
-7.8953167e-02	1.0139728e-01	1.0177329e-01	3.4511910e-01
-8.0281337e-02	1.0107190e-01	1.0144596e-01	3.4234183e-01
-8.1584241e-02	1.0074261e-01	1.0111466e-01	3.3957322e-01
-8.2862166e-02	1.0040949e-01	1.0077944e-01	3.3681329e-01
-8.4115394e-02	1.0007258e-01	1.0044037e-01	3.3406202e-01
-8.5344208e-02	9.9731964e-02	1.0009753e-01	3.3131941e-01
-8.6548888e-02	9.9387698e-02	9.9750980e-02	3.2858547e-01
-8.7729713e-02	9.9039848e-02	9.9400783e-02	3.2586020e-01
-8.8886961e-02	9.8688477e-02	9.9047008e-02	3.2314360e-01
-9.0020907e-02	9.8333649e-02	9.8689723e-02	3.2043566e-01
-9.1131826e-02	9.7975426e-02	9.8328992e-02	3.1773638e-01
-9.2219991e-02	9.7613871e-02	9.7964884e-02	3.1504576e-01
-9.3285672e-02	9.7249046e-02	9.7597465e-02	3.1236379e-01
-9.4329140e-02	9.6881013e-02	9.7226801e-02	3.0969048e-01
-9.5350662e-02	9.6509834e-02	9.6852958e-02	3.0702581e-01
-9.6350505e-02	9.6135569e-02	9.6476004e-02	3.0436978e-01
-9.7328934e-02	9.5758279e-02	9.6096005e-02	3.0172239e-01
-9.8286211e-02	9.5378025e-02	9.5713025e-02	2.9908362e-01
-9.9222598e-02	9.4994866e-02	9.5327133e-02	2.9645349e-01
-1.0013836e-01	9.4608863e-02	9.4938392e-02	2.9383197e-01
-1.0103374e-01	9.4220073e-02	9.4546869e-02	2.9121906e-01
-1.0190901e-01	9.3828555e-02	9.4152629e-02	2.8861475e-01
-1.0276442e-01	9.3434368e-02	9.3755738e-02	2.8601903e-01
-1.0360023e-01	9.3037570e-02	9.3356258e-02	2.8343191e-01
-1.0441667e-01	9.2638217e-02	9.2954256e-02	2.8085336e-01
-1.0521401e-01	9.2236366e-02	9.2549795e-02	2.7828338e-01
-1.0599249e-01	9.1832074e-02	9.2142938e-02	2.7572196e-01
-1.0675236e-01	9.1425395e-02	9.1733750e-02	2.7316909e-01
-1.0749386e-01	9.1016386e-02	9.1322291e-02	2.7062476e-01
-1.0821723e-01	9.0605100e-02	9.0908625e-02	2.6808897e-01
-1.0892271e-01	9.0191592e-02	9.0492814e-02	2.6556170e-01
-1.0961055e-01	8.9775916e-02	9.0074917e-02	2.6304294e-01
-1.1028097e-01	8.9358123e-02	8.9654997e-02	2.6053269e-01
-1.1093421e-01	8.8938267e-02	8.9233112e-02	2.5803093e-01
-1.1157051e-01	8.8516399e-02	8.8809322e-02	2.5553766e-01
-1.1219009e-01	8.8092570e-02	8.8383685e-02	2.5305286e-01
-1.1279319e-01	8.7666831e-02	8.7956259e-02	2.5057652e-01
-1.1338003e-01	8.7239230e-02	8.7527101e-02	2.4810864e-01
-1.1395082e-01	8.6809819e-02	8.7096268e-02	2.4564921e-01
-1.1450581e-01	8.6378644e-02	8.6663814e-02	2.4319821e-01
-1.1504520e-01	8.5945754e-02	8.6229795e-02	2.4075564e-01
-1.1556921e-01	8.5511196e-02	8.5794263e-02	2.3832149e-01
-1.1607807e-01	8.5075017e-02	8.5357273e-02	2.3589574e-01
-1.1657197e-01	8.4637261e-02	8.4918875e-02	2.3347840e-01
-1.1705115e-01	8.4197975e-02	8.4479122e-02	2.3106945e-01
-1.1751579e-01	8.3757202e-02	8.4038062e-02	2.2866888e-01
-1.1796612e-01	8.3314987e-02	8.3595746e-02	2.2627669e-01
-1.1840233e-01	8.2871372e-02	8.3152221e-02	2.2389286e-01
-1.1882462e-01	8.2426400e-02	8.2707534e-02	2.2151740e-01
-1.1923321e-01	8.1980112e-02	8.2261733e-02	2.1915028e-01
-1.1962828e-01	8.1532550e-02	8.1814861e-02	2.1679152e-01
-1.2001004e-01	8.1083752e-02	8.1366963e-02	2.1444109e-01
-1.2037867e-01	8.0633759e-02	8.0918083e-02	2.1209900e-01
-1.2073437e-01	8.0182610e-02	8.0468262e-02	2.0976523e-01
-1.2107732e-01	7.9730343e-02	8.0017542e-02	2.0743978e-01
-1.2140772e-01	7.9276995e-02	7.9565963e-02	2.0512265e-01
-1.2172574e-01	7.8822602e-02	7.9113564e-02	2.0281383e-01
-1.2203158e-01	7.8367202e-02	7.8660384e-02	2.0051332e-01
-1.2232540e-01	7.7910829e-02	7.8206458e-02	1.9822110e-01
-1.2260739e-01	7.7453518e-02	7.7751825e-02	1.9593718e-01
-1.2287773e-01	7.6995303e-02	7.7296518e-02	1.9366156e-01
-1.2313658e-01	7.6536218e-02	7.6840572e-02	1.9139422e-01
-1.2338412e-01	7.6076296e-02	7.6384021e-02	1.8913517e-01
-1.2362051e-01	7.5615568e-02	7.5926896e-02	1.8688439e-01
-1.2384593e-01	7.5154068e-02	7.5469230e-02	1.8464190e-01
-1.2406054e-01	7.4691824e-02	7.5011053e-02	1.8240768e-01
-1.2426449e-01	7.4228870e-02	7.4552395e-02	1.8018173e-01
-1.2445796e-01	7.3765233e-02	7.4093285e-02	1.7796405e-01
-1.2464109e-01	7.3300944e-02	7.3633750e-02	1.7575464e-01
-1.2481405e-01	7.2836033e-02	7.3173820e-02	1.7355349e-01
-1.2497698e-01	7.2370526e-02	7.2713519e-02	1.7136060e-01
-1.2513005e-01	7.1904453e-02	7.2252874e-02	1.6917597e-01
-1.2527339e-01	7.1437840e-02	7.1791910e-02	1.6699959e-01
-1.2540716e-01	7.0970716e-02	7.1330652e-02	1.6483148e-01
-1.2553151e-01	7.0503106e-02	7.0869124e-02	1.6267161e-01
-1.2564656e-01	7.0035038e-02	7.0407349e-02	1.6051999e-01
-1.2575248e-01	6.9566537e-02	6.9945350e-02	1.5837662e-01
-1.2584940e-01	6.9097628e-02	6.9483149e-02	1.5624149e-01
-1.2593744e-01	6.8628338e-02	6.9020768e-02	1.5411461e-01
-1.2601677e-01	6.8158690e-02	6.8558229e-02	1.5199596e-01
-1.2608749e-01	6.7688710e-02	6.8095552e-02	1.4988555e-01
-1.2614975e-01	6.7218423e-02	6.7632758e-02	1.4778337e-01
-1.2620369e-01	6.6747852e-02	6.7169867e-02	1.4568942e-01
-1.2624942e-01	6.6277021e-02	6.6706899e-02	1.4360369e-01
-1.2628707e-01	6.5805954e-02	6.6243873e-02	1.4152618e-01
-1.2631677e-01	6.5334674e-02	6.5780810e-02	1.3945689e-01
-1.2633864e-01	6.4863206e-02	6.5317728e-02	1.3739582e-01
-1.2635281e-01	6.4391572e-02	6.4854645e-02	1.3534294e-01
-1.2635940e-01	6.3919795e-02	6.4391582e-02	1.3329827e-01
-1.2635851e-01	6.3447898e-02	6.3928556e-02	1.3126179e-01
-1.2635028e-01	6.2975904e-02	6.3465586e-02	1.2923351e-01
-1.2633481e-01	6.2503836e-02	6.3002690e-02	1.2721340e-01
-1.2631223e-01	6.2031716e-02	6.2539887e-02	1.2520147e-01
-1.2628264e-01	6.1559567e-02	6.2077196e-02	1.2319770e-01
-1.2624615e-01	6.1087412e-02	6.1614635e-02	1.2120209e-01
-1.2620287e-01	6.0615273e-02	6.1152221e-02	1.1921463e-01
-1.2615292e-01	6.0143173e-02	6.0689974e-02	1.1723532e-01
-1.2609639e-01	5.9671133e-02	6.0227913e-02	1.1526413e-01
-1.2603340e-01	5.9199178e-02	5.9766055e-02	1.1330106e-01
-1.2596405e-01	5.8727328e-02	5.9304420e-02	1.1134610e-01
-1.2588844e-01	5.8255606e-02	5.8843025e-02	1.0939924e-01
-1.2580667e-01	5.7784036e-02	5.8381891e-02	1.0746047e-01
-1.2571885e-01	5.7312639e-02	5.7921036e-02	1.0552976e-01
-1.2562507e-01	5.6841438e-02	5.7460480e-02	1.0360712e-01
-1.2552542e-01	5.6370455e-02	5.7000240e-02	1.0169253e-01
-1.2542002e-01	5.5899713e-02	5.6540338e-02	9.9785962e-02
-1.2530895e-01	5.5429235e-02	5.6080792e-02	9.7887416e-02
-1.2519230e-01	5.4959043e-02	5.5621622e-02	9.5996871e-02
-1.2507017e-01	5.4489160e-02	5.5162848e-02	9.4114311e-02
-1.2494266e-01	5.4019609e-02	5.4704490e-02	9.2239722e-02
-1.2480984e-01	5.3550411e-02	5.4246567e-02	9.0373084e-02
-1.2467182e-01	5.3081590e-02	5.3789100e-02	8.8514382e-02
-1.2452868e-01	5.2613169e-02	5.3332110e-02	8.6663596e-02
-1.2438050e-01	5.2145169e-02	5.2875616e-02	8.4820709e-02
-1.2422738e-01	5.1677615e-02	5.2419639e-02	8.2985702e-02
-1.2406940e-01	5.1210528e-02	5.1964199e-02	8.1158554e-02
-1.2390664e-01	5.0743931e-02	5.1509317e-02	7.9339248e-02
-1.2373919e-01	5.0277846e-02	5.1055014e-02	7.7527762e-02
-1.2356713e-01	4.9812297e-02	5.0601309e-02	7.5724076e-02
-1.2339054e-01	4.9347305e-02	5.0148224e-02	7.3928169e-02
-1.2320950e-01	4.8882893e-02	4.9695779e-02	7.2140020e-02
-1.2302409e-01	4.8419084e-02	4.9243995e-02	7.0359607e-02
-1.2283439e-01	4.7955899e-02	4.8792891e-02	6.8586909e-02
-1.2264047e-01	4.7493361e-02	4.8342488e-02	6.6821904e-02
-1.2244241e-01	4.7031491e-02	4.7892807e-02	6.5064569e-02
-1.2224029e-01	4.6570312e-02	4.7443867e-02	6.3314882e-02
-1.2203418e-01	4.6109846e-02	4.6995688e-02	6.1572821e-02
-1.2182415e-01	4.5650113e-02	4.6548290e-02	5.9838362e-02
-1.2161028e-01	4.5191136e-02	4.6101692e-02	5.8111484e-02
-1.2139263e-01	4.4732935e-02	4.5655914e-02	5.6392163e-02
-1.2117128e-01	4.4275531e-02	4.5210973e-02	5.4680376e-02
-1.2094630e-01	4.3818945e-02	4.4766890e-02	5.2976100e-02
-1.2071775e-01	4.3363198e-02	4.4323681e-02	5.1279313e-02
-1.2048570e-01	4.2908310e-02	4.3881365e-02	4.9589992e-02
-1.2025022e-01	4.2454301e-02	4.3439960e-02	4.7908113e-02
-1.2001137e-01	4.2001190e-02	4.2999483e-02	4.6233655e-02
-1.1976923e-01	4.1548997e-02	4.2559950e-02	4.4566594e-02
-1.1952384e-01	4.1097741e-02	4.2121377e-02	4.2906908e-02
-1.1927528e-01	4.0647441e-02	4.1683781e-02	4.1254576e-02
-1.1902360e-01	4.0198115e-02	4.1247176e-02	3.9609574e-02
-1.1876887e-01	3.9749782e-02	4.0811578e-02	3.7971882e-02
-1.1851115e-01	3.9302459e-02	4.0377001e-02	3.6341477e-02
-1.1825050e-01	3.8856163e-02	3.9943458e-02	3.4718339e-02
-1.1798697e-01	3.8410911e-02	3.9510962e-02	3.3102446e-02
-1.1772062e-01	3.7966721e-02	3.9079527e-02	3.1493778e-02
-1.1745151e-01	3.7523608e-02	3.8649164e-02	2.9892314e-02
-1.1717969e-01	3.7081588e-02	3.8219885e-02	2.8298035e-02
-1.1690522e-01	3.6640676e-02	3.7791700e-02	2.6710921e-02
-1.1662815e-01	3.6200888e-02	3.7364620e-02	2.5130952e-02
-1.1634854e-01	3.5762238e-02	3.6938654e-02	2.3558110e-02
-1.1606644e-01	3.5324740e-02	3.6513811e-02	2.1992376e-02
-1.1578190e-01	3.4888407e-02	3.6090100e-02	2.0433732e-02
-1.1549497e-01	3.4453254e-02	3.5667527e-02	1.8882161e-02
-1.1520569e-01	3.4019292e-02	3.5246102e-02	1.7337644e-02
-1.1491413e-01	3.3586535e-02	3.4825828e-02	1.5800166e-02
-1.1462033e-01	3.3154994e-02	3.4406714e-02	1.4269710e-02
-1.1432433e-01	3.2724681e-02	3.3988763e-02	1.2746260e-02
-1.1402618e-01	3.2295606e-02	3.3571981e-02	1.1229800e-02
-1.1372594e-01	3.1867781e-02	3.3156371e-02	9.7203146e-03
-1.1342363e-01	3.1441215e-02	3.2741937e-02	8.2177898e-03
-1.1311932e-01	3.1015919e-02	3.2328682e-02	6.7222107e-03
-1.1281305e-01	3.0591902e-02	3.1916607e-02	5.2335636e-03
-1.1250485e-01	3.0169172e-02	3.1505716e-02	3.7518347e-03
-1.1219477e-01	2.9747739e-02	3.1096009e-02	2.2770108e-03
-1.1188286e-01	2.9327611e-02	3.0687486e-02	8.0907910e-04
-1.1156916e-01	2.8908795e-02	3.0280149e-02	-6.5197301e-04
-1.1125370e-01	2.8491299e-02	2.9873997e-02	-2.1061577e-03
-1.1093654e-01	2.8075130e-02	2.9469029e-02	-3.5534869e-03
-1.1061770e-01	2.7660294e-02	2.9065245e-02	-4.9939721e-03
-1.1029724e-01	2.7246798e-02	2.8662643e-02	-6.4276247e-03
-1.0997518e-01	2.6834649e-02	2.8261220e-02	-7.8544557e-03
-1.0965158e-01	2.6423851e-02	2.7860977e-02	-9.2744759e-03
-1.0932647e-01	2.6014410e-02	2.7461908e-02	-1.0687696e-02
-1.0899988e-01	2.5606332e-02	2.7064013e-02	-1.2094126e-02
-1.0867186e-01	2.5199621e-02	2.6667289e-02	-1.3493777e-02
-1.0834245e-01	2.4794281e-02	2.6271731e-02	-1.4886658e-02
-1.0801168e-01	2.4390318e-02	2.5877337e-02	-1.6272779e-02
-1.0767958e-01	2.3987734e-02	2.5484104e-02	-1.7652151e-02
-1.0734621e-01	2.3586535e-02	2.5092028e-02	-1.9024782e-02
-1.0701159e-01	2.3186723e-02	2.4701105e-02	-2.0390683e-02
-1.0667576e-01	2.2788303e-02	2.4311332e-02	-2.1749864e-02
-1.0633875e-01	2.2391277e-02	2.3922705e-02	-2.3102334e-02
-1.0600061e-01	2.1995649e-02	2.3535220e-02	-2.4448102e-02
-1.0566138e-01	2.1601421e-02	2.3148874e-02	-2.5787178e-02
-1.0532107e-01	2.1208597e-02	2.2763663e-02	-2.7119573e-02
-1.0497974e-01	2.0817180e-02	2.2379583e-02	-2.8445295e-02
-1.0463742e-01	2.0427171e-02	2.1996632e-02	-2.9764356e-02
-1.0429414e-01	2.0038574e-02	2.1614806e-02	-3.1076764e-02
-1.0394995e-01	1.9651390e-02	2.1234102e-02	-3.2382531e-02
-1.0360486e-01	1.9265623e-02	2.0854517e-02	-3.3681666e-02
-1.0325893e-01	1.8881275e-02	2.0476049e-02	-3.4974181e-02
-1.0291219e-01	1.8498348e-02	2.0098695e-02	-3.6260085e-02
-1.0256467e-01	1.8116845e-02	1.9722453e-02	-3.7539391e-02
-1.0221641e-01	1.7736767e-02	1.9347321e-02	-3.8812110e-02
-1.0186744e-01	1.7358116e-02	1.8973299e-02	-4.0078252e-02
-1.0151781e-01	1.6980897e-02	1.8600385e-02	-4.1337830e-02
-1.0116753e-01	1.6605109e-02	1.8228578e-02	-4.2590856e-02
-1.0081666e-01	1.6230756e-02	1.7857878e-02	-4.3837343e-02
-1.0046523e-01	1.5857841e-02	1.7488284e-02	-4.5077302e-02
-1.0011326e-01	1.5486365e-02	1.7119798e-02	-4.6310748e-02
-9.9760808e-02	1.5116330e-02	1.6752420e-02	-4.7537694e-02
-9.9407896e-02	1.4747740e-02	1.6386151e-02	-4.8758152e-02
-9.9054564e-02	1.4380597e-02	1.6020993e-02	-4.9972139e-02
-9.8700847e-02	1.4014903e-02	1.5656948e-02	-5.1179666e-02
-9.8346780e-02	1.3650660e-02	1.5294018e-02	-5.2380751e-02
-9.7992400e-02	1.3287872e-02	1.4932207e-02	-5.3575407e-02
-9.7637742e-02	1.2926541e-02	1.4571517e-02	-5.4763650e-02
-9.7282842e-02	1.2566670e-02	1.4211952e-02	-5.5945495e-02
-9.6927735e-02	1.2208261e-02	1.3853516e-02	-5.7120960e-02
-9.6572458e-02	1.1851318e-02	1.3496215e-02	-5.8290060e-02
-9.6217045e-02	1.1495842e-02	1.3140053e-02	-5.9452813e-02
-9.5861532e-02	1.1141838e-02	1.2785034e-02	-6.0609234e-02
-9.5505956e-02	1.0789308e-02	1.2431166e-02	-6.1759343e-02
-9.5150350e-02	1.0438255e-02	1.2078455e-02	-6.2903155e-02
-9.4794751e-02	1.0088682e-02	1.1726905e-02	-6.4040691e-02
-9.4439193e-02	9.7405913e-03	1.1376526e-02	-6.5171967e-02
-9.4083712e-02	9.3939871e-03	1.1027322e-02	-6.6297002e-02
-9.3728342e-02	9.0488720e-03	1.0679303e-02	-6.7415816e-02
-9.3373119e-02	8.7052489e-03	1.0332476e-02	-6.8528426e-02
-9.3018076e-02	8.3631210e-03	9.9868486e-03	-6.9634854e-02
-9.2663248e-02	8.0224912e-03	9.6424291e-03	-7.0735116e-02
-9.2308668e-02	7.6833626e-03	9.2992262e-03	-7.1829235e-02
-9.1954372e-02	7.3457379e-03	8.9572486e-03	-7.2917229e-02
-9.1600392e-02	7.0096203e-03	8.6165049e-03	-7.3999117e-02
-9.1246761e-02	6.6750124e-03	8.2770044e-03	-7.5074922e-02
-9.0893512e-02	6.3419171e-03	7.9387561e-03	-7.6144661e-02
-9.0540678e-02	6.0103371e-03	7.6017692e-03	-7.7208356e-02
-9.0188292e-02	5.6802749e-03	7.2660531e-03	-7.8266027e-02
-8.9836384e-02	5.3517331e-03	6.9316171e-03	-7.9317695e-02
-8.9484986e-02	5.0247140e-03	6.5984706e-03	-8.0363379e-02
-8.9134129e-02	4.6992199e-03	6.2666230e-03	-8.1403099e-02
-8.8783844e-02	4.3752530e-03	5.9360835e-03	-8.2436877e-02
-8.8434161e-02	4.0528152e-03	5.6068616e-03	-8.3464733e-02
-8.8085108e-02	3.7319084e-03	5.2789664e-03	-8.4486686e-02
-8.7736716e-02	3.4125342e-03	4.9524070e-03	-8.5502757e-02
-8.7389012e-02	3.0946941e-03	4.6271924e-03	-8.6512966e-02
-8.7042025e-02	2.7783895e-03	4.3033313e-03	-8.7517332e-02
-8.6695781e-02	2.4636214e-03	3.9808324e-03	-8.8515875e-02
-8.6350308e-02	2.1503908e-03	3.6597040e-03	-8.9508615e-02
-8.6005631e-02	1.8386983e-03	3.3399544e-03	-9.0495572e-02
-8.5661776e-02	1.5285444e-03	3.0215915e-03	-9.1476763e-02
-8.5318767e-02	1.2199294e-03	2.7046228e-03	-9.2452209e-02
-8.4976630e-02	9.1285330e-04	2.3890559e-03	-9.3421928e-02
-8.4635386e-02	6.0731585e-04	2.0748976e-03	-9.4385938e-02
-8.4295059e-02	3.0331658e-04	1.7621547e-03	-9.5344258e-02
-8.3955671e-02	8.5475675e-07	1.4508336e-03	-9.6296905e-02
-8.3617243e-02	-3.0007059e-04	1.1409403e-03	-9.7243897e-02
-8.3279796e-02	-5.9946071e-04	8.3248033e-04	-9.8185252e-02
-8.2943349e-02	-8.9731711e-04	5.2545903e-04	-9.9120986e-02
-8.2607922e-02	-1.1936416e-03	2.1988121e-04	-1.0005112e-01
-8.2273532e-02	-1.4884361e-03	-8.4248692e-05	-1.0097566e-01
-8.1940197e-02	-1.7817030e-03	-3.8692666e-04	-1.0189463e-01
-8.1607935e-02	-2.0734449e-03	-6.8814910e-04	-1.0280805e-01
-8.1276760e-02	-2.3636646e-03	-9.8791283e-04	-1.0371592e-01
-8.0946688e-02	-2.6523651e-03	-1.2862151e-03	-1.0461827e-01
-8.0617733e-02	-2.9395500e-03	-1.5830536e-03	-1.0551511e-01
-8.0289910e-02	-3.2252227e-03	-1.8784265e-03	-1.0640646e-01
-7.9963230e-02	-3.5093872e-03	-2.1723322e-03	-1.0729232e-01
-7.9637707e-02	-3.7920475e-03	-2.4647699e-03	-1.0817271e-01
-7.9313350e-02	-4.0732081e-03	-2.7557388e-03	-1.0904766e-01
-7.8990171e-02	-4.3528735e-03	-3.0452387e-03	-1.0991716e-01
-7.8668179e-02	-4.6310486e-03	-3.3332699e-03	-1.1078123e-01
-7.8347384e-02	-4.9077384e-03	-3.6198330e-03	-1.1163989e-01
-7.8027793e-02	-5.1829482e-03	-3.9049290e-03	-1.1249314e-01
-7.7709415e-02	-5.4566835e-03	-4.1885593e-03	-1.1334101e-01
-7.7392255e-02	-5.7289500e-03	-4.4707255e-03	-1.1418349e-01
-7.7076320e-02	-5.9997534e-03	-4.7514299e-03	-1.1502061e-01
-7.6761615e-02	-6.2690998e-03	-5.0306748e-03	-1.1585237e-01
-7.6448145e-02	-6.5369953e-03	-5.3084629e-03	-1.1667879e-01
-7.6135914e-02	-6.8034464e-03	-5.5847973e-03	-1.1749988e-01
-7.5824926e-02	-7.0684595e-03	-5.8596814e-03	-1.1831565e-01
-7.5515182e-02	-7.3320412e-03	-6.1331187e-03	-1.1912610e-01
-7.5206686e-02	-7.5941981e-03	-6.4051130e-03	-1.1993125e-01
-7.4899437e-02	-7.8549371e-03	-6.6756684e-03	-1.2073112e-01
-7.4593439e-02	-8.1142651e-03	-6.9447892e-03	-1.2152570e-01
-7.4288689e-02	-8.3721890e-03	-7.2124798e-03	-1.2231502e-01
-7.3985190e-02	-8.6287158e-03	-7.4787448e-03	-1.2309908e-01
-7.3682939e-02	-8.8838526e-03	-7.7435889e-03	-1.2387789e-01
-7.3381935e-02	-9.1376065e-03	-8.0070170e-03	-1.2465147e-01
-7.3082178e-02	-9.3899845e-03	-8.2690340e-03	-1.2541981e-01
-7.2783663e-02	-9.6409938e-03	-8.5296449e-03	-1.2618295e-01
-7.2486390e-02	-9.8906413e-03	-8.7888547e-03	-1.2694087e-01
-7.2190354e-02	-1.0138934e-02	-9.0466686e-03	-1.2769361e-01
-7.1895553e-02	-1.0385879e-02	-9.3030916e-03	-1.2844115e-01
-7.1601982e-02	-1.0631484e-02	-9.5581288e-03	-1.2918353e-01
-7.1309637e-02	-1.0875755e-02	-9.8117851e-03	-1.2992074e-01
-7.1018514e-02	-1.1118699e-02	-1.0064066e-02	-1.3065281e-01
-7.0728608e-02	-1.1360322e-02	-1.0314975e-02	-1.3137973e-01
-7.0439914e-02	-1.1600632e-02	-1.0564518e-02	-1.3210153e-01
-7.0152426e-02	-1.1839634e-02	-1.0812700e-02	-1.3281821e-01
-6.9866139e-02	-1.2077335e-02	-1.1059524e-02	-1.3352979e-01
-6.9581047e-02	-1.2313742e-02	-1.1304996e-02	-1.3423628e-01
-6.9297144e-02	-1.2548860e-02	-1.1549119e-02	-1.3493769e-01
-6.9014424e-02	-1.2782695e-02	-1.1791897e-02	-1.3563404e-01
-6.8732880e-02	-1.3015253e-02	-1.2033335e-02	-1.3632533e-01
-6.8452506e-02	-1.3246539e-02	-1.2273435e-02	-1.3701158e-01
-6.8173295e-02	-1.3476559e-02	-1.2512201e-02	-1.3769281e-01
-6.7895241e-02	-1.3705318e-02	-1.2749636e-02	-1.3836903e-01
-6.7618336e-02	-1.3932821e-02	-1.2985744e-02	-1.3904026e-01
-6.7342574e-02	-1.4159072e-02	-1.3220526e-02	-1.3970650e-01
-6.7067948e-02	-1.4384077e-02	-1.3453984e-02	-1.4036778e-01
-6.6794451e-02	-1.4607839e-02	-1.3686122e-02	-1.4102411e-01
-6.6522075e-02	-1.4830362e-02	-1.3916941e-02	-1.4167551e-01
-6.6250815e-02	-1.5051651e-02	-1.4146441e-02	-1.4232199e-01
-6.5980662e-02	-1.5271709e-02	-1.4374625e-02	-1.4296356e-01
-6.5711610e-02	-1.5490539e-02	-1.4601494e-02	-1.4360026e-01
-6.5443652e-02	-1.5708145e-02	-1.4827048e-02	-1.4423208e-01
-6.5176781e-02	-1.5924530e-02	-1.5051288e-02	-1.4485906e-01
-6.4910990e-02	-1.6139697e-02	-1.5274213e-02	-1.4548121e-01
-6.4646272e-02	-1.6353648e-02	-1.5495824e-02	-1.4609854e-01
-6.4382621e-02	-1.6566385e-02	-1.5716120e-02	-1.4671108e-01
-6.4120030e-02	-1.6777910e-02	-1.5935102e-02	-1.4731885e-01
-6.3858492e-02	-1.6988227e-02	-1.6152767e-02	-1.4792186e-01
-6.3598001e-02	-1.7197335e-02	-1.6369115e-02	-1.4852014e-01
-6.3338550e-02	-1.7405238e-02	-1.6584145e-02	-1.4911370e-01
-6.3080134e-02	-1.7611936e-02	-1.6797856e-02	-1.4970257e-01
-6.2822746e-02	-1.7817430e-02	-1.7010245e-02	-1.5028676e-01
-6.2566379e-02	-1.8021721e-02	-1.7221311e-02	-1.5086630e-01
-6.2311029e-02	-1.8224811e-02	-1.7431052e-02	-1.5144120e-01
-6.2056689e-02	-1.8426700e-02	-1.7639466e-02	-1.5201149e-01
-6.1803353e-02	-1.8627388e-02	-1.7846551e-02	-1.5257719e-01
-6.1551016e-02	-1.8826877e-02	-1.8052304e-02	-1.5313833e-01
-6.1299671e-02	-1.9025165e-02	-1.8256724e-02	-1.5369491e-01
-6.1049315e-02	-1.9222255e-02	-1.8459808e-02	-1.5424697e-01
-6.0799942e-02	-1.9418144e-02	-1.8661553e-02	-1.5479453e-01
-6.0551545e-02	-1.9612835e-02	-1.8861957e-02	-1.5533760e-01
-6.0304121e-02	-1.9806325e-02	-1.9061017e-02	-1.5587622e-01
-6.0057664e-02	-1.9998617e-02	-1.9258732e-02	-1.5641040e-01
-5.9812170e-02	-2.0189708e-02	-1.9455098e-02	-1.5694016e-01
-5.9567633e-02	-2.0379599e-02	-1.9650114e-02	-1.5746553e-01
-5.9324049e-02	-2.0568290e-02	-1.9843778e-02	-1.5798652e-01
-5.9081414e-02	-2.0755780e-02	-2.0036086e-02	-1.5850317e-01
-5.8839723e-02	-2.0942069e-02	-2.0227038e-02	-1.5901549e-01
-5.8598971e-02	-2.1127157e-02	-2.0416632e-02	-1.5952351e-01
-5.8359154e-02	-2.1311044e-02	-2.0604865e-02	-1.6002724e-01
-5.8120269e-02	-2.1493728e-02	-2.0791737e-02	-1.6052672e-01
-5.7882310e-02	-2.1675211e-02	-2.0977246e-02	-1.6102195e-01
-5.7645275e-02	-2.1855491e-02	-2.1161391e-02	-1.6151296e-01
-5.7409158e-02	-2.2034569e-02	-2.1344172e-02	-1.6199978e-01
-5.7173956e-02	-2.2212445e-02	-2.1525588e-02	-1.6248242e-01
-5.6939665e-02	-2.2389118e-02	-2.1705639e-02	-1.6296090e-01
-5.6706281e-02	-2.2564589e-02	-2.1884325e-02	-1.6343525e-01
-5.6473801e-02	-2.2738858e-02	-2.2061646e-02	-1.6390549e-01
-5.6242220e-02	-2.2911926e-02	-2.2237604e-02	-1.6437163e-01
-5.6011536e-02	-2.3083792e-02	-2.2412199e-02	-1.6483370e-01
-5.5781744e-02	-2.3254458e-02	-2.2585432e-02	-1.6529171e-01
-5.5552842e-02	-2.3423924e-02	-2.2757306e-02	-1.6574569e-01
-5.5324825e-02	-2.3592190e-02	-2.2927822e-02	-1.6619565e-01
-5.5097690e-02	-2.3759259e-02	-2.3096983e-02	-1.6664162e-01
-5.4871433e-02	-2.3925131e-02	-2.3264793e-02	-1.6708360e-01
-5.4646052e-02	-2.4089807e-02	-2.3431253e-02	-1.6752162e-01
-5.4421544e-02	-2.4253288e-02	-2.3596369e-02	-1.6795570e-01
-5.4197904e-02	-2.4415577e-02	-2.3760143e-02	-1.6838585e-01
-5.3975129e-02	-2.4576675e-02	-2.3922581e-02	-1.6881209e-01
-5.3753217e-02	-2.4736584e-02	-2.4083687e-02	-1.6923444e-01
-5.3532165e-02	-2.4895306e-02	-2.4243466e-02	-1.6965291e-01
-5.3311969e-02	-2.5052843e-02	-2.4401924e-02	-1.7006751e-01
-5.3092626e-02	-2.5209198e-02	-2.4559066e-02	-1.7047828e-01
-5.2874134e-02	-2.5364373e-02	-2.4714900e-02	-1.7088521e-01
-5.2656490e-02	-2.5518371e-02	-2.4869431e-02	-1.7128832e-01
-5.2439690e-02	-2.5671195e-02	-2.5022667e-02	-1.7168764e-01
-5.2223733e-02	-2.5822847e-02	-2.5174615e-02	-1.7208317e-01
-5.2008614e-02	-2.5973332e-02	-2.5325283e-02	-1.7247492e-01
-5.1794333e-02	-2.6122652e-02	-2.5474678e-02	-1.7286292e-01
-5.1580887e-02	-2.6270810e-02	-2.5622809e-02	-1.7324716e-01
-5.1368272e-02	-2.6417811e-02	-2.5769684e-02	-1.7362768e-01
-5.1156487e-02	-2.6563658e-02	-2.5915312e-02	-1.7400447e-01
-5.0945530e-02	-2.6708355e-02	-2.6059703e-02	-1.7437756e-01
-5.0735398e-02	-2.6851906e-02	-2.6202865e-02	-1.7474694e-01
-5.0526090e-02	-2.6994315e-02	-2.6344808e-02	-1.7511265e-01
-5.0317604e-02	-2.7135586e-02	-2.6485541e-02	-1.7547468e-01
-5.0109938e-02	-2.7275724e-02	-2.6625075e-02	-1.7583305e-01
-4.9903090e-02	-2.7414732e-02	-2.6763419e-02	-1.7618776e-01
-4.9697060e-02	-2.7552616e-02	-2.6900583e-02	-1.7653884e-01
-4.9491845e-02	-2.7689380e-02	-2.7036578e-02	-1.7688629e-01
-4.9287445e-02	-2.7825028e-02	-2.7171414e-02	-1.7723013e-01
-4.9083859e-02	-2.7959565e-02	-2.7305102e-02	-1.7757035e-01
-4.8881086e-02	-2.8092996e-02	-2.7437651e-02	-1.7790698e-01
-4.8679125e-02	-2.8225325e-02	-2.7569072e-02	-1.7824002e-01
-4.8477977e-02	-2.8356557e-02	-2.7699375e-02	-1.7856949e-01
-4.8277640e-02	-2.8486697e-02	-2.7828571e-02	-1.7889539e-01
-4.8078114e-02	-2.8615750e-02	-2.7956670e-02	-1.7921774e-01
-4.7879401e-02	-2.8743720e-02	-2.8083683e-02	-1.7953654e-01
-4.7681499e-02	-2.8870612e-02	-2.8209618e-02	-1.7985180e-01
-4.7484410e-02	-2.8996431e-02	-2.8334487e-02	-1.8016354e-01
-4.7288135e-02	-2.9121182e-02	-2.8458299e-02	-1.8047177e-01
-4.7092674e-02	-2.9244868e-02	-2.8581064e-02	-1.8077649e-01
-4.6898029e-02	-2.9367495e-02	-2.8702791e-02	-1.8107772e-01
-4.6704200e-02	-2.9489067e-02	-2.8823490e-02	-1.8137547e-01
-4.6511190e-02	-2.9609589e-02	-2.8943169e-02	-1.8166974e-01
-4.6319001e-02	-2.9729065e-02	-2.9061838e-02	-1.8196055e-01
-4.6127633e-02	-2.9847499e-02	-2.9179504e-02	-1.8224791e-01
-4.5937091e-02	-2.9964896e-02	-2.9296176e-02	-1.8253183e-01
-4.5747375e-02	-3.0081259e-02	-2.9411863e-02	-1.8281232e-01
-4.5558490e-02	-3.0196592e-02	-2.9526571e-02	-1.8308939e-01
-4.5370437e-02	-3.0310901e-02	-2.9640308e-02	-1.8336306e-01
-4.5183220e-02	-3.0424187e-02	-2.9753082e-02	-1.8363333e-01
-4.4996842e-02	-3.0536456e-02	-2.9864898e-02	-1.8390022e-01
-4.4811306e-02	-3.0647710e-02	-2.9975763e-02	-1.8416374e-01
-4.4626617e-02	-3.0757953e-02	-3.0085682e-02	-1.8442390e-01
-4.4442779e-02	-3.0867189e-02	-3.0194663e-02	-1.8468071e-01
-4.4259794e-02	-3.0975420e-02	-3.0302709e-02	-1.8493419e-01
-4.4077668e-02	-3.1082650e-02	-3.0409825e-02	-1.8518435e-01
-4.3896405e-02	-3.1188882e-02	-3.0516017e-02	-1.8543121e-01
-4.3716010e-02	-3.1294118e-02	-3.0621287e-02	-1.8567476e-01
-4.3536487e-02	-3.1398361e-02	-3.0725640e-02	-1.8591504e-01
-4.3357841e-02	-3.1501614e-02	-3.0829080e-02	-1.8615205e-01
-4.3180078e-02	-3.1603880e-02	-3.0931608e-02	-1.8638581e-01
-4.3003201e-02	-3.1705160e-02	-3.1033227e-02	-1.8661634e-01
-4.2827217e-02	-3.1805458e-02	-3.1133940e-02	-1.8684363e-01
-4.2652131e-02	-3.1904774e-02	-3.1233749e-02	-1.8706772e-01
-4.2477948e-02	-3.2003112e-02	-3.1332655e-02	-1.8728862e-01
-4.2304673e-02	-3.2100472e-02	-3.1430659e-02	-1.8750633e-01
-4.2132313e-02	-3.2196858e-02	-3.1527761e-02	-1.8772088e-01
-4.1960872e-02	-3.2292270e-02	-3.1623963e-02	-1.8793229e-01
-4.1790356e-02	-3.2386711e-02	-3.1719265e-02	-1.8814056e-01
-4.1620770e-02	-3.2480181e-02	-3.1813666e-02	-1.8834571e-01
-4.1452121e-02	-3.2572684e-02	-3.1907166e-02	-1.8854777e-01
-4.1284413e-02	-3.2664219e-02	-3.1999765e-02	-1.8874673e-01
-4.1117652e-02	-3.2754789e-02	-3.2091461e-02	-1.8894263e-01
-4.0951843e-02	-3.2844394e-02	-3.2182253e-02	-1.8913548e-01
-4.0786992e-02	-3.2933037e-02	-3.2272141e-02	-1.8932529e-01
-4.0623103e-02	-3.3020718e-02	-3.2361121e-02	-1.8951209e-01
-4.0460183e-02	-3.3107439e-02	-3.2449194e-02	-1.8969588e-01
-4.0298235e-02	-3.3193201e-02	-3.2536356e-02	-1.8987668e-01
-4.0137264e-02	-3.3278006e-02	-3.2622606e-02	-1.9005451e-01
-3.9977276e-02	-3.3361854e-02	-3.2707942e-02	-1.9022939e-01
-3.9818273e-02	-3.3444748e-02	-3.2792361e-02	-1.9040134e-01
-3.9660262e-02	-3.3526688e-02	-3.2875862e-02	-1.9057036e-01
-3.9503245e-02	-3.3607676e-02	-3.2958442e-02	-1.9073649e-01
-3.9347226e-02	-3.3687713e-02	-3.3040098e-02	-1.9089972e-01
-3.9192208e-02	-3.3766801e-02	-3.3120828e-02	-1.9106009e-01
-3.9038196e-02	-3.3844942e-02	-3.3200630e-02	-1.9121760e-01
-3.8885191e-02	-3.3922137e-02	-3.3279502e-02	-1.9137227e-01
-3.8733197e-02	-3.3998388e-02	-3.3357441e-02	-1.9152413e-01
-3.8582215e-02	-3.4073697e-02	-3.3434445e-02	-1.9167317e-01
-3.8432248e-02	-3.4148066e-02	-3.3510512e-02	-1.9181943e-01
-3.8283297e-02	-3.4221497e-02	-3.3585640e-02	-1.9196292e-01
-3.8135363e-02	-3.4293992e-02	-3.3659827e-02	-1.9210364e-01
-3.7988448e-02	-3.4365554e-02	-3.3733072e-02	-1.9224163e-01
-3.7842551e-02	-3.4436185e-02	-3.3805372e-02	-1.9237689e-01
-3.7697673e-02	-3.4505887e-02	-3.3876728e-02	-1.9250943e-01
-3.7553814e-02	-3.4574664e-02	-3.3947137e-02	-1.9263928e-01
-3.7410973e-02	-3.4642519e-02	-3.4016599e-02	-1.9276644e-01
-3.7269148e-02	-3.4709454e-02	-3.4085112e-02	-1.9289094e-01
-3.7128338e-02	-3.4775474e-02	-3.4152678e-02	-1.9301278e-01
-3.6988541e-02	-3.4840581e-02	-3.4219295e-02	-1.9313198e-01
-3.6849756e-02	-3.4904778e-02	-3.4284963e-02	-1.9324855e-01
-3.6711978e-02	-3.4968071e-02	-3.4349683e-02	-1.9336250e-01
-3.6575204e-02	-3.5030463e-02	-3.4413456e-02	-1.9347386e-01
-3.6439432e-02	-3.5091958e-02	-3.4476283e-02	-1.9358262e-01
-3.6304656e-02	-3.5152560e-02	-3.4538164e-02	-1.9368881e-01
-3.6170872e-02	-3.5212274e-02	-3.4599102e-02	-1.9379243e-01
-3.6038075e-02	-3.5271105e-02	-3.4659099e-02	-1.9389350e-01
-3.5906259e-02	-3.5329058e-02	-3.4718156e-02	-1.9399203e-01
-3.5775419e-02	-3.5386138e-02	-3.4776276e-02	-1.9408803e-01
-3.5645548e-02	-3.5442350e-02	-3.4833462e-02	-1.9418151e-01
-3.5516639e-02	-3.5497699e-02	-3.4889717e-02	-1.9427248e-01
-3.5388686e-02	-3.5552192e-02	-3.4945044e-02	-1.9436095e-01
-3.5261679e-02	-3.5605834e-02	-3.4999449e-02	-1.9444693e-01
-3.5135612e-02	-3.5658632e-02	-3.5052933e-02	-1.9453043e-01
-3.5010476e-02	-3.5710590e-02	-3.5105503e-02	-1.9461146e-01
-3.4886262e-02	-3.5761716e-02	-3.5157162e-02	-1.9469004e-01
-3.4762961e-02	-3.5812016e-02	-3.5207916e-02	-1.9476616e-01
-3.4640563e-02	-3.5861497e-02	-3.5257770e-02	-1.9483984e-01
-3.4519058e-02	-3.5910165e-02	-3.5306729e-02	-1.9491108e-01
-3.4398436e-02	-3.5958028e-02	-3.5354799e-02	-1.9497990e-01
-3.4278686e-02	-3.6005092e-02	-3.5401987e-02	-1.9504630e-01
-3.4159798e-02	-3.6051364e-02	-3.5448298e-02	-1.9511029e-01
-3.4041760e-02	-3.6096852e-02	-3.5493739e-02	-1.9517187e-01
-3.3924561e-02	-3.6141562e-02	-3.5538317e-02	-1.9523107e-01
-3.3808189e-02	-3.6185503e-02	-3.5582039e-02	-1.9528787e-01
-3.3692632e-02	-3.6228682e-02	-3.5624911e-02	-1.9534230e-01
-3.3577878e-02	-3.6271106e-02	-3.5666941e-02	-1.9539435e-01
-3.3463913e-02	-3.6312783e-02	-3.5708137e-02	-1.9544404e-01
-3.3350727e-02	-3.6353721e-02	-3.5748506e-02	-1.9549136e-01
-3.3238306e-02	-3.6393926e-02	-3.5788056e-02	-1.9553634e-01
-3.3126636e-02	-3.6433407e-02	-3.5826794e-02	-1.9557897e-01
-3.3015705e-02	-3.6472172e-02	-3.5864728e-02	-1.9561926e-01
-3.2905500e-02	-3.6510228e-02	-3.5901866e-02	-1.9565722e-01
-3.2796007e-02	-3.6547583e-02	-3.5938217e-02	-1.9569286e-01
-3.2687213e-02	-3.6584244e-02	-3.5973787e-02	-1.9572617e-01
-3.2579105e-02	-3.6620219e-02	-3.6008585e-02	-1.9575718e-01
-3.2471669e-02	-3.6655516e-02	-3.6042620e-02	-1.9578588e-01
-3.2364891e-02	-3.6690141e-02	-3.6075898e-02	-1.9581229e-01
-3.2258758e-02	-3.6724104e-02	-3.6108428e-02	-1.9583640e-01
-3.2153257e-02	-3.6757410e-02	-3.6140218e-02	-1.9585823e-01
-3.2048374e-02	-3.6790068e-02	-3.6171275e-02	-1.9587779e-01
-3.1944096e-02	-3.6822083e-02	-3.6201608e-02	-1.9589507e-01
-3.1840409e-02	-3.6853465e-02	-3.6231223e-02	-1.9591010e-01
-3.1737301e-02	-3.6884218e-02	-3.6260128e-02	-1.9592287e-01
-3.1634758e-02	-3.6914351e-02	-3.6288331e-02	-1.9593339e-01
-3.1532768e-02	-3.6943870e-02	-3.6315839e-02	-1.9594168e-01
-3.1431317e-02	-3.6972781e-02	-3.6342658e-02	-1.9594774e-01
-3.1330393e-02	-3.7001091e-02	-3.6368796e-02	-1.9595158e-01
-3.1229983e-02	-3.7028806e-02	-3.6394260e-02	-1.9595320e-01
-3.1130076e-02	-3.7055933e-02	-3.6419055e-02	-1.9595262e-01
-3.1030659e-02	-3.7082477e-02	-3.6443189e-02	-1.9594984e-01
-3.0931721e-02	-3.7108443e-02	-3.6466667e-02	-1.9594488e-01
-3.0833249e-02	-3.7133839e-02	-3.6489495e-02	-1.9593775e-01
-3.0735233e-02	-3.7158668e-02	-3.6511679e-02	-1.9592844e-01
-3.0637661e-02	-3.7182936e-02	-3.6533224e-02	-1.9591698e-01
-3.0540523e-02	-3.7206649e-02	-3.6554136e-02	-1.9590338e-01
-3.0443808e-02	-3.7229811e-02	-3.6574420e-02	-1.9588764e-01
-3.0347506e-02	-3.7252426e-02	-3.6594080e-02	-1.9586977e-01
-3.0251607e-02	-3.7274500e-02	-3.6613121e-02	-1.9584979e-01
-3.0156101e-02	-3.7296037e-02	-3.6631547e-02	-1.9582770e-01
-3.0060979e-02	-3.7317040e-02	-3.6649363e-02	-1.9580352e-01
-2.9966232e-02	-3.7337513e-02	-3.6666572e-02	-1.9577727e-01
-2.9871852e-02	-3.7357461e-02	-3.6683178e-02	-1.9574894e-01
-2.9777829e-02	-3.7376887e-02	-3.6699184e-02	-1.9571856e-01
-2.9684156e-02	-3.7395794e-02	-3.6714594e-02	-1.9568613e-01
-2.9590826e-02	-3.7414186e-02	-3.6729411e-02	-1.9565168e-01
-2.9497831e-02	-3.7432064e-02	-3.6743637e-02	-1.9561520e-01
-2.9405163e-02	-3.7449433e-02	-3.6757275e-02	-1.9557672e-01
-2.9312817e-02	-3.7466295e-02	-3.6770328e-02	-1.9553625e-01
-2.9220785e-02	-3.7482652e-02	-3.6782798e-02	-1.9549380e-01
-2.9129063e-02	-3.7498507e-02	-3.6794687e-02	-1.9544938e-01
-2.9037643e-02	-3.7513861e-02	-3.6805997e-02	-1.9540301e-01
-2.8946522e-02	-3.7528718e-02	-3.6816731e-02	-1.9535470e-01
-2.8855693e-02	-3.7543078e-02	-3.6826889e-02	-1.9530447e-01
-2.8765152e-02	-3.7556944e-02	-3.6836473e-02	-1.9525233e-01
-2.8674895e-02	-3.7570317e-02	-3.6845486e-02	-1.9519830e-01
-2.8584918e-02	-3.7583199e-02	-3.6853928e-02	-1.9514238e-01
-2.8495217e-02	-3.7595591e-02	-3.6861801e-02	-1.9508459e-01
-2.8405787e-02	-3.7607495e-02	-3.6869106e-02	-1.9502495e-01
-2.8316628e-02	-3.7618912e-02	-3.6875845e-02	-1.9496348e-01
-2.8227734e-02	-3.7629842e-02	-3.6882018e-02	-1.9490017e-01
-2.8139105e-02	-3.7640287e-02	-3.6887628e-02	-1.9483506e-01
-2.8050736e-02	-3.7650249e-02	-3.6892676e-02	-1.9476816e-01
-2.7962628e-02	-3.7659727e-02	-3.6897162e-02	-1.9469947e-01
-2.7874776e-02	-3.7668724e-02	-3.6901089e-02	-1.9462902e-01
-2.7787181e-02	-3.7677239e-02	-3.6904457e-02	-1.9455682e-01
-2.7699841e-02	-3.7685274e-02	-3.6907269e-02	-1.9448288e-01
-2.7612754e-02	-3.7692829e-02	-3.6909526e-02	-1.9440721e-01
-2.7525920e-02	-3.7699905e-02	-3.6911229e-02	-1.9432984e-01
-2.7439338e-02	-3.7706504e-02	-3.6912381e-02	-1.9425077e-01
-2.7353008e-02	-3.7712625e-02	-3.6912983e-02	-1.9417002e-01
-2.7266929e-02	-3.7718271e-02	-3.6913037e-02	-1.9408760e-01
-2.7181101e-02	-3.7723440e-02	-3.6912547e-02	-1.9400353e-01
-2.7095525e-02	-3.7728135e-02	-3.6911513e-02	-1.9391782e-01
-2.7010201e-02	-3.7732357e-02	-3.6909939e-02	-1.9383048e-01
-2.6925129e-02	-3.7736105e-02	-3.6907828e-02	-1.9374152e-01
-2.6840310e-02	-3.7739382e-02	-3.6905182e-02	-1.9365097e-01
-2.6755744e-02	-3.7742189e-02	-3.6902005e-02	-1.9355882e-01
-2.6671433e-02	-3.7744525e-02	-3.6898300e-02	-1.9346510e-01
-2.6587376e-02	-3.7746393e-02	-3.6894070e-02	-1.9336982e-01
-2.6503577e-02	-3.7747794e-02	-3.6889320e-02	-1.9327298e-01
-2.6420034e-02	-3.7748729e-02	-3.6884053e-02	-1.9317461e-01
-2.6336751e-02	-3.7749200e-02	-3.6878274e-02	-1.9307470e-01
-2.6253728e-02	-3.7749207e-02	-3.6871987e-02	-1.9297328e-01
-2.6170967e-02	-3.7748753e-02	-3.6865197e-02	-1.9287035e-01
-2.6088469e-02	-3.7747839e-02	-3.6857909e-02	-1.9276592e-01
-2.6006237e-02	-3.7746466e-02	-3.6850129e-02	-1.9266001e-01
-2.5924270e-02	-3.7744638e-02	-3.6841860e-02	-1.9255263e-01
-2.5842573e-02	-3.7742355e-02	-3.6833111e-02	-1.9244378e-01
-2.5761145e-02	-3.7739619e-02	-3.6823885e-02	-1.9233347e-01
-2.5679990e-02	-3.7736433e-02	-3.6814190e-02	-1.9222172e-01
-2.5599109e-02	-3.7732798e-02	-3.6804031e-02	-1.9210853e-01
-2.5518504e-02	-3.7728718e-02	-3.6793415e-02	-1.9199391e-01
-2.5438177e-02	-3.7724194e-02	-3.6782350e-02	-1.9187787e-01
-2.5358130e-02	-3.7719228e-02	-3.6770841e-02	-1.9176042e-01
-2.5278365e-02	-3.7713824e-02	-3.6758897e-02	-1.9164157e-01
-2.5198884e-02	-3.7707983e-02	-3.6746524e-02	-1.9152132e-01
-2.5119690e-02	-3.7701709e-02	-3.6733730e-02	-1.9139969e-01
-2.5040784e-02	-3.7695004e-02	-3.6720522e-02	-1.9127667e-01
-2.4962170e-02	-3.7687871e-02	-3.6706908e-02	-1.9115229e-01
-2.4883848e-02	-3.7680313e-02	-3.6692897e-02	-1.9102654e-01
-2.4805821e-02	-3.7672332e-02	-3.6678496e-02	-1.9089942e-01
-2.4728092e-02	-3.7663932e-02	-3.6663714e-02	-1.9077096e-01
-2.4650662e-02	-3.7655116e-02	-3.6648558e-02	-1.9064115e-01
-2.4573535e-02	-3.7645887e-02	-3.6633036e-02	-1.9051001e-01
-2.4496712e-02	-3.7636247e-02	-3.6617158e-02	-1.9037753e-01
-2.4420196e-02	-3.7626201e-02	-3.6600932e-02	-1.9024372e-01
-2.4343989e-02	-3.7615750e-02	-3.6584365e-02	-1.9010859e-01
-2.4268093e-02	-3.7604899e-02	-3.6567467e-02	-1.8997215e-01
-2.4192511e-02	-3.7593650e-02	-3.6550245e-02	-1.8983440e-01
-2.4117245e-02	-3.7582006e-02	-3.6532708e-02	-1.8969534e-01
-2.4042299e-02	-3.7569972e-02	-3.6514865e-02	-1.8955499e-01
-2.3967673e-02	-3.7557549e-02	-3.6496723e-02	-1.8941335e-01
-2.3893371e-02	-3.7544741e-02	-3.6478291e-02	-1.8927041e-01
-2.3819395e-02	-3.7531552e-02	-3.6459576e-02	-1.8912620e-01
-2.3745748e-02	-3.7517984e-02	-3.6440587e-02	-1.8898071e-01
-2.3672432e-02	-3.7504040e-02	-3.6421332e-02	-1.8883396e-01
-2.3599450e-02	-3.7489723e-02	-3.6401818e-02	-1.8868593e-01
-2.3526805e-02	-3.7475036e-02	-3.6382052e-02	-1.8853665e-01
-2.3454498e-02	-3.7459983e-02	-3.6362042e-02	-1.8838612e-01
-2.3382534e-02	-3.7444566e-02	-3.6341795e-02	-1.8823434e-01
-2.3310913e-02	-3.7428787e-02	-3.6321318e-02	-1.8808132e-01
-2.3239640e-02	-3.7412650e-02	-3.6300618e-02	-1.8792706e-01
-2.3168716e-02	-3.7396157e-02	-3.6279700e-02	-1.8777157e-01
-2.3098145e-02	-3.7379310e-02	-3.6258572e-02	-1.8761486e-01
-2.3027930e-02	-3.7362112e-02	-3.6237239e-02	-1.8745693e-01
-2.2958072e-02	-3.7344566e-02	-3.6215706e-02	-1.8729779e-01
-2.2888575e-02	-3.7326674e-02	-3.6193979e-02	-1.8713744e-01
-2.2819441e-02	-3.7308437e-02	-3.6172064e-02	-1.8697590e-01
-2.2750674e-02	-3.7289858e-02	-3.6149964e-02	-1.8681316e-01
-2.2682276e-02	-3.7270939e-02	-3.6127685e-02	-1.8664924e-01
-2.2614250e-02	-3.7251681e-02	-3.6105231e-02	-1.8648414e-01
-2.2546598e-02	-3.7232087e-02	-3.6082604e-02	-1.8631787e-01
-2.2479324e-02	-3.7212158e-02	-3.6059810e-02	-1.8615044e-01
-2.2412430e-02	-3.7191896e-02	-3.6036850e-02	-1.8598185e-01
-2.2345918e-02	-3.7171301e-02	-3.6013729e-02	-1.8581211e-01
-2.2279793e-02	-3.7150376e-02	-3.5990448e-02	-1.8564123e-01
-2.2214056e-02	-3.7129121e-02	-3.5967009e-02	-1.8546922e-01
-2.2148709e-02	-3.7107537e-02	-3.5943415e-02	-1.8529609e-01
-2.2083756e-02	-3.7085626e-02	-3.5919667e-02	-1.8512184e-01
-2.2019200e-02	-3.7063388e-02	-3.5895767e-02	-1.8494648e-01
-2.1955041e-02	-3.7040825e-02	-3.5871714e-02	-1.8477002e-01
-2.1891284e-02	-3.7017936e-02	-3.5847511e-02	-1.8459248e-01
-2.1827930e-02	-3.6994723e-02	-3.5823156e-02	-1.8441385e-01
-2.1764982e-02	-3.6971185e-02	-3.5798650e-02	-1.8423415e-01
-2.1702442e-02	-3.6947324e-02	-3.5773993e-02	-1.8405339e-01
-2.1640312e-02	-3.6923139e-02	-3.5749184e-02	-1.8387158e-01
-2.1578594e-02	-3.6898631e-02	-3.5724223e-02	-1.8368873e-01
-2.1517289e-02	-3.6873800e-02	-3.5699107e-02	-1.8350484e-01
-2.1456401e-02	-3.6848646e-02	-3.5673836e-02	-1.8331992e-01
-2.1395929e-02	-3.6823170e-02	-3.5648409e-02	-1.8313400e-01
-2.1335876e-02	-3.6797370e-02	-3.5622822e-02	-1.8294707e-01
-2.1276244e-02	-3.6771247e-02	-3.5597075e-02	-1.8275915e-01
-2.1217033e-02	-3.6744802e-02	-3.5571164e-02	-1.8257024e-01
-2.1158244e-02	-3.6718033e-02	-3.5545088e-02	-1.8238036e-01
-2.1099879e-02	-3.6690941e-02	-3.5518844e-02	-1.8218952e-01
-2.1041937e-02	-3.6663525e-02	-3.5492429e-02	-1.8199773e-01
-2.0984420e-02	-3.6635786e-02	-3.5465840e-02	-1.8180499e-01
-2.0927328e-02	-3.6607723e-02	-3.5439074e-02	-1.8161132e-01
-2.0870661e-02	-3.6579335e-02	-3.5412128e-02	-1.8141674e-01
-2.0814418e-02	-3.6550624e-02	-3.5384999e-02	-1.8122124e-01
-2.0758600e-02	-3.6521588e-02	-3.5357683e-02	-1.8102484e-01
-2.0703205e-02	-3.6492228e-02	-3.5330177e-02	-1.8082755e-01
-2.0648233e-02	-3.6462543e-02	-3.5302478e-02	-1.8062938e-01
-2.0593683e-02	-3.6432534e-02	-3.5274583e-02	-1.8043035e-01
-2.0539554e-02	-3.6402200e-02	-3.5246487e-02	-1.8023045e-01
-2.0485844e-02	-3.6371542e-02	-3.5218188e-02	-1.8002971e-01
-2.0432550e-02	-3.6340559e-02	-3.5189682e-02	-1.7982812e-01
-2.0379672e-02	-3.6309252e-02	-3.5160966e-02	-1.7962571e-01
-2.0327206e-02	-3.6277622e-02	-3.5132036e-02	-1.7942248e-01
-2.0275150e-02	-3.6245668e-02	-3.5102890e-02	-1.7921844e-01
-2.0223501e-02	-3.6213391e-02	-3.5073524e-02	-1.7901360e-01
-2.0172256e-02	-3.6180792e-02	-3.5043936e-02	-1.7880797e-01
-2.0121411e-02	-3.6147871e-02	-3.5014122e-02	-1.7860155e-01
-2.0070962e-02	-3.6114630e-02	-3.4984080e-02	-1.7839437e-01
-2.0020906e-02	-3.6081068e-02	-3.4953807e-02	-1.7818642e-01
-1.9971237e-02	-3.6047188e-02	-3.4923301e-02	-1.7797771e-01
-1.9921951e-02	-3.6012990e-02	-3.4892559e-02	-1.7776826e-01
-1.9873044e-02	-3.5978476e-02	-3.4861580e-02	-1.7755807e-01
-1.9824509e-02	-3.5943647e-02	-3.4830362e-02	-1.7734714e-01
-1.9776342e-02	-3.5908504e-02	-3.4798903e-02	-1.7713550e-01
-1.9728536e-02	-3.5873050e-02	-3.4767201e-02	-1.7692314e-01
-1.9681085e-02	-3.5837286e-02	-3.4735256e-02	-1.7671007e-01
-1.9633983e-02	-3.5801215e-02	-3.4703066e-02	-1.7649630e-01
-1.9587223e-02	-3.5764838e-02	-3.4670631e-02	-1.7628183e-01
-1.9540799e-02	-3.5728157e-02	-3.4637950e-02	-1.7606668e-01
-1.9494702e-02	-3.5691176e-02	-3.4605022e-02	-1.7585084e-01
-1.9448926e-02	-3.5653896e-02	-3.4571848e-02	-1.7563433e-01
-1.9403462e-02	-3.5616321e-02	-3.4538428e-02	-1.7541715e-01
-1.9358304e-02	-3.5578453e-02	-3.4504762e-02	-1.7519931e-01
-1.9313442e-02	-3.5540295e-02	-3.4470851e-02	-1.7498081e-01
-1.9268868e-02	-3.5501850e-02	-3.4436696e-02	-1.7476165e-01
-1.9224573e-02	-3.5463123e-02	-3.4402298e-02	-1.7454185e-01
-1.9180549e-02	-3.5424115e-02	-3.4367658e-02	-1.7432140e-01
-1.9136787e-02	-3.5384831e-02	-3.4332777e-02	-1.7410031e-01
-1.9093278e-02	-3.5345274e-02	-3.4297659e-02	-1.7387858e-01
-1.9050011e-02	-3.5305449e-02	-3.4262304e-02	-1.7365623e-01
-1.9006978e-02	-3.5265358e-02	-3.4226715e-02	-1.7343324e-01
-1.8964170e-02	-3.5225006e-02	-3.4190894e-02	-1.7320964e-01
-1.8921575e-02	-3.5184397e-02	-3.4154845e-02	-1.7298541e-01
-1.8879185e-02	-3.5143535e-02	-3.4118569e-02	-1.7276057e-01
-1.8836989e-02	-3.5102425e-02	-3.4082070e-02	-1.7253511e-01
-1.8794978e-02	-3.5061070e-02	-3.4045351e-02	-1.7230904e-01
-1.8753140e-02	-3.5019476e-02	-3.4008416e-02	-1.7208236e-01
-1.8711467e-02	-3.4977647e-02	-3.3971268e-02	-1.7185508e-01
-1.8669948e-02	-3.4935587e-02	-3.3933910e-02	-1.7162719e-01
-1.8628573e-02	-3.4893301e-02	-3.3896346e-02	-1.7139871e-01
-1.8587332e-02	-3.4850793e-02	-3.3858581e-02	-1.7116963e-01
-1.8546213e-02	-3.4808069e-02	-3.3820618e-02	-1.7093995e-01
-1.8505209e-02	-3.4765133e-02	-3.3782461e-02	-1.7070967e-01
-1.8464307e-02	-3.4721990e-02	-3.3744114e-02	-1.7047881e-01
-1.8423498e-02	-3.4678644e-02	-3.3705582e-02	-1.7024735e-01
-1.8382773e-02	-3.4635100e-02	-3.3666868e-02	-1.7001531e-01
-1.8342122e-02	-3.4591364e-02	-3.3627978e-02	-1.6978269e-01
-1.8301534e-02	-3.4547439e-02	-3.3588914e-02	-1.6954948e-01
-1.8261000e-02	-3.4503331e-02	-3.3549682e-02	-1.6931569e-01
-1.8220511e-02	-3.4459044e-02	-3.3510286e-02	-1.6908132e-01
-1.8180058e-02	-3.4414583e-02	-3.3470730e-02	-1.6884638e-01
-1.8139631e-02	-3.4369952e-02	-3.3431018e-02	-1.6861086e-01
-1.8099222e-02	-3.4325156e-02	-3.3391155e-02	-1.6837477e-01
-1.8058821e-02	-3.4280200e-02	-3.3351144e-02	-1.6813811e-01
-1.8018421e-02	-3.4235087e-02	-3.3310990e-02	-1.6790088e-01
-1.7978014e-02	-3.4189823e-02	-3.3270696e-02	-1.6766308e-01
-1.7937591e-02	-3.4144411e-02	-3.3230266e-02	-1.6742473e-01
-1.7897144e-02	-3.4098855e-02	-3.3189704e-02	-1.6718581e-01
-1.7856667e-02	-3.4053161e-02	-3.3149014e-02	-1.6694633e-01
-1.7816151e-02	-3.4007330e-02	-3.3108200e-02	-1.6670631e-01
-1.7775591e-02	-3.3961369e-02	-3.3067263e-02	-1.6646573e-01
-1.7734980e-02	-3.3915279e-02	-3.3026209e-02	-1.6622460e-01
-1.7694311e-02	-3.3869065e-02	-3.2985039e-02	-1.6598293e-01
-1.7653579e-02	-3.3822731e-02	-3.2943757e-02	-1.6574072e-01
-1.7612779e-02	-3.3776279e-02	-3.2902365e-02	-1.6549797e-01
-1.7571904e-02	-3.3729713e-02	-3.2860866e-02	-1.6525468e-01
-1.7530950e-02	-3.3683036e-02	-3.2819263e-02	-1.6501087e-01
-1.7489913e-02	-3.3636251e-02	-3.2777557e-02	-1.6476653e-01
-1.7448788e-02	-3.3589361e-02	-3.2735751e-02	-1.6452167e-01
-1.7407572e-02	-3.3542369e-02	-3.2693846e-02	-1.6427630e-01
-1.7366262e-02	-3.3495276e-02	-3.2651844e-02	-1.6403041e-01
-1.7324854e-02	-3.3448086e-02	-3.2609747e-02	-1.6378402e-01
-1.7283345e-02	-3.3400800e-02	-3.2567556e-02	-1.6353712e-01
-1.7241734e-02	-3.3353421e-02	-3.2525271e-02	-1.6328973e-01
-1.7200018e-02	-3.3305951e-02	-3.2482895e-02	-1.6304184e-01
-1.7158197e-02	-3.3258392e-02	-3.2440426e-02	-1.6279347e-01
-1.7116268e-02	-3.3210745e-02	-3.2397867e-02	-1.6254462e-01
-1.7074231e-02	-3.3163012e-02	-3.2355218e-02	-1.6229530e-01
-1.7032086e-02	-3.3115194e-02	-3.2312478e-02	-1.6204551e-01
-1.6989832e-02	-3.3067293e-02	-3.2269648e-02	-1.6179526e-01
-1.6947470e-02	-3.3019309e-02	-3.2226727e-02	-1.6154455e-01
-1.6905001e-02	-3.2971245e-02	-3.2183716e-02	-1.6129339e-01
-1.6862425e-02	-3.2923100e-02	-3.2140613e-02	-1.6104180e-01
-1.6819744e-02	-3.2874875e-02	-3.2097419e-02	-1.6078976e-01
-1.6776960e-02	-3.2826572e-02	-3.2054132e-02	-1.6053730e-01
-1.6734075e-02	-3.2778191e-02	-3.2010753e-02	-1.6028442e-01
-1.6691091e-02	-3.2729732e-02	-3.1967279e-02	-1.6003112e-01
-1.6648010e-02	-3.2681195e-02	-3.1923710e-02	-1.5977741e-01
-1.6604836e-02	-3.2632582e-02	-3.1880044e-02	-1.5952331e-01
-1.6561573e-02	-3.2583891e-02	-3.1836282e-02	-1.5926881e-01
-1.6518222e-02	-3.2535124e-02	-3.1792421e-02	-1.5901393e-01
-1.6474790e-02	-3.2486280e-02	-3.1748459e-02	-1.5875867e-01
-1.6431278e-02	-3.2437360e-02	-3.1704397e-02	-1.5850304e-01
-1.6387693e-02	-3.2388363e-02	-3.1660232e-02	-1.5824705e-01
-1.6344038e-02	-3.2339289e-02	-3.1615963e-02	-1.5799070e-01
-1.6300319e-02	-3.2290138e-02	-3.1571588e-02	-1.5773400e-01
-1.6256540e-02	-3.2240909e-02	-3.1527106e-02	-1.5747697e-01
-1.6212707e-02	-3.2191603e-02	-3.1482516e-02	-1.5721960e-01
-1.6168825e-02	-3.2142220e-02	-3.1437817e-02	-1.5696190e-01
-1.6124900e-02	-3.2092758e-02	-3.1393006e-02	-1.5670389e-01
-1.6080937e-02	-3.2043218e-02	-3.1348083e-02	-1.5644556e-01
-1.6036943e-02	-3.1993599e-02	-3.1303047e-02	-1.5618694e-01
-1.5992924e-02	-3.1943901e-02	-3.1257896e-02	-1.5592801e-01
-1.5948886e-02	-3.1894123e-02	-3.1212629e-02	-1.5566880e-01
-1.5904835e-02	-3.1844266e-02	-3.1167246e-02	-1.5540930e-01
-1.5860778e-02	-3.1794329e-02	-3.1121745e-02	-1.5514953e-01
-1.5816721e-02	-3.1744312e-02	-3.1076125e-02	-1.5488949e-01
-1.5772671e-02	-3.1694215e-02	-3.1030387e-02	-1.5462918e-01
-1.5728635e-02	-3.1644037e-02	-3.0984529e-02	-1.5436862e-01
-1.5684619e-02	-3.1593778e-02	-3.0938551e-02	-1.5410781e-01
-1.5640631e-02	-3.1543438e-02	-3.0892452e-02	-1.5384676e-01
-1.5596676e-02	-3.1493017e-02	-3.0846234e-02	-1.5358547e-01
-1.5552763e-02	-3.1442516e-02	-3.0799895e-02	-1.5332395e-01
-1.5508897e-02	-3.1391933e-02	-3.0753436e-02	-1.5306220e-01
-1.5465086e-02	-3.1341270e-02	-3.0706857e-02	-1.5280023e-01
-1.5421336e-02	-3.1290526e-02	-3.0660159e-02	-1.5253805e-01
-1.5377655e-02	-3.1239701e-02	-3.0613342e-02	-1.5227565e-01
-1.5334049e-02	-3.1188797e-02	-3.0566407e-02	-1.5201305e-01
-1.5290524e-02	-3.1137812e-02	-3.0519356e-02	-1.5175025e-01
-1.5247088e-02	-3.1086749e-02	-3.0472189e-02	-1.5148726e-01
-1.5203747e-02	-3.1035606e-02	-3.0424908e-02	-1.5122407e-01
-1.5160507e-02	-3.0984385e-02	-3.0377514e-02	-1.5096069e-01
-1.5117376e-02	-3.0933087e-02	-3.0330009e-02	-1.5069714e-01
-1.5074359e-02	-3.0881711e-02	-3.0282395e-02	-1.5043340e-01
-1.5031462e-02	-3.0830260e-02	-3.0234674e-02	-1.5016948e-01
-1.4988693e-02	-3.0778733e-02	-3.0186848e-02	-1.4990540e-01
-1.4946056e-02	-3.0727132e-02	-3.0138919e-02	-1.4964114e-01
-1.4903558e-02	-3.0675458e-02	-3.0090890e-02	-1.4937672e-01
-1.4861205e-02	-3.0623712e-02	-3.0042764e-02	-1.4911213e-01
-1.4819003e-02	-3.0571894e-02	-2.9994542e-02	-1.4884738e-01
-1.4776956e-02	-3.0520006e-02	-2.9946229e-02	-1.4858247e-01
-1.4735071e-02	-3.0468050e-02	-2.9897826e-02	-1.4831741e-01
-1.4693352e-02	-3.0416026e-02	-2.9849337e-02	-1.4805220e-01
-1.4651806e-02	-3.0363937e-02	-2.9800766e-02	-1.4778683e-01
-1.4610436e-02	-3.0311782e-02	-2.9752115e-02	-1.4752131e-01
-1.4569248e-02	-3.0259565e-02	-2.9703388e-02	-1.4725565e-01
-1.4528247e-02	-3.0207286e-02	-2.9654588e-02	-1.4698984e-01
-1.4487437e-02	-3.0154946e-02	-2.9605718e-02	-1.4672389e-01
-1.4446822e-02	-3.0102548e-02	-2.9556783e-02	-1.4645779e-01
-1.4406407e-02	-3.0050093e-02	-2.9507786e-02	-1.4619155e-01
-1.4366196e-02	-2.9997583e-02	-2.9458730e-02	-1.4592517e-01
-1.4326192e-02	-2.9945019e-02	-2.9409619e-02	-1.4565865e-01
-1.4286401e-02	-2.9892402e-02	-2.9360456e-02	-1.4539200e-01
-1.4246824e-02	-2.9839735e-02	-2.9311246e-02	-1.4512521e-01
-1.4207466e-02	-2.9787019e-02	-2.9261991e-02	-1.4485829e-01
-1.4168331e-02	-2.9734256e-02	-2.9212695e-02	-1.4459123e-01
-1.4129420e-02	-2.9681448e-02	-2.9163362e-02	-1.4432403e-01
-1.4090738e-02	-2.9628595e-02	-2.9113994e-02	-1.4405671e-01
-1.4052287e-02	-2.9575699e-02	-2.9064597e-02	-1.4378926e-01
-1.4014070e-02	-2.9522763e-02	-2.9015171e-02	-1.4352168e-01
-1.3976089e-02	-2.9469788e-02	-2.8965721e-02	-1.4325396e-01
-1.3938347e-02	-2.9416774e-02	-2.8916250e-02	-1.4298613e-01
-1.3900846e-02	-2.9363725e-02	-2.8866761e-02	-1.4271816e-01
-1.3863588e-02	-2.9310640e-02	-2.8817256e-02	-1.4245008e-01
-1.3826575e-02	-2.9257522e-02	-2.8767738e-02	-1.4218187e-01
-1.3789809e-02	-2.9204371e-02	-2.8718209e-02	-1.4191354e-01
-1.3753292e-02	-2.9151189e-02	-2.8668673e-02	-1.4164509e-01
-1.3717025e-02	-2.9097978e-02	-2.8619130e-02	-1.4137652e-01
-1.3681009e-02	-2.9044737e-02	-2.8569584e-02	-1.4110783e-01
-1.3645246e-02	-2.8991470e-02	-2.8520036e-02	-1.4083904e-01
-1.3609737e-02	-2.8938175e-02	-2.8470487e-02	-1.4057012e-01
-1.3574483e-02	-2.8884855e-02	-2.8420939e-02	-1.4030110e-01
-1.3539484e-02	-2.8831510e-02	-2.8371393e-02	-1.4003197e-01
-1.3504742e-02	-2.8778140e-02	-2.8321851e-02	-1.3976274e-01
-1.3470256e-02	-2.8724748e-02	-2.8272312e-02	-1.3949340e-01
-1.3436027e-02	-2.8671332e-02	-2.8222779e-02	-1.3922396e-01
-1.3402056e-02	-2.8617894e-02	-2.8173250e-02	-1.3895443e-01
-1.3368343e-02	-2.8564435e-02	-2.8123727e-02	-1.3868480e-01
-1.3334887e-02	-2.8510954e-02	-2.8074209e-02	-1.3841507e-01
-1.3301689e-02	-2.8457452e-02	-2.8024696e-02	-1.3814526e-01
-1.3268748e-02	-2.8403928e-02	-2.7975188e-02	-1.3787537e-01
-1.3236063e-02	-2.8350384e-02	-2.7925683e-02	-1.3760539e-01
-1.3203635e-02	-2.8296820e-02	-2.7876182e-02	-1.3733533e-01
-1.3171463e-02	-2.8243234e-02	-2.7826683e-02	-1.3706520e-01
-1.3139545e-02	-2.8189627e-02	-2.7777184e-02	-1.3679500e-01
-1.3107881e-02	-2.8135999e-02	-2.7727684e-02	-1.3652474e-01
-1.3076470e-02	-2.8082350e-02	-2.7678182e-02	-1.3625441e-01
-1.3045310e-02	-2.8028679e-02	-2.7628676e-02	-1.3598402e-01
-1.3014400e-02	-2.7974986e-02	-2.7579163e-02	-1.3571358e-01
-1.2983739e-02	-2.7921270e-02	-2.7529641e-02	-1.3544309e-01
-1.2953324e-02	-2.7867531e-02	-2.7480108e-02	-1.3517256e-01
-1.2923155e-02	-2.7813769e-02	-2.7430562e-02	-1.3490199e-01
-1.2893229e-02	-2.7759982e-02	-2.7380999e-02	-1.3463139e-01
-1.2863544e-02	-2.7706170e-02	-2.7331417e-02	-1.3436075e-01
-1.2834097e-02	-2.7652332e-02	-2.7281813e-02	-1.3409009e-01
-1.2804888e-02	-2.7598468e-02	-2.7232184e-02	-1.3381941e-01
-1.2775912e-02	-2.7544577e-02	-2.7182526e-02	-1.3354872e-01
-1.2747167e-02	-2.7490658e-02	-2.7132837e-02	-1.3327802e-01
-1.2718650e-02	-2.7436710e-02	-2.7083112e-02	-1.3300732e-01
-1.2690359e-02	-2.7382732e-02	-2.7033349e-02	-1.3273662e-01
-1.2662290e-02	-2.7328723e-02	-2.6983544e-02	-1.3246592e-01
-1.2634440e-02	-2.7274684e-02	-2.6933693e-02	-1.3219524e-01
-1.2606805e-02	-2.7220612e-02	-2.6883793e-02	-1.3192458e-01
-1.2579382e-02	-2.7166507e-02	-2.6833840e-02	-1.3165394e-01
-1.2552167e-02	-2.7112367e-02	-2.6783831e-02	-1.3138333e-01
-1.2525156e-02	-2.7058194e-02	-2.6733762e-02	-1.3111276e-01
-1.2498345e-02	-2.7003985e-02	-2.6683629e-02	-1.3084222e-01
-1.2471729e-02	-2.6949739e-02	-2.6633429e-02	-1.3057173e-01
-1.2445305e-02	-2.6895457e-02	-2.6583158e-02	-1.3030129e-01
-1.2419067e-02	-2.6841136e-02	-2.6532813e-02	-1.3003091e-01
-1.2393012e-02	-2.6786778e-02	-2.6482390e-02	-1.2976059e-01
-1.2367133e-02	-2.6732381e-02	-2.6431887e-02	-1.2949034e-01
-1.2341426e-02	-2.6677944e-02	-2.6381299e-02	-1.2922015e-01
-1.2315887e-02	-2.6623468e-02	-2.6330624e-02	-1.2895005e-01
-1.2290508e-02	-2.6568951e-02	-2.6279859e-02	-1.2868002e-01
-1.2265286e-02	-2.6514394e-02	-2.6229001e-02	-1.2841008e-01
-1.2240213e-02	-2.6459797e-02	-2.6178047e-02	-1.2814023e-01
-1.2215286e-02	-2.6405158e-02	-2.6126995e-02	-1.2787047e-01
-1.2190496e-02	-2.6350478e-02	-2.6075842e-02	-1.2760082e-01
-1.2165840e-02	-2.6295758e-02	-2.6024586e-02	-1.2733126e-01
-1.2141310e-02	-2.6240997e-02	-2.5973225e-02	-1.2706182e-01
-1.2116899e-02	-2.6186195e-02	-2.5921757e-02	-1.2679248e-01
-1.2092602e-02	-2.6131353e-02	-2.5870180e-02	-1.2652326e-01
-1.2068413e-02	-2.6076471e-02	-2.5818493e-02	-1.2625416e-01
-1.2044323e-02	-2.6021550e-02	-2.5766694e-02	-1.2598518e-01
-1.2020328e-02	-2.5966590e-02	-2.5714782e-02	-1.2571633e-01
-1.1996418e-02	-2.5911592e-02	-2.5662757e-02	-1.2544760e-01
-1.1972589e-02	-2.5856557e-02	-2.5610618e-02	-1.2517900e-01
-1.1948832e-02	-2.5801486e-02	-2.5558363e-02	-1.2491054e-01
-1.1925141e-02	-2.5746379e-02	-2.5505994e-02	-1.2464221e-01
-1.1901509e-02	-2.5691238e-02	-2.5453509e-02	-1.2437402e-01
-1.1877927e-02	-2.5636065e-02	-2.5400910e-02	-1.2410597e-01
-1.1854390e-02	-2.5580860e-02	-2.5348195e-02	-1.2383806e-01
-1.1830889e-02	-2.5525625e-02	-2.5295367e-02	-1.2357030e-01
-1.1807417e-02	-2.5470361e-02	-2.5242426e-02	-1.2330268e-01
-1.1783967e-02	-2.5415070e-02	-2.5189373e-02	-1.2303521e-01
-1.1760531e-02	-2.5359755e-02	-2.5136208e-02	-1.2276789e-01
-1.1737103e-02	-2.5304415e-02	-2.5082935e-02	-1.2250072e-01
-1.1713674e-02	-2.5249055e-02	-2.5029553e-02	-1.2223370e-01
-1.1690237e-02	-2.5193675e-02	-2.4976066e-02	-1.2196682e-01
-1.1666786e-02	-2.5138278e-02	-2.4922474e-02	-1.2170010e-01
-1.1643312e-02	-2.5082865e-02	-2.4868781e-02	-1.2143354e-01
-1.1619808e-02	-2.5027440e-02	-2.4814989e-02	-1.2116712e-01
-1.1596268e-02	-2.4972004e-02	-2.4761100e-02	-1.2090086e-01
-1.1572684e-02	-2.4916559e-02	-2.4707116e-02	-1.2063475e-01
-1.1549049e-02	-2.4861109e-02	-2.4653042e-02	-1.2036879e-01
-1.1525357e-02	-2.4805655e-02	-2.4598879e-02	-1.2010299e-01
-1.1501600e-02	-2.4750201e-02	-2.4544632e-02	-1.1983733e-01
-1.1477772e-02	-2.4694748e-02	-2.4490302e-02	-1.1957183e-01
-1.1453866e-02	-2.4639299e-02	-2.4435895e-02	-1.1930649e-01
-1.1429876e-02	-2.4583857e-02	-2.4381412e-02	-1.1904129e-01
-1.1405796e-02	-2.4528425e-02	-2.4326858e-02	-1.1877624e-01
-1.1381620e-02	-2.4473004e-02	-2.4272236e-02	-1.1851135e-01
-1.1357341e-02	-2.4417599e-02	-2.4217551e-02	-1.1824660e-01
-1.1332955e-02	-2.4362211e-02	-2.4162805e-02	-1.1798200e-01
-1.1308456e-02	-2.4306843e-02	-2.4108002e-02	-1.1771755e-01
-1.1283838e-02	-2.4251498e-02	-2.4053147e-02	-1.1745325e-01
-1.1259096e-02	-2.4196179e-02	-2.3998244e-02	-1.1718909e-01
-1.1234227e-02	-2.4140888e-02	-2.3943295e-02	-1.1692508e-01
-1.1209224e-02	-2.4085627e-02	-2.3888306e-02	-1.1666122e-01
-1.1184085e-02	-2.4030400e-02	-2.3833280e-02	-1.1639750e-01
-1.1158804e-02	-2.3975208e-02	-2.3778220e-02	-1.1613393e-01
-1.1133379e-02	-2.3920055e-02	-2.3723131e-02	-1.1587050e-01
-1.1107805e-02	-2.3864943e-02	-2.3668016e-02	-1.1560721e-01
-1.1082080e-02	-2.3809874e-02	-2.3612880e-02	-1.1534406e-01
-1.1056200e-02	-2.3754850e-02	-2.3557725e-02	-1.1508106e-01
-1.1030164e-02	-2.3699874e-02	-2.3502556e-02	-1.1481820e-01
-1.1003968e-02	-2.3644947e-02	-2.3447375e-02	-1.1455548e-01
-1.0977611e-02	-2.3590073e-02	-2.3392186e-02	-1.1429290e-01
-1.0951092e-02	-2.3535253e-02	-2.3336994e-02	-1.1403047e-01
-1.0924408e-02	-2.3480488e-02	-2.3281799e-02	-1.1376817e-01
-1.0897559e-02	-2.3425782e-02	-2.3226607e-02	-1.1350602e-01
-1.0870544e-02	-2.3371135e-02	-2.3171419e-02	-1.1324401e-01
-1.0843364e-02	-2.3316549e-02	-2.3116239e-02	-1.1298214e-01
-1.0816017e-02	-2.3262026e-02	-2.3061069e-02	-1.1272042e-01
-1.0788504e-02	-2.3207567e-02	-2.3005911e-02	-1.1245884e-01
-1.0760827e-02	-2.3153174e-02	-2.2950769e-02	-1.1219740e-01
-1.0732985e-02	-2.3098848e-02	-2.2895645e-02	-1.1193611e-01
-1.0704980e-02	-2.3044590e-02	-2.2840539e-02	-1.1167497e-01
-1.0676815e-02	-2.2990401e-02	-2.2785456e-02	-1.1141398e-01
-1.0648490e-02	-2.2936282e-02	-2.2730395e-02	-1.1115313e-01
-1.0620009e-02	-2.2882235e-02	-2.2675360e-02	-1.1089244e-01
-1.0591373e-02	-2.2828259e-02	-2.2620351e-02	-1.1063190e-01
-1.0562587e-02	-2.2774355e-02	-2.2565369e-02	-1.1037151e-01
-1.0533652e-02	-2.2720524e-02	-2.2510417e-02	-1.1011128e-01
-1.0504574e-02	-2.2666767e-02	-2.2455494e-02	-1.0985121e-01
-1.0475355e-02	-2.2613083e-02	-2.2400603e-02	-1.0959130e-01
-1.0446000e-02	-2.2559473e-02	-2.2345742e-02	-1.0933155e-01
-1.0416513e-02	-2.2505937e-02	-2.2290914e-02	-1.0907197e-01
-1.0386899e-02	-2.2452475e-02	-2.2236118e-02	-1.0881256e-01
-1.0357164e-02	-2.2399087e-02	-2.2181355e-02	-1.0855331e-01
-1.0327312e-02	-2.2345773e-02	-2.2126624e-02	-1.0829424e-01
-1.0297349e-02	-2.2292532e-02	-2.2071927e-02	-1.0803535e-01
-1.0267281e-02	-2.2239365e-02	-2.2017262e-02	-1.0777663e-01
-1.0237113e-02	-2.2186270e-02	-2.1962630e-02	-1.0751810e-01
-1.0206853e-02	-2.2133248e-02	-2.1908030e-02	-1.0725976e-01
-1.0176507e-02	-2.2080298e-02	-2.1853461e-02	-1.0700160e-01
-1.0146080e-02	-2.2027419e-02	-2.1798924e-02	-1.0674363e-01
-1.0115581e-02	-2.1974610e-02	-2.1744418e-02	-1.0648586e-01
-1.0085017e-02	-2.1921872e-02	-2.1689941e-02	-1.0622829e-01
-1.0054393e-02	-2.1869202e-02	-2.1635493e-02	-1.0597093e-01
-1.0023719e-02	-2.1816600e-02	-2.1581074e-02	-1.0571376e-01
-9.9930005e-03	-2.1764066e-02	-2.1526682e-02	-1.0545681e-01
-9.9622463e-03	-2.1711598e-02	-2.1472316e-02	-1.0520007e-01
-9.9314637e-03	-2.1659196e-02	-2.1417975e-02	-1.0494355e-01
-9.9006606e-03	-2.1606858e-02	-2.1363659e-02	-1.0468725e-01
-9.8698450e-03	-2.1554583e-02	-2.1309366e-02	-1.0443117e-01
-9.8390248e-03	-2.1502371e-02	-2.1255096e-02	-1.0417532e-01
-9.8082082e-03	-2.1450220e-02	-2.1200846e-02	-1.0391970e-01
-9.7774031e-03	-2.1398130e-02	-2.1146617e-02	-1.0366432e-01
-9.7466178e-03	-2.1346099e-02	-2.1092407e-02	-1.0340917e-01
-9.7158604e-03	-2.1294126e-02	-2.1038215e-02	-1.0315427e-01
-9.6851389e-03	-2.1242211e-02	-2.0984040e-02	-1.0289961e-01
-9.6544617e-03	-2.1190352e-02	-2.0929881e-02	-1.0264520e-01
-9.6238367e-03	-2.1138548e-02	-2.0875738e-02	-1.0239104e-01
-9.5932720e-03	-2.1086799e-02	-2.0821609e-02	-1.0213713e-01
-9.5627758e-03	-2.1035104e-02	-2.0767494e-02	-1.0188349e-01
-9.5323558e-03	-2.0983460e-02	-2.0713392e-02	-1.0163010e-01
-9.5020201e-03	-2.0931869e-02	-2.0659302e-02	-1.0137698e-01
-9.4717763e-03	-2.0880328e-02	-2.0605225e-02	-1.0112412e-01
-9.4416323e-03	-2.0828838e-02	-2.0551159e-02	-1.0087154e-01
-9.4115955e-03	-2.0777397e-02	-2.0497104e-02	-1.0061922e-01
-9.3816735e-03	-2.0726005e-02	-2.0443060e-02	-1.0036718e-01
-9.3518736e-03	-2.0674661e-02	-2.0389026e-02	-1.0011542e-01
-9.3222028e-03	-2.0623365e-02	-2.0335004e-02	-9.9863935e-02
-9.2926684e-03	-2.0572116e-02	-2.0280992e-02	-9.9612731e-02
-9.2632771e-03	-2.0520913e-02	-2.0226991e-02	-9.9361810e-02
-9.2340356e-03	-2.0469757e-02	-2.0173001e-02	-9.9111173e-02
-9.2049504e-03	-2.0418646e-02	-2.0119023e-02	-9.8860823e-02
-9.1760278e-03	-2.0367582e-02	-2.0065057e-02	-9.8610761e-02
-9.1472740e-03	-2.0316563e-02	-2.0011104e-02	-9.8360988e-02
-9.1186948e-03	-2.0265590e-02	-1.9957165e-02	-9.8111505e-02
-9.0902960e-03	-2.0214662e-02	-1.9903240e-02	-9.7862314e-02
-9.0620831e-03	-2.0163779e-02	-1.9849331e-02	-9.7613415e-02
-9.0340612e-03	-2.0112943e-02	-1.9795438e-02	-9.7364811e-02
-9.0062354e-03	-2.0062152e-02	-1.9741563e-02	-9.7116500e-02
-8.9786105e-03	-2.0011406e-02	-1.9687708e-02	-9.6868484e-02
-8.9511911e-03	-1.9960708e-02	-1.9633873e-02	-9.6620763e-02
-8.9239814e-03	-1.9910056e-02	-1.9580060e-02	-9.6373338e-02
-8.8969855e-03	-1.9859450e-02	-1.9526270e-02	-9.6126209e-02
-8.8702072e-03	-1.9808893e-02	-1.9472507e-02	-9.5879376e-02
-8.8436501e-03	-1.9758383e-02	-1.9418770e-02	-9.5632838e-02
-8.8173175e-03	-1.9707923e-02	-1.9365063e-02	-9.5386597e-02
-8.7912124e-03	-1.9657511e-02	-1.9311387e-02	-9.5140651e-02
-8.7653377e-03	-1.9607150e-02	-1.9257744e-02	-9.4895001e-02
-8.7396958e-03	-1.9556839e-02	-1.9204136e-02	-9.4649646e-02
-8.7142891e-03	-1.9506579e-02	-1.9150566e-02	-9.4404585e-02
-8.6891195e-03	-1.9456372e-02	-1.9097035e-02	-9.4159818e-02
-8.6641890e-03	-1.9406219e-02	-1.9043546e-02	-9.3915345e-02
-8.6394989e-03	-1.9356119e-02	-1.8990101e-02	-9.3671165e-02
-8.6150506e-03	-1.9306074e-02	-1.8936703e-02	-9.3427277e-02
-8.5908450e-03	-1.9256085e-02	-1.8883353e-02	-9.3183680e-02
-8.5668831e-03	-1.9206153e-02	-1.8830054e-02	-9.2940374e-02
-8.5431652e-03	-1.9156279e-02	-1.8776808e-02	-9.2697358e-02
-8.5196917e-03	-1.9106463e-02	-1.8723618e-02	-9.2454631e-02
-8.4964626e-03	-1.9056708e-02	-1.8670485e-02	-9.2212192e-02
-8.4734779e-03	-1.9007013e-02	-1.8617412e-02	-9.1970041e-02
-8.4507370e-03	-1.8957380e-02	-1.8564402e-02	-9.1728177e-02
-8.4282393e-03	-1.8907809e-02	-1.8511456e-02	-9.1486598e-02
-8.4059840e-03	-1.8858302e-02	-1.8458576e-02	-9.1245304e-02
-8.3839700e-03	-1.8808860e-02	-1.8405765e-02	-9.1004295e-02
-8.3621960e-03	-1.8759483e-02	-1.8353024e-02	-9.0763570e-02
-8.3406606e-03	-1.8710173e-02	-1.8300356e-02	-9.0523128e-02
-8.3193621e-03	-1.8660930e-02	-1.8247761e-02	-9.0282968e-02
-8.2982985e-03	-1.8611756e-02	-1.8195242e-02	-9.0043090e-02
-8.2774678e-03	-1.8562650e-02	-1.8142801e-02	-8.9803494e-02
-8.2568678e-03	-1.8513615e-02	-1.8090438e-02	-8.9564179e-02
-8.2364959e-03	-1.8464649e-02	-1.8038156e-02	-8.9325144e-02
-8.2163497e-03	-1.8415755e-02	-1.7985956e-02	-8.9086390e-02
-8.1964262e-03	-1.8366933e-02	-1.7933838e-02	-8.8847917e-02
-8.1767227e-03	-1.8318184e-02	-1.7881803e-02	-8.8609724e-02
-8.1572358e-03	-1.8269507e-02	-1.7829854e-02	-8.8371811e-02
-8.1379625e-03	-1.8220904e-02	-1.7777990e-02	-8.8134180e-02
-8.1188993e-03	-1.8172375e-02	-1.7726211e-02	-8.7896829e-02
-8.1000426e-03	-1.8123921e-02	-1.7674520e-02	-8.7659759e-02
-8.0813888e-03	-1.8075541e-02	-1.7622915e-02	-8.7422971e-02
-8.0629341e-03	-1.8027236e-02	-1.7571397e-02	-8.7186465e-02
-8.0446745e-03	-1.7979007e-02	-1.7519967e-02	-8.6950243e-02
-8.0266060e-03	-1.7930853e-02	-1.7468623e-02	-8.6714305e-02
-8.0087244e-03	-1.7882774e-02	-1.7417366e-02	-8.6478651e-02
-7.9910255e-03	-1.7834771e-02	-1.7366196e-02	-8.6243284e-02
-7.9735048e-03	-1.7786843e-02	-1.7315112e-02	-8.6008204e-02
-7.9561579e-03	-1.7738990e-02	-1.7264113e-02	-8.5773412e-02
-7.9389803e-03	-1.7691213e-02	-1.7213198e-02	-8.5538910e-02
-7.9219672e-03	-1.7643511e-02	-1.7162367e-02	-8.5304700e-02
-7.9051139e-03	-1.7595883e-02	-1.7111619e-02	-8.5070784e-02
-7.8884155e-03	-1.7548330e-02	-1.7060952e-02	-8.4837162e-02
-7.8718673e-03	-1.7500851e-02	-1.7010365e-02	-8.4603837e-02
-7.8554641e-03	-1.7453445e-02	-1.6959856e-02	-8.4370811e-02
-7.8392010e-03	-1.7406113e-02	-1.6909425e-02	-8.4138086e-02
-7.8230727e-03	-1.7358853e-02	-1.6859069e-02	-8.3905665e-02
-7.8070743e-03	-1.7311665e-02	-1.6808787e-02	-8.3673548e-02
-7.7912004e-03	-1.7264549e-02	-1.6758577e-02	-8.3441740e-02
-7.7754457e-03	-1.7217503e-02	-1.6708437e-02	-8.3210242e-02
-7.7598049e-03	-1.7170527e-02	-1.6658365e-02	-8.2979056e-02
-7.7442726e-03	-1.7123620e-02	-1.6608359e-02	-8.2748186e-02
-7.7288435e-03	-1.7076783e-02	-1.6558417e-02	-8.2517634e-02
-7.7135120e-03	-1.7030012e-02	-1.6508537e-02	-8.2287402e-02
-7.6982726e-03	-1.6983309e-02	-1.6458716e-02	-8.2057494e-02
-7.6831198e-03	-1.6936672e-02	-1.6408952e-02	-8.1827912e-02
-7.6680481e-03	-1.6890101e-02	-1.6359244e-02	-8.1598659e-02
-7.6530519e-03	-1.6843594e-02	-1.6309588e-02	-8.1369737e-02
-7.6381255e-03	-1.6797150e-02	-1.6259982e-02	-8.1141150e-02
-7.6232633e-03	-1.6750770e-02	-1.6210424e-02	-8.0912901e-02
-7.6084597e-03	-1.6704451e-02	-1.6160913e-02	-8.0684992e-02
-7.5937089e-03	-1.6658193e-02	-1.6111445e-02	-8.0457426e-02
-7.5790054e-03	-1.6611996e-02	-1.6062018e-02	-8.0230205e-02
-7.5643434e-03	-1.6565859e-02	-1.6012630e-02	-8.0003334e-02
-7.5497173e-03	-1.6519780e-02	-1.5963280e-02	-7.9776814e-02
-7.5351213e-03	-1.6473759e-02	-1.5913964e-02	-7.9550648e-02
-7.5205497e-03	-1.6427795e-02	-1.5864682e-02	-7.9324839e-02
-7.5059970e-03	-1.6381888e-02	-1.5815430e-02	-7.9099389e-02
-7.4914573e-03	-1.6336037e-02	-1.5766208e-02	-7.8874302e-02
-7.4769250e-03	-1.6290241e-02	-1.5717013e-02	-7.8649579e-02
-7.4623945e-03	-1.6244500e-02	-1.5667844e-02	-7.8425223e-02
-7.4478601e-03	-1.6198813e-02	-1.5618698e-02	-7.8201236e-02
-7.4333163e-03	-1.6153180e-02	-1.5569576e-02	-7.7977621e-02
-7.4187574e-03	-1.6107600e-02	-1.5520475e-02	-7.7754379e-02
-7.4041779e-03	-1.6062073e-02	-1.5471395e-02	-7.7531513e-02
-7.3895722e-03	-1.6016598e-02	-1.5422334e-02	-7.7309024e-02
-7.3749350e-03	-1.5971176e-02	-1.5373291e-02	-7.7086915e-02
-7.3602607e-03	-1.5925805e-02	-1.5324266e-02	-7.6865188e-02
-7.3455440e-03	-1.5880487e-02	-1.5275257e-02	-7.6643842e-02
-7.3307795e-03	-1.5835221e-02	-1.5226265e-02	-7.6422882e-02
-7.3159619e-03	-1.5790006e-02	-1.5177290e-02	-7.6202306e-02
-7.3010861e-03	-1.5744844e-02	-1.5128330e-02	-7.5982118e-02
-7.2861469e-03	-1.5699733e-02	-1.5079387e-02	-7.5762317e-02
-7.2711392e-03	-1.5654675e-02	-1.5030460e-02	-7.5542906e-02
-7.2560581e-03	-1.5609669e-02	-1.4981549e-02	-7.5323883e-02
-7.2408985e-03	-1.5564717e-02	-1.4932656e-02	-7.5105252e-02
-7.2256558e-03	-1.5519817e-02	-1.4883780e-02	-7.4887011e-02
-7.2103251e-03	-1.5474971e-02	-1.4834923e-02	-7.4669162e-02
-7.1949018e-03	-1.5430180e-02	-1.4786086e-02	-7.4451704e-02
-7.1793815e-03	-1.5385444e-02	-1.4737269e-02	-7.4234638e-02
-7.1637597e-03	-1.5340763e-02	-1.4688475e-02	-7.4017964e-02
-7.1480320e-03	-1.5296139e-02	-1.4639704e-02	-7.3801682e-02
-7.1321944e-03	-1.5251571e-02	-1.4590959e-02	-7.3585791e-02
-7.1162429e-03	-1.5207062e-02	-1.4542240e-02	-7.3370291e-02
-7.1001734e-03	-1.5162612e-02	-1.4493551e-02	-7.3155182e-02
-7.0839823e-03	-1.5118222e-02	-1.4444893e-02	-7.2940463e-02
-7.0676659e-03	-1.5073892e-02	-1.4396267e-02	-7.2726134e-02
-7.0512209e-03	-1.5029625e-02	-1.4347678e-02	-7.2512193e-02
-7.0346438e-03	-1.4985421e-02	-1.4299126e-02	-7.2298640e-02
-7.0179316e-03	-1.4941281e-02	-1.4250615e-02	-7.2085473e-02
-7.0010814e-03	-1.4897207e-02	-1.4202148e-02	-7.1872692e-02
-6.9840903e-03	-1.4853199e-02	-1.4153726e-02	-7.1660296e-02
-6.9669558e-03	-1.4809260e-02	-1.4105353e-02	-7.1448282e-02
-6.9496754e-03	-1.4765390e-02	-1.4057032e-02	-7.1236651e-02
-6.9322471e-03	-1.4721591e-02	-1.4008766e-02	-7.1025400e-02
-6.9146687e-03	-1.4677863e-02	-1.3960558e-02	-7.0814528e-02
-6.8969385e-03	-1.4634209e-02	-1.3912411e-02	-7.0604033e-02
-6.8790549e-03	-1.4590630e-02	-1.3864328e-02	-7.0393915e-02
-6.8610166e-03	-1.4547127e-02	-1.3816313e-02	-7.0184170e-02
-6.8428223e-03	-1.4503701e-02	-1.3768369e-02	-6.9974799e-02
-6.8244713e-03	-1.4460354e-02	-1.3720499e-02	-6.9765798e-02
-6.8059628e-03	-1.4417088e-02	-1.3672706e-02	-6.9557167e-02
-6.7872963e-03	-1.4373903e-02	-1.3624994e-02	-6.9348903e-02
-6.7684717e-03	-1.4330801e-02	-1.3577367e-02	-6.9141006e-02
-6.7494890e-03	-1.4287783e-02	-1.3529826e-02	-6.8933473e-02
-6.7303484e-03	-1.4244850e-02	-1.3482376e-02	-6.8726303e-02
-6.7110505e-03	-1.4202005e-02	-1.3435020e-02	-6.8519494e-02
-6.6915961e-03	-1.4159247e-02	-1.3387761e-02	-6.8313044e-02
-6.6719861e-03	-1.4116579e-02	-1.3340602e-02	-6.8106952e-02
-6.6522219e-03	-1.4074000e-02	-1.3293546e-02	-6.7901217e-02
-6.6323049e-03	-1.4031514e-02	-1.3246597e-02	-6.7695837e-02
-6.6122370e-03	-1.3989119e-02	-1.3199756e-02	-6.7490810e-02
-6.5920201e-03	-1.3946819e-02	-1.3153028e-02	-6.7286136e-02
-6.5716567e-03	-1.3904612e-02	-1.3106414e-02	-6.7081812e-02
-6.5511491e-03	-1.3862501e-02	-1.3059917e-02	-6.6877838e-02
-6.5305002e-03	-1.3820486e-02	-1.3013541e-02	-6.6674213e-02
-6.5097130e-03	-1.3778568e-02	-1.2967287e-02	-6.6470935e-02
-6.4887909e-03	-1.3736748e-02	-1.2921157e-02	-6.6268004e-02
-6.4677373e-03	-1.3695025e-02	-1.2875154e-02	-6.6065419e-02
-6.4465560e-03	-1.3653402e-02	-1.2829280e-02	-6.5863178e-02
-6.4252512e-03	-1.3611878e-02	-1.2783536e-02	-6.5661282e-02
-6.4038269e-03	-1.3570453e-02	-1.2737925e-02	-6.5459729e-02
-6.3822877e-03	-1.3529128e-02	-1.2692449e-02	-6.5258519e-02
-6.3606383e-03	-1.3487904e-02	-1.2647108e-02	-6.5057652e-02
-6.3388837e-03	-1.3446780e-02	-1.2601903e-02	-6.4857127e-02
-6.3170289e-03	-1.3405756e-02	-1.2556837e-02	-6.4656945e-02
-6.2950794e-03	-1.3364833e-02	-1.2511911e-02	-6.4457105e-02
-6.2730407e-03	-1.3324010e-02	-1.2467124e-02	-6.4257607e-02
-6.2509185e-03	-1.3283288e-02	-1.2422478e-02	-6.4058452e-02
-6.2287188e-03	-1.3242666e-02	-1.2377974e-02	-6.3859639e-02
-6.2064477e-03	-1.3202144e-02	-1.2333612e-02	-6.3661170e-02
-6.1841115e-03	-1.3161721e-02	-1.2289392e-02	-6.3463043e-02
-6.1617167e-03	-1.3121397e-02	-1.2245314e-02	-6.3265261e-02
-6.1392698e-03	-1.3081172e-02	-1.2201378e-02	-6.3067824e-02
-6.1167776e-03	-1.3041045e-02	-1.2157585e-02	-6.2870732e-02
-6.0942470e-03	-1.3001015e-02	-1.2113933e-02	-6.2673987e-02
-6.0716850e-03	-1.2961082e-02	-1.2070423e-02	-6.2477589e-02
-6.0490987e-03	-1.2921245e-02	-1.2027054e-02	-6.2281539e-02
-6.0264953e-03	-1.2881503e-02	-1.1983825e-02	-6.2085839e-02
-6.0038821e-03	-1.2841855e-02	-1.1940735e-02	-6.1890489e-02
-5.9812666e-03	-1.2802301e-02	-1.1897784e-02	-6.1695491e-02
-5.9586562e-03	-1.2762838e-02	-1.1854971e-02	-6.1500847e-02
-5.9360584e-03	-1.2723467e-02	-1.1812293e-02	-6.1306557e-02
-5.9134808e-03	-1.2684187e-02	-1.1769751e-02	-6.1112623e-02
-5.8909309e-03	-1.2644995e-02	-1.1727343e-02	-6.0919047e-02
-5.8684165e-03	-1.2605892e-02	-1.1685066e-02	-6.0725829e-02
-5.8459450e-03	-1.2566876e-02	-1.1642921e-02	-6.0532973e-02
-5.8235242e-03	-1.2527945e-02	-1.1600904e-02	-6.0340479e-02
-5.8011617e-03	-1.2489098e-02	-1.1559015e-02	-6.0148348e-02
-5.7788650e-03	-1.2450335e-02	-1.1517252e-02	-5.9956584e-02
-5.7566416e-03	-1.2411654e-02	-1.1475613e-02	-5.9765186e-02
-5.7344992e-03	-1.2373054e-02	-1.1434096e-02	-5.9574158e-02
-5.7124450e-03	-1.2334533e-02	-1.1392700e-02	-5.9383500e-02
-5.6904864e-03	-1.2296091e-02	-1.1351422e-02	-5.9193214e-02
-5.6686308e-03	-1.2257725e-02	-1.1310261e-02	-5.9003302e-02
-5.6468852e-03	-1.2219436e-02	-1.1269214e-02	-5.8813765e-02
-5.6252567e-03	-1.2181221e-02	-1.1228281e-02	-5.8624606e-02
-5.6037523e-03	-1.2143079e-02	-1.1187458e-02	-5.8435825e-02
-5.5823787e-03	-1.2105010e-02	-1.1146744e-02	-5.8247424e-02
-5.5611426e-03	-1.2067012e-02	-1.1106137e-02	-5.8059405e-02
-5.5400504e-03	-1.2029083e-02	-1.1065636e-02	-5.7871769e-02
-5.5191086e-03	-1.1991224e-02	-1.1025238e-02	-5.7684517e-02
-5.4983232e-03	-1.1953432e-02	-1.0984941e-02	-5.7497651e-02
-5.4777002e-03	-1.1915707e-02	-1.0944744e-02	-5.7311172e-02
-5.4572455e-03	-1.1878047e-02	-1.0904646e-02	-5.7125080e-02
-5.4369645e-03	-1.1840453e-02	-1.0864644e-02	-5.6939378e-02
-5.4168627e-03	-1.1802922e-02	-1.0824737e-02	-5.6754066e-02
-5.3969451e-03	-1.1765455e-02	-1.0784923e-02	-5.6569145e-02
-5.3772167e-03	-1.1728050e-02	-1.0745201e-02	-5.6384616e-02
-5.3576822e-03	-1.1690706e-02	-1.0705569e-02	-5.6200479e-02
-5.3383460e-03	-1.1653424e-02	-1.0666027e-02	-5.6016736e-02
-5.3192122e-03	-1.1616201e-02	-1.0626572e-02	-5.5833386e-02
-5.3002849e-03	-1.1579039e-02	-1.0587205e-02	-5.5650430e-02
-5.2815677e-03	-1.1541936e-02	-1.0547923e-02	-5.5467869e-02
-5.2630640e-03	-1.1504891e-02	-1.0508725e-02	-5.5285703e-02
-5.2447770e-03	-1.1467905e-02	-1.0469611e-02	-5.5103931e-02
-5.2267095e-03	-1.1430978e-02	-1.0430581e-02	-5.4922554e-02
-5.2088642e-03	-1.1394108e-02	-1.0391632e-02	-5.4741572e-02
-5.1912433e-03	-1.1357296e-02	-1.0352765e-02	-5.4560985e-02
-5.1738489e-03	-1.1320542e-02	-1.0313979e-02	-5.4380792e-02
-5.1566828e-03	-1.1283846e-02	-1.0275274e-02	-5.4200993e-02
-5.1397465e-03	-1.1247208e-02	-1.0236649e-02	-5.4021588e-02
-5.1230411e-03	-1.1210627e-02	-1.0198104e-02	-5.3842575e-02
-5.1065676e-03	-1.1174104e-02	-1.0159639e-02	-5.3663955e-02
-5.0903265e-03	-1.1137639e-02	-1.0121253e-02	-5.3485726e-02
-5.0743183e-03	-1.1101233e-02	-1.0082947e-02	-5.3307888e-02
-5.0585430e-03	-1.1064886e-02	-1.0044721e-02	-5.3130440e-02
-5.0430004e-03	-1.1028598e-02	-1.0006575e-02	-5.2953381e-02
-5.0276901e-03	-1.0992369e-02	-9.9685083e-03	-5.2776709e-02
-5.0126112e-03	-1.0956201e-02	-9.9305223e-03	-5.2600423e-02
-4.9977627e-03	-1.0920093e-02	-9.8926169e-03	-5.2424523e-02
-4.9831434e-03	-1.0884047e-02	-9.8547925e-03	-5.2249007e-02
-4.9687517e-03	-1.0848062e-02	-9.8170497e-03	-5.2073873e-02
-4.9545857e-03	-1.0812140e-02	-9.7793888e-03	-5.1899121e-02
-4.9406434e-03	-1.0776281e-02	-9.7418104e-03	-5.1724749e-02
-4.9269225e-03	-1.0740486e-02	-9.7043151e-03	-5.1550755e-02
-4.9134204e-03	-1.0704756e-02	-9.6669036e-03	-5.1377137e-02
-4.9001344e-03	-1.0669091e-02	-9.6295764e-03	-5.1203895e-02
-4.8870613e-03	-1.0633492e-02	-9.5923343e-03	-5.1031027e-02
-4.8741981e-03	-1.0597961e-02	-9.5551778e-03	-5.0858531e-02
-4.8615411e-03	-1.0562498e-02	-9.5181078e-03	-5.0686405e-02
-4.8490868e-03	-1.0527104e-02	-9.4811248e-03	-5.0514648e-02
-4.8368312e-03	-1.0491779e-02	-9.4442296e-03	-5.0343259e-02
-4.8247704e-03	-1.0456525e-02	-9.4074229e-03	-5.0172235e-02
-4.8129000e-03	-1.0421342e-02	-9.3707053e-03	-5.0001575e-02
-4.8012156e-03	-1.0386232e-02	-9.3340775e-03	-4.9831278e-02
-4.7897126e-03	-1.0351195e-02	-9.2975401e-03	-4.9661342e-02
-4.7783863e-03	-1.0316232e-02	-9.2610938e-03	-4.9491766e-02
-4.7672318e-03	-1.0281345e-02	-9.2247390e-03	-4.9322548e-02
-4.7562439e-03	-1.0246532e-02	-9.1884763e-03	-4.9153687e-02
-4.7454176e-03	-1.0211797e-02	-9.1523061e-03	-4.8985180e-02
-4.7347474e-03	-1.0177139e-02	-9.1162290e-03	-4.8817028e-02
-4.7242281e-03	-1.0142559e-02	-9.0802452e-03	-4.8649229e-02
-4.7138539e-03	-1.0108057e-02	-9.0443551e-03	-4.8481782e-02
-4.7036193e-03	-1.0073636e-02	-9.0085589e-03	-4.8314685e-02
-4.6935185e-03	-1.0039295e-02	-8.9728567e-03	-4.8147937e-02
-4.6835457e-03	-1.0005034e-02	-8.9372488e-03	-4.7981538e-02
-4.6736951e-03	-9.9708551e-03	-8.9017351e-03	-4.7815486e-02
-4.6639606e-03	-9.9367582e-03	-8.8663157e-03	-4.7649781e-02
-4.6543363e-03	-9.9027438e-03	-8.8309902e-03	-4.7484423e-02
-4.6448160e-03	-9.8688125e-03	-8.7957587e-03	-4.7319409e-02
-4.6353937e-03	-9.8349647e-03	-8.7606207e-03	-4.7154741e-02
-4.6260633e-03	-9.8012007e-03	-8.7255760e-03	-4.6990417e-02
-4.6168185e-03	-9.7675209e-03	-8.6906241e-03	-4.6826437e-02
-4.6076532e-03	-9.7339255e-03	-8.6557643e-03	-4.6662801e-02
-4.5985612e-03	-9.7004149e-03	-8.6209963e-03	-4.6499509e-02
-4.5895363e-03	-9.6669891e-03	-8.5863191e-03	-4.6336560e-02
-4.5805724e-03	-9.6336484e-03	-8.5517321e-03	-4.6173954e-02
-4.5716633e-03	-9.6003929e-03	-8.5172343e-03	-4.6011693e-02
-4.5628027e-03	-9.5672225e-03	-8.4828249e-03	-4.5849775e-02
-4.5539847e-03	-9.5341372e-03	-8.4485028e-03	-4.5688201e-02
-4.5452031e-03	-9.5011371e-03	-8.4142669e-03	-4.5526972e-02
-4.5364518e-03	-9.4682219e-03	-8.3801161e-03	-4.5366087e-02
-4.5277249e-03	-9.4353916e-03	-8.3460490e-03	-4.5205549e-02
-4.5190165e-03	-9.4026459e-03	-8.3120645e-03	-4.5045356e-02
-4.5103206e-03	-9.3699847e-03	-8.2781611e-03	-4.4885511e-02
-4.5016313e-03	-9.3374075e-03	-8.2443374e-03	-4.4726013e-02
-4.4929431e-03	-9.3049142e-03	-8.2105919e-03	-4.4566863e-02
-4.4842501e-03	-9.2725043e-03	-8.1769232e-03	-4.4408063e-02
-4.4755467e-03	-9.2401774e-03	-8.1433295e-03	-4.4249614e-02
-4.4668275e-03	-9.2079331e-03	-8.1098094e-03	-4.4091516e-02
-4.4580870e-03	-9.1757710e-03	-8.0763612e-03	-4.3933770e-02
-4.4493199e-03	-9.1436904e-03	-8.0429833e-03	-4.3776378e-02
-4.4405209e-03	-9.1116910e-03	-8.0096738e-03	-4.3619341e-02
-4.4316849e-03	-9.0797722e-03	-7.9764312e-03	-4.3462661e-02
-4.4228068e-03	-9.0479333e-03	-7.9432537e-03	-4.3306337e-02
-4.4138817e-03	-9.0161739e-03	-7.9101397e-03	-4.3150373e-02
-4.4049047e-03	-8.9844932e-03	-7.8770873e-03	-4.2994768e-02
-4.3958712e-03	-8.9528908e-03	-7.8440950e-03	-4.2839525e-02
-4.3867766e-03	-8.9213658e-03	-7.8111610e-03	-4.2684644e-02
-4.3776164e-03	-8.8899178e-03	-7.7782836e-03	-4.2530128e-02
-4.3683861e-03	-8.8585461e-03	-7.7454613e-03	-4.2375976e-02
-4.3590817e-03	-8.8272500e-03	-7.7126925e-03	-4.2222192e-02
-4.3496990e-03	-8.7960288e-03	-7.6799756e-03	-4.2068775e-02
-4.3402339e-03	-8.7648821e-03	-7.6473091e-03	-4.1915727e-02
-4.3306827e-03	-8.7338090e-03	-7.6146916e-03	-4.1763050e-02
-4.3210416e-03	-8.7028091e-03	-7.5821217e-03	-4.1610745e-02
-4.3113071e-03	-8.6718817e-03	-7.5495981e-03	-4.1458813e-02
-4.3014756e-03	-8.6410262e-03	-7.5171196e-03	-4.1307254e-02
-4.2915440e-03	-8.6102421e-03	-7.4846850e-03	-4.1156071e-02
-4.2815089e-03	-8.5795288e-03	-7.4522932e-03	-4.1005265e-02
-4.2713675e-03	-8.5488858e-03	-7.4199432e-03	-4.0854835e-02
-4.2611167e-03	-8.5183125e-03	-7.3876342e-03	-4.0704783e-02
-4.2507538e-03	-8.4878087e-03	-7.3553654e-03	-4.0555111e-02
-4.2402763e-03	-8.4573737e-03	-7.3231361e-03	-4.0405818e-02
-4.2296816e-03	-8.4270072e-03	-7.2909456e-03	-4.0256905e-02
-4.2189674e-03	-8.3967089e-03	-7.2587935e-03	-4.0108374e-02
-4.2081317e-03	-8.3664783e-03	-7.2266796e-03	-3.9960224e-02
-4.1971723e-03	-8.3363153e-03	-7.1946034e-03	-3.9812457e-02
-4.1860873e-03	-8.3062195e-03	-7.1625649e-03	-3.9665071e-02
-4.1748752e-03	-8.2761907e-03	-7.1305640e-03	-3.9518069e-02
-4.1635342e-03	-8.2462288e-03	-7.0986009e-03	-3.9371449e-02
-4.1520630e-03	-8.2163337e-03	-7.0666758e-03	-3.9225212e-02
-4.1404603e-03	-8.1865052e-03	-7.0347891e-03	-3.9079359e-02
-4.1287250e-03	-8.1567433e-03	-7.0029412e-03	-3.8933888e-02
-4.1168562e-03	-8.1270480e-03	-6.9711327e-03	-3.8788799e-02
-4.1048530e-03	-8.0974193e-03	-6.9393643e-03	-3.8644093e-02
-4.0927148e-03	-8.0678573e-03	-6.9076368e-03	-3.8499769e-02
-4.0804412e-03	-8.0383622e-03	-6.8759513e-03	-3.8355827e-02
-4.0680317e-03	-8.0089341e-03	-6.8443088e-03	-3.8212265e-02
-4.0554862e-03	-7.9795732e-03	-6.8127104e-03	-3.8069083e-02
-4.0428048e-03	-7.9502797e-03	-6.7811574e-03	-3.7926281e-02
-4.0299875e-03	-7.9210540e-03	-6.7496513e-03	-3.7783857e-02
-4.0170347e-03	-7.8918963e-03	-6.7181936e-03	-3.7641810e-02
-4.0039469e-03	-7.8628070e-03	-6.6867858e-03	-3.7500140e-02
-3.9907247e-03	-7.8337866e-03	-6.6554296e-03	-3.7358845e-02
-3.9773688e-03	-7.8048354e-03	-6.6241269e-03	-3.7217924e-02
-3.9638803e-03	-7.7759538e-03	-6.5928794e-03	-3.7077376e-02
-3.9502603e-03	-7.7471424e-03	-6.5616892e-03	-3.6937200e-02
-3.9365101e-03	-7.7184016e-03	-6.5305583e-03	-3.6797393e-02
-3.9226311e-03	-7.6897321e-03	-6.4994888e-03	-3.6657954e-02
-3.9086249e-03	-7.6611342e-03	-6.4684828e-03	-3.6518883e-02
-3.8944933e-03	-7.6326087e-03	-6.4375425e-03	-3.6380176e-02
-3.8802383e-03	-7.6041560e-03	-6.4066703e-03	-3.6241833e-02
-3.8658620e-03	-7.5757769e-03	-6.3758683e-03	-3.6103852e-02
-3.8513666e-03	-7.5474717e-03	-6.3451390e-03	-3.5966231e-02
-3.8367547e-03	-7.5192413e-03	-6.3144847e-03	-3.5828968e-02
-3.8220286e-03	-7.4910861e-03	-6.2839078e-03	-3.5692061e-02
-3.8071913e-03	-7.4630069e-03	-6.2534107e-03	-3.5555509e-02
-3.7922457e-03	-7.4350042e-03	-6.2229958e-03	-3.5419310e-02
-3.7771948e-03	-7.4070785e-03	-6.1926655e-03	-3.5283461e-02
-3.7620418e-03	-7.3792306e-03	-6.1624222e-03	-3.5147961e-02
-3.7467902e-03	-7.3514610e-03	-6.1322682e-03	-3.5012808e-02
-3.7314434e-03	-7.3237703e-03	-6.1022061e-03	-3.4878000e-02
-3.7160053e-03	-7.2961589e-03	-6.0722379e-03	-3.4743535e-02
-3.7004796e-03	-7.2686275e-03	-6.0423661e-03	-3.4609411e-02
-3.6848702e-03	-7.2411766e-03	-6.0125930e-03	-3.4475627e-02
-3.6691815e-03	-7.2138065e-03	-5.9829205e-03	-3.4342180e-02
-3.6534176e-03	-7.1865179e-03	-5.9533510e-03	-3.4209069e-02
-3.6375829e-03	-7.1593110e-03	-5.9238865e-03	-3.4076292e-02
-3.6216821e-03	-7.1321863e-03	-5.8945289e-03	-3.3943847e-02
-3.6057197e-03	-7.1051441e-03	-5.8652802e-03	-3.3811733e-02
-3.5897007e-03	-7.0781848e-03	-5.8361422e-03	-3.3679948e-02
-3.5736300e-03	-7.0513085e-03	-5.8071166e-03	-3.3548490e-02
-3.5575125e-03	-7.0245156e-03	-5.7782051e-03	-3.3417358e-02
-3.5413536e-03	-6.9978062e-03	-5.7494092e-03	-3.3286551e-02
-3.5251584e-03	-6.9711804e-03	-5.7207304e-03	-3.3156067e-02
-3.5089325e-03	-6.9446383e-03	-5.6921700e-03	-3.3025904e-02
-3.4926812e-03	-6.9181800e-03	-5.6637292e-03	-3.2896062e-02
-3.4764102e-03	-6.8918054e-03	-5.6354091e-03	-3.2766539e-02
-3.4601251e-03	-6.8655144e-03	-5.6072107e-03	-3.2637334e-02
-3.4438318e-03	-6.8393070e-03	-5.5791348e-03	-3.2508446e-02
-3.4275359e-03	-6.8131830e-03	-5.5511822e-03	-3.2379875e-02
-3.4112436e-03	-6.7871422e-03	-5.5233535e-03	-3.2251619e-02
-3.3949607e-03	-6.7611842e-03	-5.4956491e-03	-3.2123678e-02
-3.3786932e-03	-6.7353088e-03	-5.4680695e-03	-3.1996051e-02
-3.3624473e-03	-6.7095155e-03	-5.4406148e-03	-3.1868737e-02
-3.3462290e-03	-6.6838039e-03	-5.4132851e-03	-3.1741736e-02
-3.3300445e-03	-6.6581736e-03	-5.3860803e-03	-3.1615048e-02
-3.3139000e-03	-6.6326240e-03	-5.3590004e-03	-3.1488672e-02
-3.2978017e-03	-6.6071545e-03	-5.3320450e-03	-3.1362607e-02
-3.2817558e-03	-6.5817645e-03	-5.3052136e-03	-3.1236854e-02
-3.2657685e-03	-6.5564532e-03	-5.2785057e-03	-3.1111413e-02
-3.2498460e-03	-6.5312200e-03	-5.2519207e-03	-3.0986283e-02
-3.2339945e-03	-6.5060641e-03	-5.2254577e-03	-3.0861465e-02
-3.2182201e-03	-6.4809847e-03	-5.1991158e-03	-3.0736959e-02
-3.2025290e-03	-6.4559809e-03	-5.1728940e-03	-3.0612765e-02
-3.1869274e-03	-6.4310518e-03	-5.1467911e-03	-3.0488883e-02
-3.1714211e-03	-6.4061964e-03	-5.1208059e-03	-3.0365313e-02
-3.1560162e-03	-6.3814139e-03	-5.0949371e-03	-3.0242057e-02
-3.1407186e-03	-6.3567033e-03	-5.0691831e-03	-3.0119114e-02
-3.1255342e-03	-6.3320634e-03	-5.0435425e-03	-2.9996484e-02
-3.1104687e-03	-6.3074934e-03	-5.0180135e-03	-2.9874170e-02
-3.0955277e-03	-6.2829920e-03	-4.9925946e-03	-2.9752170e-02
-3.0807168e-03	-6.2585582e-03	-4.9672839e-03	-2.9630486e-02
-3.0660414e-03	-6.2341910e-03	-4.9420795e-03	-2.9509119e-02
-3.0515069e-03	-6.2098892e-03	-4.9169795e-03	-2.9388068e-02
-3.0371184e-03	-6.1856517e-03	-4.8919820e-03	-2.9267336e-02
-3.0228810e-03	-6.1614774e-03	-4.8670848e-03	-2.9146922e-02
-3.0087995e-03	-6.1373651e-03	-4.8422859e-03	-2.9026828e-02
-2.9948788e-03	-6.1133137e-03	-4.8175832e-03	-2.8907053e-02
-2.9811234e-03	-6.0893222e-03	-4.7929745e-03	-2.8787600e-02
-2.9675376e-03	-6.0653893e-03	-4.7684576e-03	-2.8668468e-02
-2.9541258e-03	-6.0415140e-03	-4.7440304e-03	-2.8549659e-02
-2.9408920e-03	-6.0176952e-03	-4.7196905e-03	-2.8431173e-02
-2.9278401e-03	-5.9939319e-03	-4.6954358e-03	-2.8313012e-02
-2.9149736e-03	-5.9702230e-03	-4.6712641e-03	-2.8195175e-02
-2.9022960e-03	-5.9465674e-03	-4.6471731e-03	-2.8077663e-02
-2.8898107e-03	-5.9229642e-03	-4.6231606e-03	-2.7960478e-02
-2.8775205e-03	-5.8994123e-03	-4.5992244e-03	-2.7843620e-02
-2.8654283e-03	-5.8759110e-03	-4.5753623e-03	-2.7727089e-02
-2.8535366e-03	-5.8524593e-03	-4.5515723e-03	-2.7610886e-02
-2.8418478e-03	-5.8290562e-03	-4.5278521e-03	-2.7495011e-02
-2.8303640e-03	-5.8057011e-03	-4.5041998e-03	-2.7379466e-02
-2.8190870e-03	-5.7823931e-03	-4.4806133e-03	-2.7264250e-02
-2.8080184e-03	-5.7591315e-03	-4.4570907e-03	-2.7149364e-02
-2.7971596e-03	-5.7359157e-03	-4.4336300e-03	-2.7034808e-02
-2.7865116e-03	-5.7127449e-03	-4.4102294e-03	-2.6920582e-02
-2.7760754e-03	-5.6896187e-03	-4.3868872e-03	-2.6806687e-02
-2.7658515e-03	-5.6665364e-03	-4.3636015e-03	-2.6693122e-02
-2.7558402e-03	-5.6434977e-03	-4.3403708e-03	-2.6579888e-02
-2.7460417e-03	-5.6205020e-03	-4.3171935e-03	-2.6466985e-02
-2.7364557e-03	-5.5975491e-03	-4.2940681e-03	-2.6354412e-02
-2.7270819e-03	-5.5746387e-03	-4.2709931e-03	-2.6242169e-02
-2.7179194e-03	-5.5517704e-03	-4.2479673e-03	-2.6130256e-02
-2.7089674e-03	-5.5289441e-03	-4.2249894e-03	-2.6018673e-02
-2.7002246e-03	-5.5061597e-03	-4.2020582e-03	-2.5907420e-02
-2.6916895e-03	-5.4834171e-03	-4.1791727e-03	-2.5796495e-02
-2.6833605e-03	-5.4607163e-03	-4.1563319e-03	-2.5685898e-02
-2.6752356e-03	-5.4380573e-03	-4.1335349e-03	-2.5575628e-02
-2.6673125e-03	-5.4154403e-03	-4.1107809e-03	-2.5465686e-02
-2.6595887e-03	-5.3928653e-03	-4.0880691e-03	-2.5356069e-02
-2.6520616e-03	-5.3703327e-03	-4.0653990e-03	-2.5246777e-02
-2.6447283e-03	-5.3478426e-03	-4.0427699e-03	-2.5137810e-02
-2.6375854e-03	-5.3253954e-03	-4.0201815e-03	-2.5029166e-02
-2.6306297e-03	-5.3029914e-03	-3.9976333e-03	-2.4920843e-02
-2.6238575e-03	-5.2806312e-03	-3.9751250e-03	-2.4812842e-02
-2.6172650e-03	-5.2583151e-03	-3.9526565e-03	-2.4705160e-02
-2.6108481e-03	-5.2360436e-03	-3.9302276e-03	-2.4597797e-02
-2.6046026e-03	-5.2138174e-03	-3.9078382e-03	-2.4490751e-02
-2.5985240e-03	-5.1916371e-03	-3.8854884e-03	-2.4384021e-02
-2.5926077e-03	-5.1695031e-03	-3.8631781e-03	-2.4277604e-02
-2.5868489e-03	-5.1474164e-03	-3.8409077e-03	-2.4171501e-02
-2.5812426e-03	-5.1253774e-03	-3.8186772e-03	-2.4065709e-02
-2.5757837e-03	-5.1033871e-03	-3.7964869e-03	-2.3960227e-02
-2.5704668e-03	-5.0814461e-03	-3.7743371e-03	-2.3855054e-02
-2.5652865e-03	-5.0595553e-03	-3.7522282e-03	-2.3750187e-02
-2.5602372e-03	-5.0377155e-03	-3.7301606e-03	-2.3645625e-02
-2.5553132e-03	-5.0159275e-03	-3.7081348e-03	-2.3541366e-02
-2.5505086e-03	-4.9941922e-03	-3.6861512e-03	-2.3437410e-02
-2.5458175e-03	-4.9725104e-03	-3.6642104e-03	-2.3333753e-02
-2.5412338e-03	-4.9508831e-03	-3.6423128e-03	-2.3230395e-02
-2.5367514e-03	-4.9293110e-03	-3.6204592e-03	-2.3127334e-02
-2.5323641e-03	-4.9077952e-03	-3.5986499e-03	-2.3024569e-02
-2.5280654e-03	-4.8863364e-03	-3.5768857e-03	-2.2922096e-02
-2.5238492e-03	-4.8649357e-03	-3.5551672e-03	-2.2819916e-02
-2.5197088e-03	-4.8435938e-03	-3.5334949e-03	-2.2718027e-02
-2.5156380e-03	-4.8223117e-03	-3.5118695e-03	-2.2616426e-02
-2.5116301e-03	-4.8010902e-03	-3.4902916e-03	-2.2515112e-02
-2.5076786e-03	-4.7799302e-03	-3.4687617e-03	-2.2414085e-02
-2.5037771e-03	-4.7588325e-03	-3.4472805e-03	-2.2313342e-02
-2.4999189e-03	-4.7377979e-03	-3.4258485e-03	-2.2212882e-02
-2.4960975e-03	-4.7168272e-03	-3.4044664e-03	-2.2112703e-02
-2.4923065e-03	-4.6959213e-03	-3.3831345e-03	-2.2012805e-02
-2.4885392e-03	-4.6750808e-03	-3.3618534e-03	-2.1913186e-02
-2.4847893e-03	-4.6543065e-03	-3.3406235e-03	-2.1813844e-02
-2.4810503e-03	-4.6335990e-03	-3.3194454e-03	-2.1714780e-02
-2.4773158e-03	-4.6129590e-03	-3.2983193e-03	-2.1615991e-02
-2.4735795e-03	-4.5923871e-03	-3.2772457e-03	-2.1517476e-02
-2.4698351e-03	-4.5718840e-03	-3.2562249e-03	-2.1419235e-02
-2.4660766e-03	-4.5514501e-03	-3.2352571e-03	-2.1321267e-02
-2.4622978e-03	-4.5310859e-03	-3.2143426e-03	-2.1223571e-02
-2.4584926e-03	-4.5107920e-03	-3.1934815e-03	-2.1126146e-02
-2.4546553e-03	-4.4905687e-03	-3.1726739e-03	-2.1028991e-02
-2.4507800e-03	-4.4704164e-03	-3.1519201e-03	-2.0932106e-02
-2.4468611e-03	-4.4503354e-03	-3.1312199e-03	-2.0835491e-02
-2.4428930e-03	-4.4303261e-03	-3.1105735e-03	-2.0739144e-02
-2.4388703e-03	-4.4103886e-03	-3.0899806e-03	-2.0643066e-02
-2.4347877e-03	-4.3905233e-03	-3.0694413e-03	-2.0547256e-02
-2.4306400e-03	-4.3707301e-03	-3.0489554e-03	-2.0451714e-02
-2.4264223e-03	-4.3510093e-03	-3.0285226e-03	-2.0356440e-02
-2.4221296e-03	-4.3313609e-03	-3.0081427e-03	-2.0261433e-02
-2.4177574e-03	-4.3117850e-03	-2.9878155e-03	-2.0166694e-02
-2.4133010e-03	-4.2922814e-03	-2.9675405e-03	-2.0072223e-02
-2.4087561e-03	-4.2728502e-03	-2.9473174e-03	-1.9978019e-02
-2.4041185e-03	-4.2534912e-03	-2.9271458e-03	-1.9884083e-02
-2.3993842e-03	-4.2342043e-03	-2.9070252e-03	-1.9790416e-02
-2.3945493e-03	-4.2149893e-03	-2.8869552e-03	-1.9697017e-02
-2.3896101e-03	-4.1958460e-03	-2.8669352e-03	-1.9603886e-02
-2.3845632e-03	-4.1767741e-03	-2.8469646e-03	-1.9511025e-02
-2.3794052e-03	-4.1577733e-03	-2.8270430e-03	-1.9418434e-02
-2.3741330e-03	-4.1388433e-03	-2.8071697e-03	-1.9326112e-02
-2.3687437e-03	-4.1199837e-03	-2.7873442e-03	-1.9234061e-02
-2.3632345e-03	-4.1011941e-03	-2.7675657e-03	-1.9142281e-02
-2.3576030e-03	-4.0824741e-03	-2.7478337e-03	-1.9050773e-02
-2.3518467e-03	-4.0638232e-03	-2.7281475e-03	-1.8959537e-02
-2.3459634e-03	-4.0452410e-03	-2.7085065e-03	-1.8868573e-02
-2.3399513e-03	-4.0267271e-03	-2.6889101e-03	-1.8777884e-02
-2.3338084e-03	-4.0082807e-03	-2.6693577e-03	-1.8687468e-02
-2.3275333e-03	-3.9899016e-03	-2.6498485e-03	-1.8597328e-02
-2.3211246e-03	-3.9715890e-03	-2.6303821e-03	-1.8507463e-02
-2.3145810e-03	-3.9533424e-03	-2.6109579e-03	-1.8417874e-02
-2.3079015e-03	-3.9351613e-03	-2.5915752e-03	-1.8328562e-02
-2.3010853e-03	-3.9170452e-03	-2.5722336e-03	-1.8239527e-02
-2.2941319e-03	-3.8989933e-03	-2.5529325e-03	-1.8150771e-02
-2.2870407e-03	-3.8810052e-03	-2.5336716e-03	-1.8062294e-02
-2.2798115e-03	-3.8630802e-03	-2.5144504e-03	-1.7974096e-02
-2.2724442e-03	-3.8452177e-03	-2.4952684e-03	-1.7886178e-02
-2.2649389e-03	-3.8274173e-03	-2.4761255e-03	-1.7798540e-02
-2.2572960e-03	-3.8096782e-03	-2.4570212e-03	-1.7711184e-02
-2.2495159e-03	-3.7920000e-03	-2.4379555e-03	-1.7624109e-02
-2.2415992e-03	-3.7743821e-03	-2.4189280e-03	-1.7537316e-02
-2.2335468e-03	-3.7568240e-03	-2.3999388e-03	-1.7450806e-02
-2.2253596e-03	-3.7393250e-03	-2.3809877e-03	-1.7364578e-02
-2.2170389e-03	-3.7218848e-03	-2.3620749e-03	-1.7278634e-02
-2.2085859e-03	-3.7045028e-03	-2.3432003e-03	-1.7192972e-02
-2.2000021e-03	-3.6871785e-03	-2.3243641e-03	-1.7107594e-02
-2.1912891e-03	-3.6699114e-03	-2.3055666e-03	-1.7022500e-02
-2.1824488e-03	-3.6527012e-03	-2.2868081e-03	-1.6937689e-02
-2.1734830e-03	-3.6355474e-03	-2.2680889e-03	-1.6853162e-02
-2.1643940e-03	-3.6184496e-03	-2.2494095e-03	-1.6768918e-02
-2.1551838e-03	-3.6014075e-03	-2.2307705e-03	-1.6684958e-02
-2.1458549e-03	-3.5844208e-03	-2.2121723e-03	-1.6601281e-02
-2.1364099e-03	-3.5674890e-03	-2.1936158e-03	-1.6517886e-02
-2.1268513e-03	-3.5506119e-03	-2.1751016e-03	-1.6434775e-02
-2.1171819e-03	-3.5337894e-03	-2.1566307e-03	-1.6351945e-02
-2.1074047e-03	-3.5170210e-03	-2.1382038e-03	-1.6269397e-02
-2.0975226e-03	-3.5003067e-03	-2.1198219e-03	-1.6187130e-02
-2.0875389e-03	-3.4836462e-03	-2.1014862e-03	-1.6105143e-02
-2.0774567e-03	-3.4670394e-03	-2.0831977e-03	-1.6023436e-02
-2.0672795e-03	-3.4504862e-03	-2.0649575e-03	-1.5942008e-02
-2.0570108e-03	-3.4339864e-03	-2.0467670e-03	-1.5860858e-02
-2.0466541e-03	-3.4175400e-03	-2.0286275e-03	-1.5779985e-02
-2.0362131e-03	-3.4011470e-03	-2.0105402e-03	-1.5699388e-02
-2.0256916e-03	-3.3848073e-03	-1.9925067e-03	-1.5619067e-02
-2.0150935e-03	-3.3685210e-03	-1.9745284e-03	-1.5539019e-02
-2.0044228e-03	-3.3522879e-03	-1.9566067e-03	-1.5459244e-02
-1.9936835e-03	-3.3361083e-03	-1.9387434e-03	-1.5379741e-02
-1.9828798e-03	-3.3199821e-03	-1.9209399e-03	-1.5300508e-02
-1.9720158e-03	-3.3039095e-03	-1.9031980e-03	-1.5221544e-02
-1.9610959e-03	-3.2878904e-03	-1.8855192e-03	-1.5142848e-02
-1.9501245e-03	-3.2719251e-03	-1.8679053e-03	-1.5064418e-02
-1.9391059e-03	-3.2560136e-03	-1.8503580e-03	-1.4986253e-02
-1.9280446e-03	-3.2401561e-03	-1.8328790e-03	-1.4908351e-02
-1.9169452e-03	-3.2243527e-03	-1.8154701e-03	-1.4830711e-02
-1.9058124e-03	-3.2086037e-03	-1.7981330e-03	-1.4753331e-02
-1.8946507e-03	-3.1929090e-03	-1.7808695e-03	-1.4676210e-02
-1.8834649e-03	-3.1772689e-03	-1.7636812e-03	-1.4599345e-02
-1.8722597e-03	-3.1616836e-03	-1.7465700e-03	-1.4522737e-02
-1.8610399e-03	-3.1461532e-03	-1.7295376e-03	-1.4446382e-02
-1.8498104e-03	-3.1306778e-03	-1.7125857e-03	-1.4370279e-02
-1.8385759e-03	-3.1152577e-03	-1.6957158e-03	-1.4294427e-02
-1.8273414e-03	-3.0998929e-03	-1.6789297e-03	-1.4218824e-02
-1.8161118e-03	-3.0845836e-03	-1.6622290e-03	-1.4143469e-02
-1.8048920e-03	-3.0693300e-03	-1.6456152e-03	-1.4068359e-02
-1.7936870e-03	-3.0541321e-03	-1.6290898e-03	-1.3993493e-02
-1.7825016e-03	-3.0389900e-03	-1.6126543e-03	-1.3918869e-02
-1.7713409e-03	-3.0239039e-03	-1.5963100e-03	-1.3844487e-02
-1.7602099e-03	-3.0088738e-03	-1.5800584e-03	-1.3770344e-02
-1.7491135e-03	-2.9938997e-03	-1.5639006e-03	-1.3696439e-02
-1.7380566e-03	-2.9789816e-03	-1.5478380e-03	-1.3622771e-02
-1.7270442e-03	-2.9641197e-03	-1.5318715e-03	-1.3549338e-02
-1.7160812e-03	-2.9493137e-03	-1.5160022e-03	-1.3476138e-02
-1.7051726e-03	-2.9345638e-03	-1.5002311e-03	-1.3403171e-02
-1.6943232e-03	-2.9198697e-03	-1.4845591e-03	-1.3330435e-02
-1.6835379e-03	-2.9052315e-03	-1.4689869e-03	-1.3257928e-02
-1.6728215e-03	-2.8906489e-03	-1.4535151e-03	-1.3185651e-02
-1.6621788e-03	-2.8761219e-03	-1.4381445e-03	-1.3113600e-02
-1.6516145e-03	-2.8616502e-03	-1.4228755e-03	-1.3041777e-02
-1.6411334e-03	-2.8472335e-03	-1.4077084e-03	-1.2970178e-02
-1.6307400e-03	-2.8328717e-03	-1.3926436e-03	-1.2898804e-02
-1.6204390e-03	-2.8185644e-03	-1.3776812e-03	-1.2827654e-02
-1.6102348e-03	-2.8043113e-03	-1.3628213e-03	-1.2756726e-02
-1.6001320e-03	-2.7901121e-03	-1.3480638e-03	-1.2686020e-02
-1.5901349e-03	-2.7759663e-03	-1.3334087e-03	-1.2615535e-02
-1.5802477e-03	-2.7618736e-03	-1.3188557e-03	-1.2545271e-02
-1.5704748e-03	-2.7478335e-03	-1.3044044e-03	-1.2475227e-02
-1.5608203e-03	-2.7338454e-03	-1.2900543e-03	-1.2405403e-02
-1.5512881e-03	-2.7199090e-03	-1.2758049e-03	-1.2335798e-02
-1.5418822e-03	-2.7060235e-03	-1.2616556e-03	-1.2266411e-02
-1.5326065e-03	-2.6921885e-03	-1.2476054e-03	-1.2197243e-02
-1.5234647e-03	-2.6784034e-03	-1.2336537e-03	-1.2128293e-02
-1.5144603e-03	-2.6646674e-03	-1.2197994e-03	-1.2059561e-02
-1.5055969e-03	-2.6509800e-03	-1.2060413e-03	-1.1991047e-02
-1.4968779e-03	-2.6373405e-03	-1.1923784e-03	-1.1922751e-02
-1.4883064e-03	-2.6237481e-03	-1.1788094e-03	-1.1854673e-02
-1.4798856e-03	-2.6102021e-03	-1.1653330e-03	-1.1786813e-02
-1.4716185e-03	-2.5967018e-03	-1.1519476e-03	-1.1719170e-02
-1.4635078e-03	-2.5832463e-03	-1.1386519e-03	-1.1651746e-02
-1.4555562e-03	-2.5698350e-03	-1.1254441e-03	-1.1584540e-02
-1.4477663e-03	-2.5564670e-03	-1.1123227e-03	-1.1517553e-02
-1.4401404e-03	-2.5431415e-03	-1.0992859e-03	-1.1450785e-02
-1.4326808e-03	-2.5298576e-03	-1.0863319e-03	-1.1384236e-02
-1.4253893e-03	-2.5166146e-03	-1.0734589e-03	-1.1317907e-02
-1.4182680e-03	-2.5034116e-03	-1.0606649e-03	-1.1251798e-02
-1.4113186e-03	-2.4902478e-03	-1.0479480e-03	-1.1185909e-02
-1.4045424e-03	-2.4771223e-03	-1.0353063e-03	-1.1120241e-02
-1.3979409e-03	-2.4640343e-03	-1.0227375e-03	-1.1054795e-02
-1.3915152e-03	-2.4509830e-03	-1.0102398e-03	-1.0989570e-02
-1.3852664e-03	-2.4379675e-03	-9.9781095e-04	-1.0924568e-02
-1.3791950e-03	-2.4249870e-03	-9.8544886e-04	-1.0859789e-02
-1.3733019e-03	-2.4120408e-03	-9.7315140e-04	-1.0795233e-02
-1.3675872e-03	-2.3991280e-03	-9.6091642e-04	-1.0730901e-02
-1.3620513e-03	-2.3862478e-03	-9.4874177e-04	-1.0666794e-02
-1.3566941e-03	-2.3733996e-03	-9.3662528e-04	-1.0602911e-02
-1.3515154e-03	-2.3605825e-03	-9.2456483e-04	-1.0539254e-02
-1.3465148e-03	-2.3477959e-03	-9.1255827e-04	-1.0475823e-02
-1.3416917e-03	-2.3350390e-03	-9.0060348e-04	-1.0412618e-02
-1.3370453e-03	-2.3223113e-03	-8.8869837e-04	-1.0349639e-02
-1.3325745e-03	-2.3096120e-03	-8.7684087e-04	-1.0286888e-02
-1.3282781e-03	-2.2969407e-03	-8.6502894e-04	-1.0224365e-02
-1.3241548e-03	-2.2842966e-03	-8.5326059e-04	-1.0162069e-02
-1.3202028e-03	-2.2716794e-03	-8.4153385e-04	-1.0100002e-02
-1.3164203e-03	-2.2590885e-03	-8.2984682e-04	-1.0038163e-02
-1.3128054e-03	-2.2465235e-03	-8.1819764e-04	-9.9765523e-03
-1.3093557e-03	-2.2339840e-03	-8.0658450e-04	-9.9151709e-03
-1.3060688e-03	-2.2214695e-03	-7.9500566e-04	-9.8540185e-03
-1.3029420e-03	-2.2089798e-03	-7.8345943e-04	-9.7930951e-03
-1.2999727e-03	-2.1965146e-03	-7.7194419e-04	-9.7324008e-03
-1.2971576e-03	-2.1840737e-03	-7.6045841e-04	-9.6719357e-03
-1.2944937e-03	-2.1716568e-03	-7.4900060e-04	-9.6116995e-03
-1.2919774e-03	-2.1592639e-03	-7.3756936e-04	-9.5516922e-03
-1.2896054e-03	-2.1468947e-03	-7.2616337e-04	-9.4919137e-03
-1.2873737e-03	-2.1345494e-03	-7.1478139e-04	-9.4323635e-03
-1.2852784e-03	-2.1222278e-03	-7.0342225e-04	-9.3730415e-03
-1.2833155e-03	-2.1099300e-03	-6.9208488e-04	-9.3139472e-03
-1.2814807e-03	-2.0976562e-03	-6.8076828e-04	-9.2550803e-03
-1.2797696e-03	-2.0854064e-03	-6.6947154e-04	-9.1964402e-03
-1.2781775e-03	-2.0731808e-03	-6.5819383e-04	-9.1380264e-03
-1.2766998e-03	-2.0609797e-03	-6.4693442e-04	-9.0798383e-03
-1.2753316e-03	-2.0488033e-03	-6.3569265e-04	-9.0218753e-03
-1.2740680e-03	-2.0366520e-03	-6.2446797e-04	-8.9641365e-03
-1.2729037e-03	-2.0245261e-03	-6.1325988e-04	-8.9066212e-03
-1.2718335e-03	-2.0124260e-03	-6.0206799e-04	-8.8493286e-03
-1.2708521e-03	-2.0003523e-03	-5.9089200e-04	-8.7922578e-03
-1.2699540e-03	-1.9883052e-03	-5.7973166e-04	-8.7354078e-03
-1.2691336e-03	-1.9762855e-03	-5.6858684e-04	-8.6787776e-03
-1.2683852e-03	-1.9642936e-03	-5.5745746e-04	-8.6223663e-03
-1.2677032e-03	-1.9523302e-03	-5.4634353e-04	-8.5661727e-03
-1.2670817e-03	-1.9403958e-03	-5.3524513e-04	-8.5101957e-03
-1.2665149e-03	-1.9284912e-03	-5.2416242e-04	-8.4544342e-03
-1.2659966e-03	-1.9166170e-03	-5.1309562e-04	-8.3988869e-03
-1.2655211e-03	-1.9047739e-03	-5.0204502e-04	-8.3435525e-03
-1.2650822e-03	-1.8929626e-03	-4.9101098e-04	-8.2884299e-03
-1.2646739e-03	-1.8811840e-03	-4.7999392e-04	-8.2335177e-03
-1.2642900e-03	-1.8694388e-03	-4.6899430e-04	-8.1788146e-03
-1.2639246e-03	-1.8577278e-03	-4.5801265e-04	-8.1243193e-03
-1.2635713e-03	-1.8460518e-03	-4.4704955e-04	-8.0700304e-03
-1.2632243e-03	-1.8344116e-03	-4.3610562e-04	-8.0159466e-03
-1.2628773e-03	-1.8228081e-03	-4.2518153e-04	-7.9620663e-03
-1.2625242e-03	-1.8112420e-03	-4.1427797e-04	-7.9083884e-03
-1.2621591e-03	-1.7997143e-03	-4.0339569e-04	-7.8549113e-03
-1.2617759e-03	-1.7882257e-03	-3.9253546e-04	-7.8016337e-03
-1.2613687e-03	-1.7767772e-03	-3.8169808e-04	-7.7485542e-03
-1.2609315e-03	-1.7653695e-03	-3.7088435e-04	-7.6956715e-03
-1.2604585e-03	-1.7540034e-03	-3.6009513e-04	-7.6429841e-03
-1.2599441e-03	-1.7426799e-03	-3.4933125e-04	-7.5904907e-03
-1.2593823e-03	-1.7313997e-03	-3.3859359e-04	-7.5381899e-03
-1.2587678e-03	-1.7201636e-03	-3.2788301e-04	-7.4860806e-03
-1.2580950e-03	-1.7089724e-03	-3.1720040e-04	-7.4341613e-03
-1.2573585e-03	-1.6978268e-03	-3.0654661e-04	-7.3824309e-03
-1.2565530e-03	-1.6867276e-03	-2.9592253e-04	-7.3308880e-03
-1.2556734e-03	-1.6756755e-03	-2.8532900e-04	-7.2795316e-03
-1.2547147e-03	-1.6646712e-03	-2.7476689e-04	-7.2283604e-03
-1.2536720e-03	-1.6537154e-03	-2.6423702e-04	-7.1773734e-03
-1.2525405e-03	-1.6428086e-03	-2.5374023e-04	-7.1265694e-03
-1.2513157e-03	-1.6319516e-03	-2.4327730e-04	-7.0759476e-03
-1.2499931e-03	-1.6211449e-03	-2.3284901e-04	-7.0255067e-03
-1.2485685e-03	-1.6103890e-03	-2.2245612e-04	-6.9752461e-03
-1.2470378e-03	-1.5996844e-03	-2.1209935e-04	-6.9251647e-03
-1.2453970e-03	-1.5890317e-03	-2.0177938e-04	-6.8752617e-03
-1.2436424e-03	-1.5784311e-03	-1.9149689e-04	-6.8255364e-03
-1.2417704e-03	-1.5678833e-03	-1.8125250e-04	-6.7759881e-03
-1.2397776e-03	-1.5573883e-03	-1.7104680e-04	-6.7266160e-03
-1.2376609e-03	-1.5469467e-03	-1.6088035e-04	-6.6774196e-03
-1.2354173e-03	-1.5365587e-03	-1.5075367e-04	-6.6283982e-03
-1.2330440e-03	-1.5262245e-03	-1.4066724e-04	-6.5795515e-03
-1.2305383e-03	-1.5159442e-03	-1.3062150e-04	-6.5308790e-03
-1.2278980e-03	-1.5057181e-03	-1.2061684e-04	-6.4823803e-03
-1.2251208e-03	-1.4955463e-03	-1.1065365e-04	-6.4340549e-03
-1.2222048e-03	-1.4854287e-03	-1.0073223e-04	-6.3859028e-03
-1.2191482e-03	-1.4753655e-03	-9.0852865e-05	-6.3379236e-03
-1.2159496e-03	-1.4653567e-03	-8.1015806e-05	-6.2901172e-03
-1.2126075e-03	-1.4554021e-03	-7.1221257e-05	-6.2424834e-03
-1.2091208e-03	-1.4455016e-03	-6.1469385e-05	-6.1950223e-03
-1.2054887e-03	-1.4356552e-03	-5.1760323e-05	-6.1477337e-03
-1.2017106e-03	-1.4258626e-03	-4.2094166e-05	-6.1006176e-03
-1.1977858e-03	-1.4161237e-03	-3.2470979e-05	-6.0536743e-03
-1.1937143e-03	-1.4064381e-03	-2.2890792e-05	-6.0069037e-03
-1.1894959e-03	-1.3968057e-03	-1.3353606e-05	-5.9603060e-03
-1.1851308e-03	-1.3872260e-03	-3.8593935e-06	-5.9138814e-03
-1.1806194e-03	-1.3776987e-03	5.5918995e-06	-5.8676301e-03
-1.1759624e-03	-1.3682235e-03	1.5000351e-05	-5.8215524e-03
-1.1711605e-03	-1.3587999e-03	2.4366061e-05	-5.7756486e-03
-1.1662147e-03	-1.3494275e-03	3.3689148e-05	-5.7299189e-03
-1.1611262e-03	-1.3401058e-03	4.2969749e-05	-5.6843636e-03
-1.1558965e-03	-1.3308344e-03	5.2208013e-05	-5.6389832e-03
-1.1505270e-03	-1.3216126e-03	6.1404103e-05	-5.5937780e-03
-1.1450198e-03	-1.3124401e-03	7.0558188e-05	-5.5487483e-03
-1.1393766e-03	-1.3033162e-03	7.9670446e-05	-5.5038946e-03
-1.1335996e-03	-1.2942403e-03	8.8741055e-05	-5.4592172e-03
-1.1276913e-03	-1.2852119e-03	9.7770197e-05	-5.4147165e-03
-1.1216540e-03	-1.2762303e-03	1.0675805e-04	-5.3703928e-03
-1.1154905e-03	-1.2672951e-03	1.1570479e-04	-5.3262467e-03
-1.1092037e-03	-1.2584054e-03	1.2461057e-04	-5.2822784e-03
-1.1027964e-03	-1.2495608e-03	1.3347555e-04	-5.2384883e-03
-1.0962719e-03	-1.2407606e-03	1.4229988e-04	-5.1948768e-03
-1.0896335e-03	-1.2320042e-03	1.5108368e-04	-5.1514441e-03
-1.0828846e-03	-1.2232908e-03	1.5982705e-04	-5.1081907e-03
-1.0760288e-03	-1.2146200e-03	1.6853009e-04	-5.0651167e-03
-1.0690698e-03	-1.2059910e-03	1.7719284e-04	-5.0222225e-03
-1.0620115e-03	-1.1974033e-03	1.8581536e-04	-4.9795082e-03
-1.0548577e-03	-1.1888562e-03	1.9439766e-04	-4.9369741e-03
-1.0476126e-03	-1.1803490e-03	2.0293971e-04	-4.8946203e-03
-1.0402804e-03	-1.1718813e-03	2.1144146e-04	-4.8524469e-03
-1.0328652e-03	-1.1634524e-03	2.1990284e-04	-4.8104541e-03
-1.0253715e-03	-1.1550617e-03	2.2832372e-04	-4.7686418e-03
-1.0178038e-03	-1.1467087e-03	2.3670397e-04	-4.7270100e-03
-1.0101665e-03	-1.1383928e-03	2.4504338e-04	-4.6855588e-03
-1.0024643e-03	-1.1301135e-03	2.5334174e-04	-4.6442879e-03
-9.9470194e-04	-1.1218703e-03	2.6159879e-04	-4.6031973e-03
-9.8688403e-04	-1.1136626e-03	2.6981422e-04	-4.5622868e-03
-9.7901544e-04	-1.1054900e-03	2.7798770e-04	-4.5215561e-03
-9.7110101e-04	-1.0973521e-03	2.8611886e-04	-4.4810049e-03
-9.6314564e-04	-1.0892483e-03	2.9420727e-04	-4.4406328e-03
-9.5515426e-04	-1.0811783e-03	3.0225249e-04	-4.4004395e-03
-9.4713183e-04	-1.0731417e-03	3.1025402e-04	-4.3604246e-03
-9.3908334e-04	-1.0651381e-03	3.1821135e-04	-4.3205874e-03
-9.3101381e-04	-1.0571671e-03	3.2612391e-04	-4.2809275e-03
-9.2292826e-04	-1.0492285e-03	3.3399110e-04	-4.2414443e-03
-9.1483170e-04	-1.0413218e-03	3.4181230e-04	-4.2021370e-03
-9.0672919e-04	-1.0334469e-03	3.4958684e-04	-4.1630050e-03
-8.9862575e-04	-1.0256034e-03	3.5731404e-04	-4.1240476e-03
-8.9052640e-04	-1.0177912e-03	3.6499319e-04	-4.0852638e-03
-8.8243615e-04	-1.0100099e-03	3.7262354e-04	-4.0466529e-03
-8.7435997e-04	-1.0022594e-03	3.8020432e-04	-4.0082140e-03
-8.6630284e-04	-9.9453951e-04	3.8773476e-04	-3.9699461e-03
-8.5826969e-04	-9.8685007e-04	3.9521405e-04	-3.9318482e-03
-8.5026541e-04	-9.7919092e-04	4.0264137e-04	-3.8939194e-03
-8.4229485e-04	-9.7156194e-04	4.1001590e-04	-3.8561586e-03
-8.3436283e-04	-9.6396302e-04	4.1733680e-04	-3.8185647e-03
-8.2647412e-04	-9.5639406e-04	4.2460322e-04	-3.7811365e-03
-8.1863341e-04	-9.4885499e-04	4.3181432e-04	-3.7438731e-03
-8.1084535e-04	-9.4134572e-04	4.3896925e-04	-3.7067731e-03
-8.0311454e-04	-9.3386621e-04	4.4606718e-04	-3.6698354e-03
-7.9544550e-04	-9.2641642e-04	4.5310727e-04	-3.6330587e-03
-7.8784266e-04	-9.1899630e-04	4.6008870e-04	-3.5964419e-03
-7.8031041e-04	-9.1160583e-04	4.6701067e-04	-3.5599838e-03
-7.7285305e-04	-9.0424499e-04	4.7387238e-04	-3.5236830e-03
-7.6547477e-04	-8.9691376e-04	4.8067308e-04	-3.4875383e-03
-7.5817971e-04	-8.8961214e-04	4.8741203e-04	-3.4515485e-03
-7.5097191e-04	-8.8234011e-04	4.9408851e-04	-3.4157123e-03
-7.4385530e-04	-8.7509767e-04	5.0070184e-04	-3.3800284e-03
-7.3683374e-04	-8.6788481e-04	5.0725140e-04	-3.3444956e-03
-7.2991098e-04	-8.6070152e-04	5.1373657e-04	-3.3091127e-03
-7.2309065e-04	-8.5354779e-04	5.2015681e-04	-3.2738784e-03
-7.1637630e-04	-8.4642360e-04	5.2651159e-04	-3.2387915e-03
-7.0977137e-04	-8.3932893e-04	5.3280046e-04	-3.2038508e-03
-7.0327916e-04	-8.3226376e-04	5.3902301e-04	-3.1690552e-03
-6.9690289e-04	-8.2522804e-04	5.4517889e-04	-3.1344036e-03
-6.9064565e-04	-8.1822174e-04	5.5126780e-04	-3.0998947e-03
-6.8451040e-04	-8.1124478e-04	5.5728950e-04	-3.0655275e-03
-6.7850001e-04	-8.0429712e-04	5.6324383e-04	-3.0313010e-03
-6.7261719e-04	-7.9737866e-04	5.6913067e-04	-2.9972141e-03
-6.6686454e-04	-7.9048931e-04	5.7494999e-04	-2.9632659e-03
-6.6124455e-04	-7.8362896e-04	5.8070182e-04	-2.9294553e-03
-6.5575955e-04	-7.7679750e-04	5.8638625e-04	-2.8957816e-03
-6.5041176e-04	-7.6999478e-04	5.9200347e-04	-2.8622439e-03
-6.4520325e-04	-7.6322064e-04	5.9755372e-04	-2.8288413e-03
-6.4013596e-04	-7.5647493e-04	6.0303731e-04	-2.7955731e-03
-6.3521171e-04	-7.4975744e-04	6.0845464e-04	-2.7624385e-03
-6.3043215e-04	-7.4306797e-04	6.1380619e-04	-2.7294370e-03
-6.2579882e-04	-7.3640630e-04	6.1909250e-04	-2.6965678e-03
-6.2131310e-04	-7.2977219e-04	6.2431419e-04	-2.6638304e-03
-6.1697623e-04	-7.2316537e-04	6.2947196e-04	-2.6312244e-03
-6.1278930e-04	-7.1658558e-04	6.3456658e-04	-2.5987491e-03
-6.0875328e-04	-7.1003250e-04	6.3959890e-04	-2.5664043e-03
-6.0486895e-04	-7.0350584e-04	6.4456985e-04	-2.5341896e-03
-6.0113699e-04	-6.9700525e-04	6.4948041e-04	-2.5021045e-03
-5.9755791e-04	-6.9053041e-04	6.5433165e-04	-2.4701490e-03
-5.9413205e-04	-6.8408093e-04	6.5912469e-04	-2.4383228e-03
-5.9085963e-04	-6.7765646e-04	6.6386075e-04	-2.4066256e-03
-5.8774070e-04	-6.7125659e-04	6.6854108e-04	-2.3750575e-03
-5.8477518e-04	-6.6488092e-04	6.7316701e-04	-2.3436183e-03
-5.8196282e-04	-6.5852903e-04	6.7773993e-04	-2.3123080e-03
-5.7930323e-04	-6.5220049e-04	6.8226129e-04	-2.2811267e-03
-5.7679585e-04	-6.4589487e-04	6.8673257e-04	-2.2500743e-03
-5.7443998e-04	-6.3961171e-04	6.9115533e-04	-2.2191511e-03
-5.7223477e-04	-6.3335056e-04	6.9553118e-04	-2.1883572e-03
-5.7017921e-04	-6.2711095e-04	6.9986174e-04	-2.1576927e-03
-5.6827215e-04	-6.2089241e-04	7.0414871e-04	-2.1271578e-03
-5.6651227e-04	-6.1469446e-04	7.0839380e-04	-2.0967529e-03
-5.6489811e-04	-6.0851664e-04	7.1259876e-04	-2.0664781e-03
-5.6342807e-04	-6.0235847e-04	7.1676537e-04	-2.0363338e-03
-5.6210038e-04	-5.9621946e-04	7.2089545e-04	-2.0063203e-03
-5.6091314e-04	-5.9009915e-04	7.2499081e-04	-1.9764380e-03
-5.5986428e-04	-5.8399705e-04	7.2905330e-04	-1.9466872e-03
-5.5895160e-04	-5.7791271e-04	7.3308477e-04	-1.9170683e-03
-5.5817275e-04	-5.7184567e-04	7.3708708e-04	-1.8875817e-03
-5.5752525e-04	-5.6579548e-04	7.4106210e-04	-1.8582278e-03
-5.5700646e-04	-5.5976170e-04	7.4501168e-04	-1.8290070e-03
-5.5661360e-04	-5.5374389e-04	7.4893769e-04	-1.7999196e-03
-5.5634377e-04	-5.4774165e-04	7.5284196e-04	-1.7709662e-03
-5.5619391e-04	-5.4175458e-04	7.5672634e-04	-1.7421471e-03
-5.5616085e-04	-5.3578229e-04	7.6059262e-04	-1.7134626e-03
-5.5624128e-04	-5.2982443e-04	7.6444260e-04	-1.6849133e-03
-5.5643176e-04	-5.2388064e-04	7.6827804e-04	-1.6564995e-03
-5.5672872e-04	-5.1795060e-04	7.7210066e-04	-1.6282214e-03
-5.5712849e-04	-5.1203402e-04	7.7591215e-04	-1.6000796e-03
-5.5762725e-04	-5.0613061e-04	7.7971416e-04	-1.5720742e-03
-5.5822109e-04	-5.0024013e-04	7.8350829e-04	-1.5442056e-03
-5.5890598e-04	-4.9436236e-04	7.8729611e-04	-1.5164740e-03
-5.5967778e-04	-4.8849708e-04	7.9107913e-04	-1.4888798e-03
-5.6053225e-04	-4.8264414e-04	7.9485878e-04	-1.4614230e-03
-5.6146505e-04	-4.7680339e-04	7.9863646e-04	-1.4341039e-03
-5.6247175e-04	-4.7097474e-04	8.0241351e-04	-1.4069227e-03
-5.6354781e-04	-4.6515809e-04	8.0619119e-04	-1.3798793e-03
-5.6468863e-04	-4.5935340e-04	8.0997070e-04	-1.3529740e-03
-5.6588951e-04	-4.5356066e-04	8.1375317e-04	-1.3262066e-03
-5.6714569e-04	-4.4777989e-04	8.1753967e-04	-1.2995773e-03
-5.6845232e-04	-4.4201114e-04	8.2133117e-04	-1.2730859e-03
-5.6980451e-04	-4.3625449e-04	8.2512858e-04	-1.2467323e-03
-5.7119730e-04	-4.3051007e-04	8.2893275e-04	-1.2205164e-03
-5.7262565e-04	-4.2477803e-04	8.3274442e-04	-1.1944379e-03
-5.7408451e-04	-4.1905855e-04	8.3656426e-04	-1.1684968e-03
-5.7556878e-04	-4.1335185e-04	8.4039288e-04	-1.1426925e-03
-5.7707330e-04	-4.0765819e-04	8.4423078e-04	-1.1170249e-03
-5.7859291e-04	-4.0197785e-04	8.4807840e-04	-1.0914935e-03
-5.8012241e-04	-3.9631115e-04	8.5193609e-04	-1.0660979e-03
-5.8165658e-04	-3.9065843e-04	8.5580411e-04	-1.0408376e-03
-5.8319021e-04	-3.8502008e-04	8.5968266e-04	-1.0157122e-03
-5.8471806e-04	-3.7939650e-04	8.6357183e-04	-9.9072091e-04
-5.8623492e-04	-3.7378813e-04	8.6747167e-04	-9.6586327e-04
-5.8773556e-04	-3.6819543e-04	8.7138210e-04	-9.4113859e-04
-5.8921480e-04	-3.6261889e-04	8.7530302e-04	-9.1654617e-04
-5.9066745e-04	-3.5705904e-04	8.7923420e-04	-8.9208527e-04
-5.9208838e-04	-3.5151641e-04	8.8317538e-04	-8.6775511e-04
-5.9347247e-04	-3.4599157e-04	8.8712619e-04	-8.4355488e-04
-5.9481466e-04	-3.4048509e-04	8.9108622e-04	-8.1948373e-04
-5.9610996e-04	-3.3499758e-04	8.9505497e-04	-7.9554076e-04
-5.9735339e-04	-3.2952967e-04	8.9903190e-04	-7.7172507e-04
-5.9854008e-04	-3.2408198e-04	9.0301637e-04	-7.4803572e-04
-5.9966522e-04	-3.1865516e-04	9.0700771e-04	-7.2447172e-04
-6.0072405e-04	-3.1324989e-04	9.1100519e-04	-7.0103208e-04
-6.0171194e-04	-3.0786683e-04	9.1500800e-04	-6.7771578e-04
-6.0262433e-04	-3.0250666e-04	9.1901532e-04	-6.5452179e-04
-6.0345676e-04	-2.9717007e-04	9.2302624e-04	-6.3144905e-04
-6.0420487e-04	-2.9185776e-04	9.2703983e-04	-6.0849649e-04
-6.0486443e-04	-2.8657041e-04	9.3105512e-04	-5.8566303e-04
-6.0543131e-04	-2.8130873e-04	9.3507110e-04	-5.6294758e-04
-6.0590151e-04	-2.7607339e-04	9.3908671e-04	-5.4034906e-04
-6.0627116e-04	-2.7086511e-04	9.4310087e-04	-5.1786636e-04
-6.0653654e-04	-2.6568455e-04	9.4711249e-04	-4.9549839e-04
-6.0669406e-04	-2.6053239e-04	9.5112044e-04	-4.7324406e-04
-6.0674026e-04	-2.5540930e-04	9.5512356e-04	-4.5110227e-04
-6.0667187e-04	-2.5031594e-04	9.5912070e-04	-4.2907195e-04
-6.0648575e-04	-2.4525294e-04	9.6311068e-04	-4.0715203e-04
-6.0617892e-04	-2.4022093e-04	9.6709232e-04	-3.8534145e-04
-6.0574860e-04	-2.3522051e-04	9.7106444e-04	-3.6363918e-04
-6.0519214e-04	-2.3025227e-04	9.7502584e-04	-3.4204421e-04
-6.0450709e-04	-2.2531679e-04	9.7897534e-04	-3.2055553e-04
-6.0369118e-04	-2.2041460e-04	9.8291176e-04	-2.9917217e-04
-6.0274232e-04	-2.1554622e-04	9.8683392e-04	-2.7789318e-04
-6.0165859e-04	-2.1071215e-04	9.9074068e-04	-2.5671766e-04
-6.0043829e-04	-2.0591286e-04	9.9463088e-04	-2.3564470e-04
-5.9907988e-04	-2.0114878e-04	9.9850341e-04	-2.1467345e-04
-5.9758205e-04	-1.9642033e-04	1.0023572e-03	-1.9380309e-04
-5.9594365e-04	-1.9172787e-04	1.0061910e-03	-1.7303284e-04
-5.9416376e-04	-1.8707175e-04	1.0100040e-03	-1.5236195e-04
-5.9224164e-04	-1.8245229e-04	1.0137950e-03	-1.3178971e-04
-5.9017676e-04	-1.7786976e-04	1.0175631e-03	-1.1131544e-04
-5.8796880e-04	-1.7332441e-04	1.0213073e-03	-9.0938515e-05
-5.8561761e-04	-1.6881644e-04	1.0250267e-03	-7.0658352e-05
-5.8312330e-04	-1.6434602e-04	1.0287203e-03	-5.0474403e-05
-5.8048612e-04	-1.5991329e-04	1.0323874e-03	-3.0386165e-05
-5.7770657e-04	-1.5551835e-04	1.0360271e-03	-1.0393178e-05
-5.7478534e-04	-1.5116125e-04	1.0396387e-03	9.5049735e-06
-5.7172331e-04	-1.4684202e-04	1.0432213e-03	2.9308663e-05
-5.6852156e-04	-1.4256065e-04	1.0467745e-03	4.9018220e-05
-5.6518139e-04	-1.3831709e-04	1.0502974e-03	6.8633931e-05
-5.6170427e-04	-1.3411124e-04	1.0537894e-03	8.8156040e-05
-5.5809188e-04	-1.2994299e-04	1.0572502e-03	1.0758475e-04
-5.5434609e-04	-1.2581218e-04	1.0606790e-03	1.2692022e-04
-5.5046895e-04	-1.2171860e-04	1.0640755e-03	1.4616258e-04
-5.4646270e-04	-1.1766203e-04	1.0674392e-03	1.6531190e-04
-5.4232976e-04	-1.1364221e-04	1.0707697e-03	1.8436823e-04
-5.3807274e-04	-1.0965884e-04	1.0740668e-03	2.0333157e-04
-5.3369441e-04	-1.0571158e-04	1.0773300e-03	2.2220192e-04
-5.2919771e-04	-1.0180009e-04	1.0805591e-03	2.4097919e-04
-5.2458575e-04	-9.7923956e-05	1.0837540e-03	2.5966331e-04
-5.1986180e-04	-9.4082773e-05	1.0869144e-03	2.7825416e-04
-5.1502928e-04	-9.0276091e-05	1.0900402e-03	2.9675158e-04
-5.1009177e-04	-8.6503437e-05	1.0931313e-03	3.1515541e-04
-5.0505300e-04	-8.2764313e-05	1.0961875e-03	3.3346544e-04
-4.9991681e-04	-7.9058197e-05	1.0992089e-03	3.5168148e-04
-4.9468720e-04	-7.5384547e-05	1.1021955e-03	3.6980328e-04
-4.8936828e-04	-7.1742801e-05	1.1051471e-03	3.8783059e-04
-4.8396430e-04	-6.8132376e-05	1.1080640e-03	4.0576315e-04
-4.7847961e-04	-6.4552675e-05	1.1109462e-03	4.2360069e-04
-4.7291867e-04	-6.1003084e-05	1.1137937e-03	4.4134293e-04
-4.6728603e-04	-5.7482977e-05	1.1166066e-03	4.5898957e-04
-4.6158637e-04	-5.3991716e-05	1.1193851e-03	4.7654033e-04
-4.5582441e-04	-5.0528652e-05	1.1221294e-03	4.9399492e-04
-4.5000498e-04	-4.7093130e-05	1.1248395e-03	5.1135305e-04
-4.4413298e-04	-4.3684487e-05	1.1275157e-03	5.2861443e-04
-4.3821337e-04	-4.0302056e-05	1.1301580e-03	5.4577879e-04
-4.3225117e-04	-3.6945168e-05	1.1327668e-03	5.6284586e-04
-4.2625145e-04	-3.3613151e-05	1.1353422e-03	5.7981539e-04
-4.2021934e-04	-3.0305335e-05	1.1378844e-03	5.9668712e-04
-4.1415998e-04	-2.7021052e-05	1.1403935e-03	6.1346085e-04
-4.0807856e-04	-2.3759639e-05	1.1428698e-03	6.3013635e-04
-4.0198028e-04	-2.0520436e-05	1.1453135e-03	6.4671346e-04
-3.9587036e-04	-1.7302792e-05	1.1477247e-03	6.6319201e-04
-3.8975404e-04	-1.4106065e-05	1.1501037e-03	6.7957185e-04
-3.8363654e-04	-1.0929621e-05	1.1524506e-03	6.9585289e-04
-3.7752308e-04	-7.7728396e-06	1.1547655e-03	7.1203503e-04
-3.7141888e-04	-4.6351111e-06	1.1570487e-03	7.2811824e-04
-3.6532911e-04	-1.5158409e-06	1.1593003e-03	7.4410249e-04
-3.5925895e-04	1.5855505e-06	1.1615203e-03	7.5998780e-04
-3.5321351e-04	4.6696267e-06	1.1637089e-03	7.7577420e-04
-3.4719789e-04	7.7369340e-06	1.1658663e-03	7.9146180e-04
-3.4121711e-04	1.0788000e-05	1.1679924e-03	8.0705070e-04
-3.3527617e-04	1.3823335e-05	1.1700874e-03	8.2254106e-04
-3.2937999e-04	1.6843427e-05	1.1721514e-03	8.3793307e-04
-3.2353342e-04	1.9848746e-05	1.1741842e-03	8.5322697e-04
-3.1774126e-04	2.2839739e-05	1.1761861e-03	8.6842303e-04
-3.1200820e-04	2.5816832e-05	1.1781569e-03	8.8352154e-04
-3.0633887e-04	2.8780431e-05	1.1800967e-03	8.9852286e-04
-3.0073780e-04	3.1730916e-05	1.1820054e-03	9.1342738e-04
-2.9520944e-04	3.4668648e-05	1.1838830e-03	9.2823550e-04
-2.8975812e-04	3.7593963e-05	1.1857294e-03	9.4294768e-04
-2.8438807e-04	4.0507177e-05	1.1875445e-03	9.5756443e-04
-2.7910343e-04	4.3408580e-05	1.1893283e-03	9.7208627e-04
-2.7390820e-04	4.6298443e-05	1.1910806e-03	9.8651376e-04
-2.6880629e-04	4.9177012e-05	1.1928013e-03	1.0008475e-03
-2.6380145e-04	5.2044511e-05	1.1944903e-03	1.0150881e-03
-2.5889734e-04	5.4901146e-05	1.1961474e-03	1.0292363e-03
-2.5409747e-04	5.7747097e-05	1.1977726e-03	1.0432927e-03
-2.4940524e-04	6.0582527e-05	1.1993656e-03	1.0572580e-03
-2.4482387e-04	6.3407577e-05	1.2009262e-03	1.0711330e-03
-2.4035649e-04	6.6222370e-05	1.2024544e-03	1.0849185e-03
-2.3600606e-04	6.9027009e-05	1.2039500e-03	1.0986152e-03
-2.3177539e-04	7.1821581e-05	1.2054127e-03	1.1122239e-03
-2.2766717e-04	7.4606154e-05	1.2068425e-03	1.1257456e-03
-2.2368391e-04	7.7380781e-05	1.2082392e-03	1.1391809e-03
-2.1982800e-04	8.0145500e-05	1.2096026e-03	1.1525309e-03
-2.1610165e-04	8.2900333e-05	1.2109326e-03	1.1657962e-03
-2.1250693e-04	8.5645293e-05	1.2122290e-03	1.1789779e-03
-2.0904576e-04	8.8380376e-05	1.2134918e-03	1.1920768e-03
-2.0571987e-04	9.1105569e-05	1.2147209e-03	1.2050938e-03
-2.0253088e-04	9.3820850e-05	1.2159161e-03	1.2180297e-03
-1.9948022e-04	9.6526187e-05	1.2170773e-03	1.2308855e-03
-1.9656916e-04	9.9221540e-05	1.2182047e-03	1.2436620e-03
-1.9379883e-04	1.0190686e-04	1.2192980e-03	1.2563602e-03
-1.9117019e-04	1.0458210e-04	1.2203574e-03	1.2689808e-03
-1.8868404e-04	1.0724721e-04	1.2213828e-03	1.2815248e-03
-1.8634103e-04	1.0990211e-04	1.2223744e-03	1.2939930e-03
-1.8414162e-04	1.1254676e-04	1.2233322e-03	1.3063862e-03
-1.8208615e-04	1.1518108e-04	1.2242563e-03	1.3187053e-03
-1.8017478e-04	1.1780502e-04	1.2251468e-03	1.3309510e-03
-1.7840753e-04	1.2041851e-04	1.2260041e-03	1.3431241e-03
-1.7678425e-04	1.2302149e-04	1.2268283e-03	1.3552253e-03
-1.7530463e-04	1.2561390e-04	1.2276197e-03	1.3672555e-03
-1.7396822e-04	1.2819570e-04	1.2283786e-03	1.3792152e-03
-1.7277442e-04	1.3076682e-04	1.2291053e-03	1.3911051e-03
-1.7172247e-04	1.3332723e-04	1.2298002e-03	1.4029260e-03
-1.7081146e-04	1.3587688e-04	1.2304639e-03	1.4146783e-03
-1.7004035e-04	1.3841575e-04	1.2310966e-03	1.4263627e-03
-1.6940793e-04	1.4094380e-04	1.2316991e-03	1.4379797e-03
-1.6891286e-04	1.4346103e-04	1.2322717e-03	1.4495298e-03
-1.6855366e-04	1.4596742e-04	1.2328153e-03	1.4610135e-03
-1.6832871e-04	1.4846298e-04	1.2333303e-03	1.4724312e-03
-1.6823627e-04	1.5094771e-04	1.2338175e-03	1.4837832e-03
-1.6827442e-04	1.5342163e-04	1.2342776e-03	1.4950700e-03
-1.6844116e-04	1.5588477e-04	1.2347114e-03	1.5062919e-03
-1.6873434e-04	1.5833717e-04	1.2351198e-03	1.5174491e-03
-1.6915167e-04	1.6077887e-04	1.2355036e-03	1.5285418e-03
-1.6969076e-04	1.6320993e-04	1.2358637e-03	1.5395703e-03
-1.7034909e-04	1.6563043e-04	1.2362010e-03	1.5505347e-03
-1.7112403e-04	1.6804043e-04	1.2365165e-03	1.5614352e-03
-1.7201281e-04	1.7044002e-04	1.2368114e-03	1.5722717e-03
-1.7301259e-04	1.7282929e-04	1.2370865e-03	1.5830445e-03
-1.7412038e-04	1.7520836e-04	1.2373430e-03	1.5937534e-03
-1.7533312e-04	1.7757733e-04	1.2375820e-03	1.6043984e-03
-1.7664763e-04	1.7993631e-04	1.2378046e-03	1.6149795e-03
-1.7806063e-04	1.8228545e-04	1.2380121e-03	1.6254967e-03
-1.7956875e-04	1.8462486e-04	1.2382055e-03	1.6359496e-03
-1.8116853e-04	1.8695470e-04	1.2383862e-03	1.6463383e-03
-1.8285642e-04	1.8927510e-04	1.2385554e-03	1.6566625e-03
-1.8462879e-04	1.9158621e-04	1.2387143e-03	1.6669220e-03
-1.8648193e-04	1.9388819e-04	1.2388641e-03	1.6771166e-03
-1.8841204e-04	1.9618119e-04	1.2390062e-03	1.6872460e-03
-1.9041526e-04	1.9846537e-04	1.2391418e-03	1.6973100e-03
-1.9248765e-04	2.0074089e-04	1.2392723e-03	1.7073082e-03
-1.9462523e-04	2.0300790e-04	1.2393988e-03	1.7172403e-03
-1.9682392e-04	2.0526656e-04	1.2395227e-03	1.7271059e-03
-1.9907961e-04	2.0751703e-04	1.2396453e-03	1.7369049e-03
-2.0138813e-04	2.0975946e-04	1.2397678e-03	1.7466367e-03
-2.0374525e-04	2.1199401e-04	1.2398916e-03	1.7563011e-03
-2.0614671e-04	2.1422080e-04	1.2400177e-03	1.7658976e-03
-2.0858820e-04	2.1643998e-04	1.2401475e-03	1.7754259e-03
-2.1106537e-04	2.1865169e-04	1.2402822e-03	1.7848856e-03
-2.1357384e-04	2.2085604e-04	1.2404229e-03	1.7942764e-03
-2.1610920e-04	2.2305315e-04	1.2405709e-03	1.8035978e-03
-2.1866703e-04	2.2524312e-04	1.2407271e-03	1.8128496e-03
-2.2124286e-04	2.2742605e-04	1.2408927e-03	1.8220314e-03
-2.2383222e-04	2.2960201e-04	1.2410688e-03	1.8311428e-03
-2.2643064e-04	2.3177107e-04	1.2412564e-03	1.8401834e-03
-2.2903363e-04	2.3393330e-04	1.2414564e-03	1.8491531e-03
-2.3163670e-04	2.3608872e-04	1.2416698e-03	1.8580515e-03
-2.3423535e-04	2.3823736e-04	1.2418974e-03	1.8668783e-03
-2.3682510e-04	2.4037924e-04	1.2421401e-03	1.8756332e-03
-2.3940148e-04	2.4251434e-04	1.2423985e-03	1.8843161e-03
-2.4196004e-04	2.4464264e-04	1.2426736e-03	1.8929267e-03
-2.4449633e-04	2.4676410e-04	1.2429658e-03	1.9014649e-03
-2.4700595e-04	2.4887866e-04	1.2432759e-03	1.9099304e-03
-2.4948451e-04	2.5098623e-04	1.2436043e-03	1.9183232e-03
-2.5192766e-04	2.5308673e-04	1.2439515e-03	1.9266432e-03
-2.5433110e-04	2.5518002e-04	1.2443180e-03	1.9348903e-03
-2.5669055e-04	2.5726598e-04	1.2447040e-03	1.9430645e-03
-2.5900180e-04	2.5934445e-04	1.2451100e-03	1.9511657e-03
-2.6126069e-04	2.6141525e-04	1.2455361e-03	1.9591941e-03
-2.6346309e-04	2.6347818e-04	1.2459824e-03	1.9671497e-03
-2.6560497e-04	2.6553304e-04	1.2464490e-03	1.9750327e-03
-2.6768235e-04	2.6757958e-04	1.2469360e-03	1.9828431e-03
-2.6969132e-04	2.6961755e-04	1.2474434e-03	1.9905812e-03
-2.7162803e-04	2.7164668e-04	1.2479708e-03	1.9982471e-03
-2.7348875e-04	2.7366668e-04	1.2485183e-03	2.0058412e-03
-2.7526980e-04	2.7567723e-04	1.2490856e-03	2.0133638e-03
-2.7696761e-04	2.7767802e-04	1.2496722e-03	2.0208151e-03
-2.7857869e-04	2.7966870e-04	1.2502779e-03	2.0281956e-03
-2.8009965e-04	2.8164891e-04	1.2509021e-03	2.0355056e-03
-2.8152721e-04	2.8361827e-04	1.2515445e-03	2.0427456e-03
-2.8285820e-04	2.8557640e-04	1.2522043e-03	2.0499161e-03
-2.8408954e-04	2.8752290e-04	1.2528809e-03	2.0570175e-03
-2.8521829e-04	2.8945735e-04	1.2535737e-03	2.0640505e-03
-2.8624161e-04	2.9137933e-04	1.2542819e-03	2.0710155e-03
-2.8715680e-04	2.9328840e-04	1.2550047e-03	2.0779132e-03
-2.8796128e-04	2.9518411e-04	1.2557412e-03	2.0847442e-03
-2.8865258e-04	2.9706602e-04	1.2564906e-03	2.0915092e-03
-2.8922841e-04	2.9893367e-04	1.2572518e-03	2.0982087e-03
-2.8968656e-04	3.0078659e-04	1.2580238e-03	2.1048436e-03
-2.9002502e-04	3.0262431e-04	1.2588057e-03	2.1114146e-03
-2.9024187e-04	3.0444636e-04	1.2595963e-03	2.1179223e-03
-2.9033538e-04	3.0625227e-04	1.2603944e-03	2.1243675e-03
-2.9030395e-04	3.0804156e-04	1.2611991e-03	2.1307511e-03
-2.9014612e-04	3.0981378e-04	1.2620089e-03	2.1370737e-03
-2.8986062e-04	3.1156844e-04	1.2628228e-03	2.1433363e-03
-2.8944630e-04	3.1330509e-04	1.2636396e-03	2.1495395e-03
-2.8890220e-04	3.1502327e-04	1.2644578e-03	2.1556842e-03
-2.8822750e-04	3.1672253e-04	1.2652763e-03	2.1617713e-03
-2.8742156e-04	3.1840243e-04	1.2660938e-03	2.1678014e-03
-2.8648389e-04	3.2006255e-04	1.2669089e-03	2.1737755e-03
-2.8541418e-04	3.2170245e-04	1.2677204e-03	2.1796944e-03
-2.8421229e-04	3.2332174e-04	1.2685269e-03	2.1855589e-03
-2.8287823e-04	3.2492003e-04	1.2693272e-03	2.1913697e-03
-2.8141219e-04	3.2649695e-04	1.2701198e-03	2.1971277e-03
-2.7981454e-04	3.2805212e-04	1.2709035e-03	2.2028336e-03
-2.7808581e-04	3.2958523e-04	1.2716771e-03	2.2084883e-03
-2.7622670e-04	3.3109594e-04	1.2724391e-03	2.2140925e-03
-2.7423808e-04	3.3258396e-04	1.2731884e-03	2.2196468e-03
-2.7212100e-04	3.3404901e-04	1.2739236e-03	2.2251521e-03
-2.6987667e-04	3.3549084e-04	1.2746436e-03	2.2306091e-03
-2.6750647e-04	3.3690922e-04	1.2753471e-03	2.2360184e-03
-2.6501194e-04	3.3830394e-04	1.2760329e-03	2.2413806e-03
-2.6239481e-04	3.3967483e-04	1.2766999e-03	2.2466965e-03
-2.5965694e-04	3.4102173e-04	1.2773470e-03	2.2519665e-03
-2.5680039e-04	3.4234451e-04	1.2779730e-03	2.2571914e-03
-2.5382736e-04	3.4364309e-04	1.2785769e-03	2.2623716e-03
-2.5074019e-04	3.4491739e-04	1.2791577e-03	2.2675076e-03
-2.4754142e-04	3.4616737e-04	1.2797145e-03	2.2726000e-03
-2.4423371e-04	3.4739302e-04	1.2802461e-03	2.2776491e-03
-2.4081987e-04	3.4859436e-04	1.2807519e-03	2.2826555e-03
-2.3730287e-04	3.4977143e-04	1.2812309e-03	2.2876194e-03
-2.3368582e-04	3.5092432e-04	1.2816822e-03	2.2925414e-03
-2.2997197e-04	3.5205313e-04	1.2821053e-03	2.2974215e-03
-2.2616469e-04	3.5315800e-04	1.2824993e-03	2.3022603e-03
-2.2226749e-04	3.5423910e-04	1.2828636e-03	2.3070579e-03
-2.1828402e-04	3.5529661e-04	1.2831976e-03	2.3118145e-03
-2.1421804e-04	3.5633078e-04	1.2835007e-03	2.3165303e-03
-2.1007342e-04	3.5734185e-04	1.2837724e-03	2.3212055e-03
-2.0585415e-04	3.5833010e-04	1.2840123e-03	2.3258402e-03
-2.0156433e-04	3.5929585e-04	1.2842200e-03	2.3304345e-03
-1.9720816e-04	3.6023942e-04	1.2843950e-03	2.3349884e-03
-1.9278992e-04	3.6116119e-04	1.2845372e-03	2.3395019e-03
-1.8831400e-04	3.6206154e-04	1.2846462e-03	2.3439752e-03
-1.8378487e-04	3.6294089e-04	1.2847218e-03	2.3484080e-03
-1.7920707e-04	3.6379966e-04	1.2847639e-03	2.3528004e-03
-1.7458522e-04	3.6463832e-04	1.2847724e-03	2.3571523e-03
-1.6992400e-04	3.6545735e-04	1.2847472e-03	2.3614636e-03
-1.6522815e-04	3.6625724e-04	1.2846883e-03	2.3657341e-03
-1.6050247e-04	3.6703852e-04	1.2845957e-03	2.3699637e-03
-1.5575180e-04	3.6780171e-04	1.2844695e-03	2.3741521e-03
-1.5098100e-04	3.6854738e-04	1.2843099e-03	2.3782993e-03
-1.4619501e-04	3.6927610e-04	1.2841169e-03	2.3824050e-03
-1.4139875e-04	3.6998843e-04	1.2838908e-03	2.3864689e-03
-1.3659719e-04	3.7068498e-04	1.2836318e-03	2.3904908e-03
-1.3179528e-04	3.7136635e-04	1.2833401e-03	2.3944705e-03
-1.2699802e-04	3.7203315e-04	1.2830161e-03	2.3984077e-03
-1.2221036e-04	3.7268601e-04	1.2826601e-03	2.4023022e-03
-1.1743727e-04	3.7332555e-04	1.2822725e-03	2.4061536e-03
-1.1268370e-04	3.7395240e-04	1.2818537e-03	2.4099617e-03
-1.0795457e-04	3.7456720e-04	1.2814040e-03	2.4137262e-03
-1.0325478e-04	3.7517059e-04	1.2809239e-03	2.4174468e-03
-9.8589197e-05	3.7576320e-04	1.2804138e-03	2.4211233e-03
-9.3962627e-05	3.7634567e-04	1.2798744e-03	2.4247554e-03
-8.9379841e-05	3.7691863e-04	1.2793059e-03	2.4283428e-03
-8.4845549e-05	3.7748271e-04	1.2787090e-03	2.4318852e-03
-8.0364400e-05	3.7803853e-04	1.2780842e-03	2.4353825e-03
-7.5940971e-05	3.7858671e-04	1.2774320e-03	2.4388343e-03
-7.1579768e-05	3.7912786e-04	1.2767530e-03	2.4422404e-03
-6.7285211e-05	3.7966257e-04	1.2760477e-03	2.4456007e-03
-6.3061634e-05	3.8019142e-04	1.2753167e-03	2.4489150e-03
-5.8913279e-05	3.8071500e-04	1.2745606e-03	2.4521830e-03
-5.4844287e-05	3.8123385e-04	1.2737798e-03	2.4554047e-03
-5.0858695e-05	3.8174853e-04	1.2729750e-03	2.4585799e-03
-4.6960429e-05	3.8225956e-04	1.2721467e-03	2.4617084e-03
-4.3153301e-05	3.8276746e-04	1.2712956e-03	2.4647902e-03
-3.9441002e-05	3.8327271e-04	1.2704221e-03	2.4678253e-03
-3.5827098e-05	3.8377580e-04	1.2695268e-03	2.4708136e-03
-3.2315025e-05	3.8427717e-04	1.2686103e-03	2.4737550e-03
-2.8908085e-05	3.8477727e-04	1.2676730e-03	2.4766496e-03
-2.5609442e-05	3.8527650e-04	1.2667156e-03	2.4794975e-03
-2.2422117e-05	3.8577526e-04	1.2657385e-03	2.4822987e-03
-1.9348986e-05	3.8627391e-04	1.2647422e-03	2.4850533e-03
-1.6392775e-05	3.8677280e-04	1.2637273e-03	2.4877615e-03
-1.3556058e-05	3.8727226e-04	1.2626942e-03	2.4904233e-03
-1.0841253e-05	3.8777258e-04	1.2616434e-03	2.4930390e-03
-8.2506185e-06	3.8827405e-04	1.2605754e-03	2.4956088e-03
-5.7862537e-06	3.8877690e-04	1.2594905e-03	2.4981330e-03
-3.4500938e-06	3.8928137e-04	1.2583892e-03	2.5006117e-03
-1.2439090e-06	3.8978767e-04	1.2572720e-03	2.5030453e-03
8.3069744e-07	3.9029597e-04	1.2561393e-03	2.5054341e-03
2.7722908e-06	3.9080642e-04	1.2549913e-03	2.5077785e-03
4.5796059e-06	3.9131917e-04	1.2538286e-03	2.5100788e-03
6.2515483e-06	3.9183431e-04	1.2526514e-03	2.5123355e-03
7.7871948e-06	3.9235194e-04	1.2514602e-03	2.5145489e-03
9.1857942e-06	3.9287212e-04	1.2502552e-03	2.5167195e-03
1.0446767e-05	3.9339489e-04	1.2490369e-03	2.5188478e-03
1.1569708e-05	3.9392026e-04	1.2478054e-03	2.5209342e-03
1.2554379e-05	3.9444825e-04	1.2465611e-03	2.5229792e-03
1.3400719e-05	3.9497882e-04	1.2453044e-03	2.5249834e-03
1.4108833e-05	3.9551194e-04	1.2440355e-03	2.5269473e-03
1.4678997e-05	3.9604754e-04	1.2427547e-03	2.5288714e-03
1.5111657e-05	3.9658555e-04	1.2414623e-03	2.5307563e-03
1.5407425e-05	3.9712587e-04	1.2401585e-03	2.5326026e-03
1.5567077e-05	3.9766840e-04	1.2388436e-03	2.5344108e-03
1.5591554e-05	3.9821300e-04	1.2375180e-03	2.5361816e-03
1.5481958e-05	3.9875954e-04	1.2361818e-03	2.5379154e-03
1.5239549e-05	3.9930785e-04	1.2348353e-03	2.5396130e-03
1.4865746e-05	3.9985778e-04	1.2334788e-03	2.5412749e-03
1.4362121e-05	4.0040915e-04	1.2321126e-03	2.5429017e-03
1.3730395e-05	4.0096176e-04	1.2307369e-03	2.5444939e-03
1.2972441e-05	4.0151541e-04	1.2293521e-03	2.5460523e-03
1.2090273e-05	4.0206991e-04	1.2279583e-03	2.5475773e-03
1.1086050e-05	4.0262504e-04	1.2265560e-03	2.5490696e-03
9.9620660e-06	4.0318058e-04	1.2251453e-03	2.5505296e-03
8.7207516e-06	4.0373630e-04	1.2237267e-03	2.5519580e-03
7.3646670e-06	4.0429197e-04	1.2223003e-03	2.5533553e-03
5.8964994e-06	4.0484736e-04	1.2208667e-03	2.5547221e-03
4.3190582e-06	4.0540224e-04	1.2194260e-03	2.5560588e-03
2.6352717e-06	4.0595637e-04	1.2179787e-03	2.5573659e-03
8.4818209e-07	4.0650951e-04	1.2165251e-03	2.5586439e-03
-1.0390586e-06	4.0706142e-04	1.2150656e-03	2.5598933e-03
-3.0231932e-06	4.0761188e-04	1.2136006e-03	2.5611145e-03
-5.1008634e-06	4.0816065e-04	1.2121305e-03	2.5623079e-03
-7.2686152e-06	4.0870749e-04	1.2106558e-03	2.5634739e-03
-9.5229031e-06	4.0925219e-04	1.2091769e-03	2.5646129e-03
-1.1860095e-05	4.0979452e-04	1.2076942e-03	2.5657252e-03
-1.4276476e-05	4.1033427e-04	1.2062083e-03	2.5668110e-03
-1.6768257e-05	4.1087122e-04	1.2047196e-03	2.5678708e-03
-1.9331573e-05	4.1140517e-04	1.2032286e-03	2.5689048e-03
-2.1962495e-05	4.1193592e-04	1.2017359e-03	2.5699132e-03
-2.4657031e-05	4.1246328e-04	1.2002421e-03	2.5708961e-03
-2.7411131e-05	4.1298707e-04	1.1987477e-03	2.5718538e-03
-3.0220694e-05	4.1350711e-04	1.1972532e-03	2.5727864e-03
-3.3081572e-05	4.1402323e-04	1.1957593e-03	2.5736940e-03
-3.5989574e-05	4.1453529e-04	1.1942665e-03	2.5745768e-03
-3.8940472e-05	4.1504312e-04	1.1927756e-03	2.5754347e-03
-4.1930006e-05	4.1554658e-04	1.1912870e-03	2.5762678e-03
-4.4953890e-05	4.1604555e-04	1.1898016e-03	2.5770761e-03
-4.8007815e-05	4.1653990e-04	1.1883198e-03	2.5778596e-03
-5.1087454e-05	4.1702951e-04	1.1868425e-03	2.5786182e-03
-5.4188469e-05	4.1751428e-04	1.1853702e-03	2.5793519e-03
-5.7306514e-05	4.1799410e-04	1.1839036e-03	2.5800605e-03
-6.0437241e-05	4.1846890e-04	1.1824435e-03	2.5807439e-03
-6.3576302e-05	4.1893858e-04	1.1809905e-03	2.5814020e-03
-6.6719360e-05	4.1940308e-04	1.1795452e-03	2.5820346e-03
-6.9862085e-05	4.1986232e-04	1.1781085e-03	2.5826415e-03
-7.3000167e-05	4.2031625e-04	1.1766809e-03	2.5832224e-03
-7.6129315e-05	4.2076481e-04	1.1752632e-03	2.5837773e-03
-7.9245263e-05	4.2120796e-04	1.1738560e-03	2.5843057e-03
-8.2343776e-05	4.2164566e-04	1.1724601e-03	2.5848075e-03
-8.5420653e-05	4.2207786e-04	1.1710760e-03	2.5852824e-03
-8.8471730e-05	4.2250454e-04	1.1697044e-03	2.5857301e-03
-9.1492887e-05	4.2292567e-04	1.1683459e-03	2.5861503e-03
-9.4480052e-05	4.2334122e-04	1.1670013e-03	2.5865427e-03
-9.7429202e-05	4.2375117e-04	1.1656710e-03	2.5869070e-03
-1.0033637e-04	4.2415551e-04	1.1643557e-03	2.5872428e-03
-1.0319765e-04	4.2455421e-04	1.1630559e-03	2.5875499e-03
-1.0600919e-04	4.2494726e-04	1.1617722e-03	2.5878278e-03
-1.0876722e-04	4.2533464e-04	1.1605050e-03	2.5880764e-03
-1.1146803e-04	4.2571633e-04	1.1592550e-03	2.5882953e-03
-1.1410797e-04	4.2609231e-04	1.1580224e-03	2.5884842e-03
-1.1668351e-04	4.2646256e-04	1.1568079e-03	2.5886427e-03
-1.1919115e-04	4.2682707e-04	1.1556116e-03	2.5887705e-03
-1.2162752e-04	4.2718580e-04	1.1544341e-03	2.5888674e-03
-1.2398930e-04	4.2753873e-04	1.1532756e-03	2.5889331e-03
-1.2627327e-04	4.2788582e-04	1.1521364e-03	2.5889673e-03
-1.2847633e-04	4.2822703e-04	1.1510168e-03	2.5889697e-03
-1.3059545e-04	4.2856232e-04	1.1499170e-03	2.5889402e-03
-1.3262770e-04	4.2889165e-04	1.1488371e-03	2.5888784e-03
-1.3457027e-04	4.2921495e-04	1.1477773e-03	2.5887843e-03
-1.3642044e-04	4.2953217e-04	1.1467375e-03	2.5886575e-03
-1.3817559e-04	4.2984324e-04	1.1457180e-03	2.5884979e-03
-1.3983324e-04	4.3014807e-04	1.1447186e-03	2.5883054e-03
-1.4139100e-04	4.3044660e-04	1.1437393e-03	2.5880799e-03
-1.4284660e-04	4.3073872e-04	1.1427799e-03	2.5878213e-03
-1.4419789e-04	4.3102434e-04	1.1418404e-03	2.5875294e-03
-1.4544283e-04	4.3130335e-04	1.1409204e-03	2.5872043e-03
-1.4657952e-04	4.3157564e-04	1.1400198e-03	2.5868460e-03
-1.4760617e-04	4.3184107e-04	1.1391383e-03	2.5864544e-03
-1.4852111e-04	4.3209952e-04	1.1382754e-03	2.5860295e-03
-1.4932281e-04	4.3235086e-04	1.1374309e-03	2.5855715e-03
-1.5000987e-04	4.3259492e-04	1.1366042e-03	2.5850805e-03
-1.5058100e-04	4.3283155e-04	1.1357948e-03	2.5845565e-03
-1.5103507e-04	4.3306058e-04	1.1350022e-03	2.5839997e-03
-1.5137106e-04	4.3328185e-04	1.1342258e-03	2.5834102e-03
-1.5158809e-04	4.3349518e-04	1.1334650e-03	2.5827884e-03
-1.5168542e-04	4.3370037e-04	1.1327190e-03	2.5821343e-03
-1.5166244e-04	4.3389723e-04	1.1319872e-03	2.5814484e-03
-1.5151869e-04	4.3408557e-04	1.1312688e-03	2.5807308e-03
-1.5125382e-04	4.3426517e-04	1.1305630e-03	2.5799819e-03
-1.5086765e-04	4.3443583e-04	1.1298689e-03	2.5792020e-03
-1.5036013e-04	4.3459733e-04	1.1291857e-03	2.5783915e-03
-1.4973132e-04	4.3474945e-04	1.1285124e-03	2.5775508e-03
-1.4898145e-04	4.3489197e-04	1.1278481e-03	2.5766803e-03
-1.4811090e-04	4.3502467e-04	1.1271918e-03	2.5757804e-03
-1.4712015e-04	4.3514731e-04	1.1265425e-03	2.5748515e-03
-1.4600984e-04	4.3525968e-04	1.1258990e-03	2.5738943e-03
-1.4478075e-04	4.3536154e-04	1.1252605e-03	2.5729090e-03
-1.4343381e-04	4.3545266e-04	1.1246258e-03	2.5718963e-03
-1.4197005e-04	4.3553283e-04	1.1239937e-03	2.5708567e-03
-1.4039068e-04	4.3560181e-04	1.1233631e-03	2.5697908e-03
-1.3869702e-04	4.3565939e-04	1.1227330e-03	2.5686990e-03
-1.3689052e-04	4.3570534e-04	1.1221021e-03	2.5675819e-03
-1.3497279e-04	4.3573947e-04	1.1214693e-03	2.5664402e-03
-1.3294555e-04	4.3576155e-04	1.1208334e-03	2.5652744e-03
-1.3081067e-04	4.3577141e-04	1.1201933e-03	2.5640850e-03
-1.2857012e-04	4.3576883e-04	1.1195477e-03	2.5628728e-03
-1.2622602e-04	4.3575366e-04	1.1188954e-03	2.5616382e-03
-1.2378061e-04	4.3572570e-04	1.1182354e-03	2.5603818e-03
-1.2123626e-04	4.3568480e-04	1.1175664e-03	2.5591044e-03
-1.1859546e-04	4.3563080e-04	1.1168873e-03	2.5578064e-03
-1.1586080e-04	4.3556358e-04	1.1161970e-03	2.5564885e-03
-1.1303502e-04	4.3548300e-04	1.1154942e-03	2.5551511e-03
-1.1012094e-04	4.3538896e-04	1.1147779e-03	2.5537950e-03
-1.0712151e-04	4.3528135e-04	1.1140471e-03	2.5524207e-03
-1.0403978e-04	4.3516010e-04	1.1133006e-03	2.5510287e-03
-1.0087893e-04	4.3502513e-04	1.1125373e-03	2.5496196e-03
-9.7642195e-05	4.3487641e-04	1.1117563e-03	2.5481939e-03
-9.4332948e-05	4.3471390e-04	1.1109566e-03	2.5467521e-03
-9.0954642e-05	4.3453758e-04	1.1101373e-03	2.5452948e-03
-8.7510821e-05	4.3434746e-04	1.1092973e-03	2.5438224e-03
-8.4005117e-05	4.3414357e-04	1.1084359e-03	2.5423353e-03
-8.0441248e-05	4.3392594e-04	1.1075521e-03	2.5408341e-03
-7.6823006e-05	4.3369464e-04	1.1066451e-03	2.5393191e-03
-7.3154264e-05	4.3344976e-04	1.1057143e-03	2.5377907e-03
-6.9438960e-05	4.3319139e-04	1.1047588e-03	2.5362493e-03
-6.5681103e-05	4.3291966e-04	1.1037780e-03	2.5346953e-03
-6.1884759e-05	4.3263471e-04	1.1027713e-03	2.5331291e-03
-5.8054055e-05	4.3233671e-04	1.1017381e-03	2.5315508e-03
-5.4193167e-05	4.3202584e-04	1.1006777e-03	2.5299608e-03
-5.0306319e-05	4.3170231e-04	1.0995899e-03	2.5283593e-03
-4.6397778e-05	4.3136634e-04	1.0984740e-03	2.5267466e-03
-4.2471848e-05	4.3101819e-04	1.0973298e-03	2.5251228e-03
-3.8532862e-05	4.3065810e-04	1.0961568e-03	2.5234882e-03
-3.4585183e-05	4.3028638e-04	1.0949548e-03	2.5218429e-03
-3.0633194e-05	4.2990333e-04	1.0937236e-03	2.5201869e-03
-2.6681292e-05	4.2950926e-04	1.0924630e-03	2.5185204e-03
-2.2733886e-05	4.2910453e-04	1.0911728e-03	2.5168435e-03
-1.8795391e-05	4.2868949e-04	1.0898531e-03	2.5151561e-03
-1.4870217e-05	4.2826452e-04	1.0885036e-03	2.5134584e-03
-1.0962772e-05	4.2783001e-04	1.0871246e-03	2.5117502e-03
-7.0774497e-06	4.2738637e-04	1.0857160e-03	2.5100316e-03
-3.2186258e-06	4.2693403e-04	1.0842780e-03	2.5083025e-03
6.0934662e-07	4.2647343e-04	1.0828108e-03	2.5065628e-03
4.4021437e-06	4.2600500e-04	1.0813145e-03	2.5048124e-03
8.1554766e-06	4.2552923e-04	1.0797895e-03	2.5030512e-03
1.1865097e-05	4.2504658e-04	1.0782360e-03	2.5012790e-03
1.5526801e-05	4.2455753e-04	1.0766545e-03	2.4994957e-03
1.9136439e-05	4.2406259e-04	1.0750453e-03	2.4977011e-03
2.2689918e-05	4.2356224e-04	1.0734088e-03	2.4958950e-03
2.6183205e-05	4.2305701e-04	1.0717456e-03	2.4940772e-03
2.9612338e-05	4.2254741e-04	1.0700562e-03	2.4922474e-03
3.2973429e-05	4.2203395e-04	1.0683412e-03	2.4904055e-03
3.6262666e-05	4.2151716e-04	1.0666010e-03	2.4885511e-03
3.9476324e-05	4.2099757e-04	1.0648364e-03	2.4866840e-03
4.2610764e-05	4.2047569e-04	1.0630480e-03	2.4848040e-03
4.5662445e-05	4.1995206e-04	1.0612366e-03	2.4829108e-03
4.8627923e-05	4.1942720e-04	1.0594027e-03	2.4810041e-03
5.1503857e-05	4.1890163e-04	1.0575472e-03	2.4790835e-03
5.4287017e-05	4.1837586e-04	1.0556708e-03	2.4771490e-03
5.6974285e-05	4.1785042e-04	1.0537743e-03	2.4752001e-03
5.9562659e-05	4.1732581e-04	1.0518584e-03	2.4732365e-03
6.2049262e-05	4.1680252e-04	1.0499241e-03	2.4712581e-03
6.4431340e-05	4.1628106e-04	1.0479722e-03	2.4692644e-03
6.6706269e-05	4.1576188e-04	1.0460034e-03	2.4672554e-03
6.8871560e-05	4.1524548e-04	1.0440186e-03	2.4652306e-03
7.0924860e-05	4.1473230e-04	1.0420188e-03	2.4631899e-03
7.2863956e-05	4.1422279e-04	1.0400047e-03	2.4611329e-03
7.4686779e-05	4.1371738e-04	1.0379772e-03	2.4590596e-03
7.6391406e-05	4.1321649e-04	1.0359373e-03	2.4569696e-03
7.7976062e-05	4.1272051e-04	1.0338857e-03	2.4548627e-03
7.9439126e-05	4.1222982e-04	1.0318234e-03	2.4527388e-03
8.0779131e-05	4.1174480e-04	1.0297512e-03	2.4505977e-03
8.1994763e-05	4.1126579e-04	1.0276700e-03	2.4484392e-03
8.3084868e-05	4.1079312e-04	1.0255806e-03	2.4462632e-03
8.4048453e-05	4.1032709e-04	1.0234839e-03	2.4440695e-03
8.4884684e-05	4.0986799e-04	1.0213807e-03	2.4418582e-03
8.5592889e-05	4.0941609e-04	1.0192719e-03	2.4396290e-03
8.6172560e-05	4.0897163e-04	1.0171582e-03	2.4373819e-03
8.6623353e-05	4.0853484e-04	1.0150405e-03	2.4351169e-03
8.6945088e-05	4.0810591e-04	1.0129195e-03	2.4328339e-03
8.7137750e-05	4.0768502e-04	1.0107959e-03	2.4305330e-03
8.7201486e-05	4.0727233e-04	1.0086707e-03	2.4282142e-03
8.7136611e-05	4.0686796e-04	1.0065443e-03	2.4258775e-03
8.6943601e-05	4.0647204e-04	1.0044177e-03	2.4235230e-03
8.6623096e-05	4.0608463e-04	1.0022914e-03	2.4211508e-03
8.6175898e-05	4.0570581e-04	1.0001662e-03	2.4187610e-03
8.5602969e-05	4.0533562e-04	9.9804258e-04	2.4163537e-03
8.4905432e-05	4.0497406e-04	9.9592129e-04	2.4139291e-03
8.4084566e-05	4.0462114e-04	9.9380291e-04	2.4114874e-03
8.3141807e-05	4.0427681e-04	9.9168800e-04	2.4090287e-03
8.2078743e-05	4.0394104e-04	9.8957713e-04	2.4065533e-03
8.0897115e-05	4.0361375e-04	9.8747083e-04	2.4040614e-03
7.9598811e-05	4.0329484e-04	9.8536961e-04	2.4015533e-03
7.8185867e-05	4.0298420e-04	9.8327396e-04	2.3990291e-03
7.6660460e-05	4.0268170e-04	9.8118435e-04	2.3964893e-03
7.5024908e-05	4.0238717e-04	9.7910122e-04	2.3939341e-03
7.3281665e-05	4.0210044e-04	9.7702500e-04	2.3913638e-03
7.1433317e-05	4.0182133e-04	9.7495609e-04	2.3887788e-03
6.9482580e-05	4.0154961e-04	9.7289486e-04	2.3861794e-03
6.7432294e-05	4.0128508e-04	9.7084169e-04	2.3835659e-03
6.5285421e-05	4.0102747e-04	9.6879692e-04	2.3809388e-03
6.3045041e-05	4.0077654e-04	9.6676086e-04	2.3782983e-03
6.0714343e-05	4.0053200e-04	9.6473383e-04	2.3756449e-03
5.8296626e-05	4.0029359e-04	9.6271611e-04	2.3729790e-03
5.5795292e-05	4.0006099e-04	9.6070797e-04	2.3703009e-03
5.3213840e-05	3.9983391e-04	9.5870967e-04	2.3676110e-03
5.0555865e-05	3.9961201e-04	9.5672146e-04	2.3649098e-03
4.7825047e-05	3.9939498e-04	9.5474354e-04	2.3621976e-03
4.5025151e-05	3.9918247e-04	9.5277615e-04	2.3594748e-03
4.2160019e-05	3.9897414e-04	9.5081948e-04	2.3567419e-03
3.9233568e-05	3.9876965e-04	9.4887372e-04	2.3539991e-03
3.6249778e-05	3.9856862e-04	9.4693906e-04	2.3512470e-03
3.3212693e-05	3.9837070e-04	9.4501565e-04	2.3484858e-03
3.0126414e-05	3.9817553e-04	9.4310367e-04	2.3457160e-03
2.6995091e-05	3.9798275e-04	9.4120327e-04	2.3429379e-03
2.3822919e-05	3.9779197e-04	9.3931460e-04	2.3401518e-03
2.0614134e-05	3.9760284e-04	9.3743779e-04	2.3373581e-03
1.7373002e-05	3.9741499e-04	9.3557298e-04	2.3345572e-03
1.4103821e-05	3.9722805e-04	9.3372031e-04	2.3317493e-03
1.0810909e-05	3.9704165e-04	9.3187989e-04	2.3289348e-03
7.4986009e-06	3.9685544e-04	9.3005187e-04	2.3261139e-03
4.1712421e-06	3.9666905e-04	9.2823635e-04	2.3232870e-03
8.3318393e-07	3.9648214e-04	9.2643346e-04	2.3204542e-03
-2.5112230e-06	3.9629436e-04	9.2464331e-04	2.3176158e-03
-5.8576341e-06	3.9610537e-04	9.2286603e-04	2.3147720e-03
-9.2017162e-06	3.9591483e-04	9.2110172e-04	2.3119231e-03
-1.2539153e-05	3.9572242e-04	9.1935052e-04	2.3090691e-03
-1.5865651e-05	3.9552783e-04	9.1761252e-04	2.3062104e-03
-1.9176943e-05	3.9533073e-04	9.1588786e-04	2.3033469e-03
-2.2468798e-05	3.9513084e-04	9.1417665e-04	2.3004788e-03
-2.5737019e-05	3.9492787e-04	9.1247900e-04	2.2976063e-03
-2.8977456e-05	3.9472152e-04	9.1079504e-04	2.2947293e-03
-3.2186005e-05	3.9451155e-04	9.0912488e-04	2.2918480e-03
-3.5358616e-05	3.9429768e-04	9.0746864e-04	2.2889624e-03
-3.8491297e-05	3.9407968e-04	9.0582645e-04	2.2860725e-03
-4.1580119e-05	3.9385730e-04	9.0419841e-04	2.2831783e-03
-4.4621219e-05	3.9363032e-04	9.0258465e-04	2.2802797e-03
-4.7610807e-05	3.9339854e-04	9.0098528e-04	2.2773768e-03
-5.0545168e-05	3.9316175e-04	8.9940043e-04	2.2744694e-03
-5.3420668e-05	3.9291976e-04	8.9783019e-04	2.2715575e-03
-5.6233757e-05	3.9267239e-04	8.9627469e-04	2.2686410e-03
-5.8980972e-05	3.9241950e-04	8.9473404e-04	2.2657197e-03
-6.1658944e-05	3.9216091e-04	8.9320833e-04	2.2627935e-03
-6.4264398e-05	3.9189649e-04	8.9169766e-04	2.2598622e-03
-6.6794157e-05	3.9162611e-04	8.9020213e-04	2.2569258e-03
-6.9245150e-05	3.9134965e-04	8.8872183e-04	2.2539839e-03
-7.1614406e-05	3.9106701e-04	8.8725683e-04	2.2510365e-03
-7.3899068e-05	3.9077809e-04	8.8580721e-04	2.2480833e-03
-7.6096387e-05	3.9048280e-04	8.8437302e-04	2.2451240e-03
-7.8203728e-05	3.9018106e-04	8.8295433e-04	2.2421585e-03
-8.0218575e-05	3.8987282e-04	8.8155117e-04	2.2391866e-03
-8.2138528e-05	3.8955800e-04	8.8016358e-04	2.2362079e-03
-8.3961310e-05	3.8923657e-04	8.7879156e-04	2.2332222e-03
-8.5684767e-05	3.8890849e-04	8.7743512e-04	2.2302293e-03
-8.7306869e-05	3.8857371e-04	8.7609425e-04	2.2272289e-03
-8.8825715e-05	3.8823222e-04	8.7476893e-04	2.2242208e-03
-9.0239531e-05	3.8788400e-04	8.7345909e-04	2.2212046e-03
-9.1546673e-05	3.8752904e-04	8.7216469e-04	2.2181802e-03
-9.2745629e-05	3.8716733e-04	8.7088563e-04	2.2151473e-03
-9.3835017e-05	3.8679887e-04	8.6962182e-04	2.2121056e-03
-9.4813592e-05	3.8642367e-04	8.6837313e-04	2.2090548e-03
-9.5680240e-05	3.8604174e-04	8.6713942e-04	2.2059948e-03
-9.6433983e-05	3.8565309e-04	8.6592051e-04	2.2029253e-03
-9.7073978e-05	3.8525773e-04	8.6471622e-04	2.1998460e-03
-9.7599517e-05	3.8485568e-04	8.6352634e-04	2.1967568e-03
-9.8010029e-05	3.8444698e-04	8.6235061e-04	2.1936574e-03
-9.8305077e-05	3.8403163e-04	8.6118879e-04	2.1905476e-03
-9.8484362e-05	3.8360967e-04	8.6004058e-04	2.1874273e-03
-9.8547718e-05	3.8318113e-04	8.5890566e-04	2.1842963e-03
-9.8495117e-05	3.8274602e-04	8.5778369e-04	2.1811544e-03
-9.8326663e-05	3.8230438e-04	8.5667430e-04	2.1780015e-03
-9.8042595e-05	3.8185623e-04	8.5557709e-04	2.1748375e-03
-9.7643286e-05	3.8140160e-04	8.5449165e-04	2.1716622e-03
-9.7129241e-05	3.8094051e-04	8.5341751e-04	2.1684756e-03
-9.6501095e-05	3.8047300e-04	8.5235421e-04	2.1652775e-03
-9.5759614e-05	3.7999907e-04	8.5130123e-04	2.1620681e-03
-9.4905694e-05	3.7951876e-04	8.5025805e-04	2.1588472e-03
-9.3940357e-05	3.7903208e-04	8.4922410e-04	2.1556148e-03
-9.2864752e-05	3.7853905e-04	8.4819881e-04	2.1523709e-03
-9.1680151e-05	3.7803968e-04	8.4718155e-04	2.1491156e-03
-9.0387949e-05	3.7753400e-04	8.4617171e-04	2.1458489e-03
-8.8989664e-05	3.7702200e-04	8.4516861e-04	2.1425709e-03
-8.7486929e-05	3.7650371e-04	8.4417157e-04	2.1392817e-03
-8.5881498e-05	3.7597911e-04	8.4317989e-04	2.1359814e-03
-8.4175235e-05	3.7544823e-04	8.4219285e-04	2.1326702e-03
-8.2370121e-05	3.7491107e-04	8.4120969e-04	2.1293482e-03
-8.0468243e-05	3.7436761e-04	8.4022964e-04	2.1260156e-03
-7.8471798e-05	3.7381787e-04	8.3925192e-04	2.1226725e-03
-7.6383086e-05	3.7326183e-04	8.3827573e-04	2.1193193e-03
-7.4204512e-05	3.7269950e-04	8.3730025e-04	2.1159561e-03
-7.1938578e-05	3.7213087e-04	8.3632465e-04	2.1125832e-03
-6.9587884e-05	3.7155593e-04	8.3534808e-04	2.1092009e-03
-6.7155125e-05	3.7097467e-04	8.3436968e-04	2.1058095e-03
-6.4643084e-05	3.7038709e-04	8.3338860e-04	2.1024093e-03
-6.2054634e-05	3.6979319e-04	8.3240394e-04	2.0990005e-03
-5.9392732e-05	3.6919294e-04	8.3141485e-04	2.0955837e-03
-5.6660418e-05	3.6858636e-04	8.3042043e-04	2.0921590e-03
-5.3860807e-05	3.6797342e-04	8.2941981e-04	2.0887268e-03
-5.0997093e-05	3.6735414e-04	8.2841208e-04	2.0852876e-03
-4.8072537e-05	3.6672851e-04	8.2739638e-04	2.0818417e-03
-4.5090472e-05	3.6609653e-04	8.2637181e-04	2.0783895e-03
-4.2054292e-05	3.6545821e-04	8.2533752e-04	2.0749315e-03
-3.8967455e-05	3.6481355e-04	8.2429262e-04	2.0714679e-03
-3.5833474e-05	3.6416257e-04	8.2323626e-04	2.0679993e-03
-3.2655916e-05	3.6350529e-04	8.2216760e-04	2.0645260e-03
-2.9438396e-05	3.6284173e-04	8.2108580e-04	2.0610485e-03
-2.6184579e-05	3.6217191e-04	8.1999005e-04	2.0575672e-03
-2.2898166e-05	3.6149588e-04	8.1887954e-04	2.0540824e-03
-1.9582901e-05	3.6081367e-04	8.1775351e-04	2.0505947e-03
-1.6242560e-05	3.6012533e-04	8.1661119e-04	2.0471045e-03
-1.2880948e-05	3.5943091e-04	8.1545184e-04	2.0436120e-03
-9.5018973e-06	3.5873048e-04	8.1427476e-04	2.0401179e-03
-6.1092609e-06	3.5802410e-04	8.1307926e-04	2.0366224e-03
-2.7069099e-06	3.5731187e-04	8.1186470e-04	2.0331259e-03
7.0127099e-07	3.5659386e-04	8.1063044e-04	2.0296289e-03
4.1113882e-06	3.5587018e-04	8.0937591e-04	2.0261317e-03
7.5195430e-06	3.5514093e-04	8.0810053e-04	2.0226346e-03
1.0921836e-05	3.5440624e-04	8.0680379e-04	2.0191380e-03
1.4314371e-05	3.5366622e-04	8.0548520e-04	2.0156423e-03
1.7693260e-05	3.5292102e-04	8.0414431e-04	2.0121478e-03
2.1054627e-05	3.5217078e-04	8.0278072e-04	2.0086548e-03
2.4394611e-05	3.5141567e-04	8.0139405e-04	2.0051635e-03
2.7709375e-05	3.5065586e-04	7.9998398e-04	2.0016742e-03
3.0995103e-05	3.4989153e-04	7.9855022e-04	1.9981873e-03
3.4248011e-05	3.4912288e-04	7.9709254e-04	1.9947029e-03
3.7464348e-05	3.4835009e-04	7.9561072e-04	1.9912212e-03
4.0640400e-05	3.4757341e-04	7.9410461e-04	1.9877425e-03
4.3772496e-05	3.4679303e-04	7.9257412e-04	1.9842669e-03
4.6857010e-05	3.4600922e-04	7.9101916e-04	1.9807946e-03
4.9890369e-05	3.4522220e-04	7.8943973e-04	1.9773258e-03
5.2869053e-05	3.4443225e-04	7.8783584e-04	1.9738605e-03
5.5789601e-05	3.4363962e-04	7.8620757e-04	1.9703988e-03
5.8648615e-05	3.4284460e-04	7.8455504e-04	1.9669408e-03
6.1442765e-05	3.4204747e-04	7.8287841e-04	1.9634866e-03
6.4168791e-05	3.4124854e-04	7.8117789e-04	1.9600362e-03
6.6823509e-05	3.4044810e-04	7.7945373e-04	1.9565895e-03
6.9403813e-05	3.3964646e-04	7.7770623e-04	1.9531467e-03
7.1906681e-05	3.3884396e-04	7.7593573e-04	1.9497077e-03
7.4329176e-05	3.3804092e-04	7.7414262e-04	1.9462724e-03
7.6668454e-05	3.3723768e-04	7.7232731e-04	1.9428407e-03
7.8921761e-05	3.3643457e-04	7.7049028e-04	1.9394126e-03
8.1086444e-05	3.3563194e-04	7.6863203e-04	1.9359879e-03
8.3159949e-05	3.3483015e-04	7.6675311e-04	1.9325666e-03
8.5139828e-05	3.3402955e-04	7.6485411e-04	1.9291484e-03
8.7023737e-05	3.3323050e-04	7.6293563e-04	1.9257333e-03
8.8809445e-05	3.3243336e-04	7.6099834e-04	1.9223210e-03
9.0494836e-05	3.3163849e-04	7.5904292e-04	1.9189114e-03
9.2077907e-05	3.3084627e-04	7.5707010e-04	1.9155043e-03
9.3556777e-05	3.3005704e-04	7.5508062e-04	1.9120994e-03
9.4929685e-05	3.2927118e-04	7.5307526e-04	1.9086966e-03
9.6194997e-05	3.2848905e-04	7.5105482e-04	1.9052955e-03
9.7351203e-05	3.2771100e-04	7.4902014e-04	1.9018960e-03
9.8396923e-05	3.2693740e-04	7.4697206e-04	1.8984977e-03
9.9330909e-05	3.2616860e-04	7.4491147e-04	1.8951005e-03
1.0015205e-04	3.2540494e-04	7.4283924e-04	1.8917041e-03
1.0085935e-04	3.2464676e-04	7.4075631e-04	1.8883081e-03
1.0145198e-04	3.2389440e-04	7.3866357e-04	1.8849124e-03
1.0192923e-04	3.2314819e-04	7.3656198e-04	1.8815166e-03
1.0229054e-04	3.2240845e-04	7.3445249e-04	1.8781204e-03
1.0253546e-04	3.2167547e-04	7.3233604e-04	1.8747236e-03
1.0266373e-04	3.2094957e-04	7.3021361e-04	1.8713259e-03
1.0267520e-04	3.2023103e-04	7.2808617e-04	1.8679271e-03
1.0256985e-04	3.1952013e-04	7.2595467e-04	1.8645268e-03
1.0234785e-04	3.1881713e-04	7.2382011e-04	1.8611248e-03
1.0200947e-04	3.1812229e-04	7.2168344e-04	1.8577208e-03
1.0155514e-04	3.1743583e-04	7.1954563e-04	1.8543145e-03
1.0098544e-04	3.1675798e-04	7.1740765e-04	1.8509058e-03
1.0030107e-04	3.1608895e-04	7.1527046e-04	1.8474944e-03
9.9502900e-05	3.1542893e-04	7.1313499e-04	1.8440800e-03
9.8591921e-05	3.1477810e-04	7.1100219e-04	1.8406625e-03
9.7569274e-05	3.1413661e-04	7.0887297e-04	1.8372416e-03
9.6436237e-05	3.1350460e-04	7.0674824e-04	1.8338172e-03
9.5194227e-05	3.1288220e-04	7.0462890e-04	1.8303890e-03
9.3844796e-05	3.1226951e-04	7.0251582e-04	1.8269569e-03
9.2389633e-05	3.1166662e-04	7.0040985e-04	1.8235208e-03
9.0830557e-05	3.1107360e-04	6.9831183e-04	1.8200804e-03
8.9169521e-05	3.1049049e-04	6.9622258e-04	1.8166358e-03
8.7408606e-05	3.0991732e-04	6.9414287e-04	1.8131868e-03
8.5550018e-05	3.0935410e-04	6.9207348e-04	1.8097333e-03
8.3596086e-05	3.0880083e-04	6.9001515e-04	1.8062752e-03
8.1549264e-05	3.0825746e-04	6.8796859e-04	1.8028125e-03
7.9412118e-05	3.0772397e-04	6.8593448e-04	1.7993451e-03
7.7187333e-05	3.0720026e-04	6.8391348e-04	1.7958731e-03
7.4877703e-05	3.0668627e-04	6.8190623e-04	1.7923965e-03
7.2486132e-05	3.0618187e-04	6.7991332e-04	1.7889151e-03
7.0015625e-05	3.0568695e-04	6.7793532e-04	1.7854292e-03
6.7469290e-05	3.0520136e-04	6.7597276e-04	1.7819387e-03
6.4850330e-05	3.0472493e-04	6.7402616e-04	1.7784438e-03
6.2162042e-05	3.0425749e-04	6.7209599e-04	1.7749444e-03
5.9407808e-05	3.0379884e-04	6.7018269e-04	1.7714408e-03
5.6591097e-05	3.0334875e-04	6.6828667e-04	1.7679330e-03
5.3715456e-05	3.0290701e-04	6.6640833e-04	1.7644212e-03
5.0784505e-05	3.0247335e-04	6.6454799e-04	1.7609054e-03
4.7801935e-05	3.0204751e-04	6.6270599e-04	1.7573860e-03
4.4771504e-05	3.0162922e-04	6.6088261e-04	1.7538630e-03
4.1697026e-05	3.0121817e-04	6.5907809e-04	1.7503367e-03
3.8582374e-05	3.0081407e-04	6.5729267e-04	1.7468072e-03
3.5431469e-05	3.0041660e-04	6.5552655e-04	1.7432748e-03
3.2248277e-05	3.0002541e-04	6.5377987e-04	1.7397397e-03
2.9036802e-05	2.9964018e-04	6.5205279e-04	1.7362021e-03
2.5801086e-05	2.9926054e-04	6.5034540e-04	1.7326623e-03
2.2545197e-05	2.9888613e-04	6.4865778e-04	1.7291205e-03
1.9273226e-05	2.9851658e-04	6.4698999e-04	1.7255770e-03
1.5989284e-05	2.9815151e-04	6.4534205e-04	1.7220320e-03
1.2697494e-05	2.9779053e-04	6.4371396e-04	1.7184859e-03
9.4019858e-06	2.9743325e-04	6.4210569e-04	1.7149389e-03
6.1068902e-06	2.9707928e-04	6.4051720e-04	1.7113912e-03
2.8163351e-06	2.9672821e-04	6.3894842e-04	1.7078431e-03
-4.6556139e-07	2.9637963e-04	6.3739925e-04	1.7042950e-03
-3.7346957e-06	2.9603314e-04	6.3586959e-04	1.7007471e-03
-6.9869848e-06	2.9568833e-04	6.3435929e-04	1.6971996e-03
-1.0218371e-05	2.9534480e-04	6.3286820e-04	1.6936529e-03
-1.3424828e-05	2.9500213e-04	6.3139616e-04	1.6901072e-03
-1.6602365e-05	2.9465991e-04	6.2994298e-04	1.6865628e-03
-1.9747033e-05	2.9431774e-04	6.2850846e-04	1.6830199e-03
-2.2854931e-05	2.9397523e-04	6.2709238e-04	1.6794788e-03
-2.5922209e-05	2.9363196e-04	6.2569451e-04	1.6759397e-03
-2.8945072e-05	2.9328756e-04	6.2431461e-04	1.6724029e-03
-3.1919789e-05	2.9294163e-04	6.2295242e-04	1.6688685e-03
-3.4842695e-05	2.9259379e-04	6.2160769e-04	1.6653369e-03
-3.7710196e-05	2.9224367e-04	6.2028013e-04	1.6618082e-03
-4.0518775e-05	2.9189091e-04	6.1896947e-04	1.6582826e-03
-4.3264993e-05	2.9153514e-04	6.1767541e-04	1.6547603e-03
-4.5945499e-05	2.9117604e-04	6.1639765e-04	1.6512415e-03
-4.8557028e-05	2.9081324e-04	6.1513590e-04	1.6477262e-03
-5.1096410e-05	2.9044644e-04	6.1388984e-04	1.6442148e-03
-5.3560571e-05	2.9007532e-04	6.1265915e-04	1.6407072e-03
-5.5946539e-05	2.8969957e-04	6.1144353e-04	1.6372036e-03
-5.8251445e-05	2.8931891e-04	6.1024265e-04	1.6337042e-03
-6.0472530e-05	2.8893305e-04	6.0905619e-04	1.6302089e-03
-6.2607145e-05	2.8854174e-04	6.0788381e-04	1.6267178e-03
-6.4652755e-05	2.8814471e-04	6.0672519e-04	1.6232311e-03
-6.6606944e-05	2.8774175e-04	6.0558001e-04	1.6197488e-03
-6.8467415e-05	2.8733261e-04	6.0444793e-04	1.6162707e-03
-7.0231996e-05	2.8691711e-04	6.0332862e-04	1.6127971e-03
-7.1898637e-05	2.8649503e-04	6.0222176e-04	1.6093279e-03
-7.3465419e-05	2.8606620e-04	6.0112700e-04	1.6058630e-03
-7.4930552e-05	2.8563046e-04	6.0004402e-04	1.6024023e-03
-7.6292376e-05	2.8518766e-04	5.9897250e-04	1.5989460e-03
-7.7549366e-05	2.8473767e-04	5.9791209e-04	1.5954938e-03
-7.8700132e-05	2.8428035e-04	5.9686247e-04	1.5920458e-03
-7.9743419e-05	2.8381562e-04	5.9582331e-04	1.5886017e-03
-8.0678113e-05	2.8334337e-04	5.9479428e-04	1.5851616e-03
-8.1503233e-05	2.8286354e-04	5.9377505e-04	1.5817253e-03
-8.2217941e-05	2.8237606e-04	5.9276530e-04	1.5782926e-03
-8.2821538e-05	2.8188089e-04	5.9176470e-04	1.5748634e-03
-8.3313464e-05	2.8137799e-04	5.9077291e-04	1.5714377e-03
-8.3693302e-05	2.8086733e-04	5.8978961e-04	1.5680151e-03
-8.3960772e-05	2.8034893e-04	5.8881447e-04	1.5645956e-03
-8.4115736e-05	2.7982277e-04	5.8784716e-04	1.5611790e-03
-8.4158195e-05	2.7928889e-04	5.8688734e-04	1.5577650e-03
-8.4088292e-05	2.7874731e-04	5.8593469e-04	1.5543536e-03
-8.3906304e-05	2.7819808e-04	5.8498886e-04	1.5509445e-03
-8.3612650e-05	2.7764124e-04	5.8404951e-04	1.5475375e-03
-8.3207882e-05	2.7707687e-04	5.8311632e-04	1.5441324e-03
-8.2692690e-05	2.7650504e-04	5.8218892e-04	1.5407290e-03
-8.2067897e-05	2.7592583e-04	5.8126699e-04	1.5373272e-03
-8.1334459e-05	2.7533935e-04	5.8035015e-04	1.5339267e-03
-8.0493461e-05	2.7474568e-04	5.7943806e-04	1.5305274e-03
-7.9546119e-05	2.7414495e-04	5.7853035e-04	1.5271290e-03
-7.8493774e-05	2.7353727e-04	5.7762667e-04	1.5237313e-03
-7.7337893e-05	2.7292278e-04	5.7672663e-04	1.5203341e-03
-7.6080065e-05	2.7230159e-04	5.7582987e-04	1.5169374e-03
-7.4721998e-05	2.7167386e-04	5.7493600e-04	1.5135408e-03
-7.3265518e-05	2.7103972e-04	5.7404463e-04	1.5101442e-03
-7.1712565e-05	2.7039933e-04	5.7315536e-04	1.5067475e-03
-7.0065192e-05	2.6975284e-04	5.7226780e-04	1.5033505e-03
-6.8325559e-05	2.6910041e-04	5.7138153e-04	1.4999530e-03
-6.6495934e-05	2.6844220e-04	5.7049614e-04	1.4965549e-03
-6.4578685e-05	2.6777837e-04	5.6961121e-04	1.4931562e-03
-6.2576282e-05	2.6710909e-04	5.6872630e-04	1.4897566e-03
-6.0491288e-05	2.6643454e-04	5.6784099e-04	1.4863561e-03
-5.8326360e-05	2.6575487e-04	5.6695481e-04	1.4829545e-03
-5.6084246e-05	2.6507027e-04	5.6606733e-04	1.4795519e-03
-5.3767774e-05	2.6438090e-04	5.6517809e-04	1.4761482e-03
-5.1379860e-05	2.6368693e-04	5.6428661e-04	1.4727432e-03
-4.8923492e-05	2.6298855e-04	5.6339244e-04	1.4693370e-03
-4.6401736e-05	2.6228592e-04	5.6249509e-04	1.4659296e-03
-4.3817727e-05	2.6157921e-04	5.6159407e-04	1.4625208e-03
-4.1174666e-05	2.6086860e-04	5.6068891e-04	1.4591109e-03
-3.8475815e-05	2.6015424e-04	5.5977910e-04	1.4556997e-03
-3.5724496e-05	2.5943632e-04	5.5886415e-04	1.4522874e-03
-3.2924085e-05	2.5871500e-04	5.5794356e-04	1.4488739e-03
-3.0078006e-05	2.5799043e-04	5.5701682e-04	1.4454594e-03
-2.7189731e-05	2.5726278e-04	5.5608343e-04	1.4420440e-03
-2.4262772e-05	2.5653222e-04	5.5514287e-04	1.4386276e-03
-2.1300681e-05	2.5579890e-04	5.5419464e-04	1.4352106e-03
-1.8307039e-05	2.5506297e-04	5.5323822e-04	1.4317929e-03
-1.5285460e-05	2.5432459e-04	5.5227312e-04	1.4283748e-03
-1.2239581e-05	2.5358390e-04	5.5129881e-04	1.4249564e-03
-9.1730608e-06	2.5284106e-04	5.5031479e-04	1.4215379e-03
-6.0895726e-06	2.5209620e-04	5.4932057e-04	1.4181194e-03
-2.9928036e-06	2.5134948e-04	5.4831564e-04	1.4147012e-03
1.1355178e-07	2.5060104e-04	5.4729951e-04	1.4112834e-03
3.2257950e-06	2.4985100e-04	5.4627171e-04	1.4078663e-03
6.3402281e-06	2.4909951e-04	5.4523174e-04	1.4044502e-03
9.4531574e-06	2.4834670e-04	5.4417915e-04	1.4010352e-03
1.2560898e-05	2.4759270e-04	5.4311347e-04	1.3976215e-03
1.5659777e-05	2.4683765e-04	5.4203426e-04	1.3942096e-03
1.8746140e-05	2.4608167e-04	5.4094109e-04	1.3907996e-03
2.1816351e-05	2.4532490e-04	5.3983353e-04	1.3873917e-03
2.4866801e-05	2.4456744e-04	5.3871118e-04	1.3839863e-03
2.7893907e-05	2.4380945e-04	5.3757365e-04	1.3805836e-03
3.0894121e-05	2.4305103e-04	5.3642057e-04	1.3771840e-03
3.3863931e-05	2.4229231e-04	5.3525159e-04	1.3737876e-03
3.6799864e-05	2.4153343e-04	5.3406637e-04	1.3703949e-03
3.9698492e-05	2.4077449e-04	5.3286460e-04	1.3670059e-03
4.2556434e-05	2.4001563e-04	5.3164598e-04	1.3636212e-03
4.5370359e-05	2.3925698e-04	5.3041025e-04	1.3602408e-03
4.8136994e-05	2.3849865e-04	5.2915717e-04	1.3568651e-03
5.0853121e-05	2.3774078e-04	5.2788652e-04	1.3534945e-03
5.3515585e-05	2.3698350e-04	5.2659810e-04	1.3501290e-03
5.6121297e-05	2.3622693e-04	5.2529175e-04	1.3467691e-03
5.8667234e-05	2.3547120e-04	5.2396733e-04	1.3434149e-03
6.1150446e-05	2.3471645e-04	5.2262473e-04	1.3400667e-03
6.3568058e-05	2.3396282e-04	5.2126387e-04	1.3367248e-03
6.5917271e-05	2.3321044e-04	5.1988470e-04	1.3333894e-03
6.8195367e-05	2.3245945e-04	5.1848721e-04	1.3300606e-03
7.0399713e-05	2.3170999e-04	5.1707140e-04	1.3267388e-03
7.2527761e-05	2.3096222e-04	5.1563732e-04	1.3234241e-03
7.4577053e-05	2.3021627e-04	5.1418505e-04	1.3201167e-03
7.6545220e-05	2.2947229e-04	5.1271470e-04	1.3168168e-03
7.8429991e-05	2.2873044e-04	5.1122642e-04	1.3135245e-03
8.0229189e-05	2.2799089e-04	5.0972037e-04	1.3102400e-03
8.1940735e-05	2.2725377e-04	5.0819677e-04	1.3069634e-03
8.3562654e-05	2.2651926e-04	5.0665587e-04	1.3036948e-03
8.5093073e-05	2.2578752e-04	5.0509795e-04	1.3004344e-03
8.6530224e-05	2.2505873e-04	5.0352330e-04	1.2971822e-03
8.7872446e-05	2.2433303e-04	5.0193229e-04	1.2939383e-03
8.9118188e-05	2.2361063e-04	5.0032529e-04	1.2907028e-03
9.0266008e-05	2.2289167e-04	4.9870270e-04	1.2874756e-03
9.1314580e-05	2.2217635e-04	4.9706497e-04	1.2842568e-03
9.2262688e-05	2.2146484e-04	4.9541258e-04	1.2810465e-03
9.3109233e-05	2.2075733e-04	4.9374604e-04	1.2778446e-03
9.3853233e-05	2.2005399e-04	4.9206587e-04	1.2746510e-03
9.4493824e-05	2.1935501e-04	4.9037264e-04	1.2714658e-03
9.5030258e-05	2.1866058e-04	4.8866696e-04	1.2682889e-03
9.5461911e-05	2.1797088e-04	4.8694944e-04	1.2651202e-03
9.5788275e-05	2.1728610e-04	4.8522073e-04	1.2619596e-03
9.6008968e-05	2.1660642e-04	4.8348152e-04	1.2588071e-03
9.6123725e-05	2.1593202e-04	4.8173249e-04	1.2556624e-03
9.6132407e-05	2.1526310e-04	4.7997438e-04	1.2525255e-03
9.6034995e-05	2.1459984e-04	4.7820792e-04	1.2493963e-03
9.5831594e-05	2.1394242e-04	4.7643390e-04	1.2462745e-03
9.5522431e-05	2.1329102e-04	4.7465309e-04	1.2431600e-03
9.5107857e-05	2.1264582e-04	4.7286629e-04	1.2400526e-03
9.4588343e-05	2.1200698e-04	4.7107434e-04	1.2369522e-03
9.3964485e-05	2.1137469e-04	4.6927807e-04	1.2338584e-03
9.3236998e-05	2.1074911e-04	4.6747832e-04	1.2307712e-03
9.2406720e-05	2.1013039e-04	4.6567595e-04	1.2276903e-03
9.1474609e-05	2.0951871e-04	4.6387185e-04	1.2246155e-03
9.0441742e-05	2.0891421e-04	4.6206688e-04	1.2215464e-03
8.9309314e-05	2.0831703e-04	4.6026194e-04	1.2184830e-03
8.8078638e-05	2.0772731e-04	4.5845791e-04	1.2154249e-03
8.6751142e-05	2.0714519e-04	4.5665570e-04	1.2123720e-03
8.5328371e-05	2.0657080e-04	4.5485618e-04	1.2093239e-03
8.3811981e-05	2.0600424e-04	4.5306027e-04	1.2062803e-03
8.2203740e-05	2.0544562e-04	4.5126884e-04	1.2032411e-03
8.0505525e-05	2.0489505e-04	4.4948280e-04	1.2002061e-03
7.8719322e-05	2.0435261e-04	4.4770302e-04	1.1971748e-03
7.6847221e-05	2.0381838e-04	4.4593038e-04	1.1941471e-03
7.4891417e-05	2.0329243e-04	4.4416574e-04	1.1911227e-03
7.2854205e-05	2.0277482e-04	4.4240996e-04	1.1881015e-03
7.0737978e-05	2.0226559e-04	4.4066388e-04	1.1850830e-03
6.8545227e-05	2.0176478e-04	4.3892833e-04	1.1820672e-03
6.6278534e-05	2.0127241e-04	4.3720412e-04	1.1790538e-03
6.3940574e-05	2.0078850e-04	4.3549205e-04	1.1760425e-03
6.1534107e-05	2.0031303e-04	4.3379288e-04	1.1730331e-03
5.9061979e-05	1.9984601e-04	4.3210738e-04	1.1700255e-03
5.6527116e-05	1.9938739e-04	4.3043628e-04	1.1670194e-03
5.3932523e-05	1.9893713e-04	4.2878028e-04	1.1640146e-03
5.1281279e-05	1.9849519e-04	4.2714007e-04	1.1610110e-03
4.8576534e-05	1.9806150e-04	4.2551631e-04	1.1580084e-03
4.5821505e-05	1.9763596e-04	4.2390964e-04	1.1550066e-03
4.3019475e-05	1.9721850e-04	4.2232064e-04	1.1520055e-03
4.0173782e-05	1.9680899e-04	4.2074991e-04	1.1490050e-03
3.7287825e-05	1.9640731e-04	4.1919799e-04	1.1460050e-03
3.4365052e-05	1.9601333e-04	4.1766537e-04	1.1430053e-03
3.1408959e-05	1.9562689e-04	4.1615256e-04	1.1400058e-03
2.8423086e-05	1.9524784e-04	4.1466000e-04	1.1370066e-03
2.5411014e-05	1.9487599e-04	4.1318810e-04	1.1340074e-03
2.2376356e-05	1.9451115e-04	4.1173725e-04	1.1310084e-03
1.9322758e-05	1.9415312e-04	4.1030779e-04	1.1280094e-03
1.6253891e-05	1.9380168e-04	4.0890004e-04	1.1250104e-03
1.3173450e-05	1.9345660e-04	4.0751427e-04	1.1220114e-03
1.0085145e-05	1.9311763e-04	4.0615073e-04	1.1190124e-03
6.9926991e-06	1.9278454e-04	4.0480964e-04	1.1160135e-03
3.8998443e-06	1.9245704e-04	4.0349115e-04	1.1130148e-03
8.1031564e-07	1.9213488e-04	4.0219541e-04	1.1100161e-03
-2.2721529e-06	1.9181775e-04	4.0092252e-04	1.1070177e-03
-5.3438334e-06	1.9150536e-04	3.9967256e-04	1.1040195e-03
-8.4010082e-06	1.9119741e-04	3.9844555e-04	1.1010218e-03
-1.1439975e-05	1.9089359e-04	3.9724149e-04	1.0980245e-03
-1.4457052e-05	1.9059356e-04	3.9606035e-04	1.0950279e-03
-1.7448580e-05	1.9029701e-04	3.9490205e-04	1.0920320e-03
-2.0410933e-05	1.9000359e-04	3.9376651e-04	1.0890369e-03
-2.3340514e-05	1.8971296e-04	3.9265359e-04	1.0860429e-03
-2.6233768e-05	1.8942478e-04	3.9156311e-04	1.0830501e-03
-2.9087182e-05	1.8913867e-04	3.9049490e-04	1.0800586e-03
-3.1897292e-05	1.8885430e-04	3.8944871e-04	1.0770686e-03
-3.4660683e-05	1.8857130e-04	3.8842431e-04	1.0740803e-03
-3.7373999e-05	1.8828930e-04	3.8742141e-04	1.0710940e-03
-4.0033946e-05	1.8800793e-04	3.8643969e-04	1.0681097e-03
-4.2637291e-05	1.8772683e-04	3.8547884e-04	1.0651277e-03
-4.5180876e-05	1.8744564e-04	3.8453847e-04	1.0621483e-03
-4.7661611e-05	1.8716398e-04	3.8361823e-04	1.0591715e-03
-5.0076488e-05	1.8688148e-04	3.8271768e-04	1.0561977e-03
-5.2422579e-05	1.8659779e-04	3.8183642e-04	1.0532270e-03
-5.4697041e-05	1.8631254e-04	3.8097400e-04	1.0502596e-03
-5.6897121e-05	1.8602537e-04	3.8012994e-04	1.0472958e-03
-5.9020158e-05	1.8573593e-04	3.7930376e-04	1.0443358e-03
-6.1063587e-05	1.8544387e-04	3.7849497e-04	1.0413798e-03
-6.3024946e-05	1.8514885e-04	3.7770304e-04	1.0384280e-03
-6.4901872e-05	1.8485052e-04	3.7692744e-04	1.0354805e-03
-6.6692110e-05	1.8454856e-04	3.7616764e-04	1.0325377e-03
-6.8393513e-05	1.8424266e-04	3.7542307e-04	1.0295997e-03
-7.0004049e-05	1.8393248e-04	3.7469318e-04	1.0266667e-03
-7.1521796e-05	1.8361773e-04	3.7397738e-04	1.0237389e-03
-7.2944953e-05	1.8329812e-04	3.7327510e-04	1.0208165e-03
-7.4271836e-05	1.8297336e-04	3.7258575e-04	1.0178996e-03
-7.5500885e-05	1.8264318e-04	3.7190873e-04	1.0149885e-03
-7.6630661e-05	1.8230732e-04	3.7124344e-04	1.0120832e-03
-7.7659854e-05	1.8196552e-04	3.7058929e-04	1.0091839e-03
-7.8587279e-05	1.8161756e-04	3.6994566e-04	1.0062908e-03
-7.9411881e-05	1.8126320e-04	3.6931196e-04	1.0034040e-03
-8.0132734e-05	1.8090223e-04	3.6868757e-04	1.0005236e-03
-8.0749045e-05	1.8053447e-04	3.6807190e-04	9.9764973e-04
-8.1260152e-05	1.8015972e-04	3.6746434e-04	9.9478246e-04
-8.1665527e-05	1.7977782e-04	3.6686429e-04	9.9192189e-04
-8.1964776e-05	1.7938861e-04	3.6627116e-04	9.8906809e-04
-8.2157639e-05	1.7899196e-04	3.6568436e-04	9.8622113e-04
-8.2243991e-05	1.7858775e-04	3.6510330e-04	9.8338107e-04
-8.2223840e-05	1.7817585e-04	3.6452740e-04	9.8054793e-04
-8.2097331e-05	1.7775619e-04	3.6395609e-04	9.7772175e-04
-8.1864741e-05	1.7732868e-04	3.6338880e-04	9.7490254e-04
-8.1526481e-05	1.7689327e-04	3.6282497e-04	9.7209031e-04
-8.1083098e-05	1.7644990e-04	3.6226407e-04	9.6928504e-04
-8.0535266e-05	1.7599854e-04	3.6170554e-04	9.6648673e-04
-7.9883795e-05	1.7553919e-04	3.6114885e-04	9.6369533e-04
-7.9129622e-05	1.7507183e-04	3.6059350e-04	9.6091081e-04
-7.8273814e-05	1.7459648e-04	3.6003895e-04	9.5813311e-04
-7.7317564e-05	1.7411318e-04	3.5948473e-04	9.5536217e-04
-7.6262190e-05	1.7362197e-04	3.5893033e-04	9.5259792e-04
-7.5109135e-05	1.7312291e-04	3.5837528e-04	9.4984028e-04
-7.3859963e-05	1.7261606e-04	3.5781910e-04	9.4708916e-04
-7.2516354e-05	1.7210152e-04	3.5726136e-04	9.4434444e-04
-7.1080109e-05	1.7157939e-04	3.5670159e-04	9.4160604e-04
-6.9553141e-05	1.7104979e-04	3.5613938e-04	9.3887383e-04
-6.7937474e-05	1.7051282e-04	3.5557428e-04	9.3614769e-04
-6.6235241e-05	1.6996865e-04	3.5500590e-04	9.3342749e-04
-6.4448681e-05	1.6941741e-04	3.5443384e-04	9.3071310e-04
-6.2580135e-05	1.6885927e-04	3.5385770e-04	9.2800438e-04
-6.0632045e-05	1.6829441e-04	3.5327712e-04	9.2530119e-04
-5.8606946e-05	1.6772299e-04	3.5269171e-04	9.2260337e-04
-5.6507467e-05	1.6714523e-04	3.5210114e-04	9.1991079e-04
-5.4336327e-05	1.6656131e-04	3.5150504e-04	9.1722329e-04
-5.2096327e-05	1.6597146e-04	3.5090310e-04	9.1454072e-04
-4.9790353e-05	1.6537589e-04	3.5029497e-04	9.1186292e-04
-4.7421366e-05	1.6477482e-04	3.4968036e-04	9.0918975e-04
-4.4992400e-05	1.6416849e-04	3.4905894e-04	9.0652104e-04
-4.2506562e-05	1.6355714e-04	3.4843044e-04	9.0385665e-04
-3.9967019e-05	1.6294101e-04	3.4779456e-04	9.0119644e-04
-3.7377003e-05	1.6232037e-04	3.4715101e-04	8.9854025e-04
-3.4739802e-05	1.6169545e-04	3.4649955e-04	8.9588795e-04
-3.2058754e-05	1.6106652e-04	3.4583989e-04	8.9323939e-04
-2.9337249e-05	1.6043385e-04	3.4517180e-04	8.9059445e-04
-2.6578717e-05	1.5979770e-04	3.4449502e-04	8.8795300e-04
-2.3786630e-05	1.5915833e-04	3.4380931e-04	8.8531492e-04
-2.0964491e-05	1.5851602e-04	3.4311446e-04	8.8268010e-04
-1.8115836e-05	1.5787104e-04	3.4241024e-04	8.8004843e-04
-1.5244226e-05	1.5722365e-04	3.4169642e-04	8.7741980e-04
-1.2353243e-05	1.5657413e-04	3.4097281e-04	8.7479414e-04
-9.4464847e-06	1.5592276e-04	3.4023920e-04	8.7217136e-04
-6.5275610e-06	1.5526979e-04	3.3949540e-04	8.6955140e-04
-3.6000893e-06	1.5461549e-04	3.3874122e-04	8.6693417e-04
-6.6768960e-07	1.5396014e-04	3.3797647e-04	8.6431965e-04
2.2660197e-06	1.5330400e-04	3.3720099e-04	8.6170778e-04
5.1974265e-06	1.5264732e-04	3.3641460e-04	8.5909852e-04
8.1229295e-06	1.5199037e-04	3.3561715e-04	8.5649187e-04
1.1038942e-05	1.5133340e-04	3.3480847e-04	8.5388781e-04
1.3941898e-05	1.5067665e-04	3.3398842e-04	8.5128634e-04
1.6828254e-05	1.5002038e-04	3.3315686e-04	8.4868746e-04
1.9694496e-05	1.4936482e-04	3.3231365e-04	8.4609121e-04
2.2537140e-05	1.4871022e-04	3.3145866e-04	8.4349762e-04
2.5352740e-05	1.4805679e-04	3.3059178e-04	8.4090672e-04
2.8137892e-05	1.4740478e-04	3.2971289e-04	8.3831858e-04
3.0889234e-05	1.4675439e-04	3.2882189e-04	8.3573326e-04
3.3603454e-05	1.4610585e-04	3.2791867e-04	8.3315083e-04
3.6277292e-05	1.4545935e-04	3.2700316e-04	8.3057138e-04
3.8907544e-05	1.4481511e-04	3.2607526e-04	8.2799500e-04
4.1491065e-05	1.4417332e-04	3.2513492e-04	8.2542179e-04
4.4024776e-05	1.4353416e-04	3.2418206e-04	8.2285187e-04
4.6505662e-05	1.4289783e-04	3.2321663e-04	8.2028537e-04
4.8930779e-05	1.4226450e-04	3.2223860e-04	8.1772240e-04
5.1297258e-05	1.4163434e-04	3.2124793e-04	8.1516310e-04
5.3602306e-05	1.4100752e-04	3.2024460e-04	8.1260763e-04
5.5843209e-05	1.4038419e-04	3.1922860e-04	8.1005612e-04
5.8017337e-05	1.3976450e-04	3.1819994e-04	8.0750874e-04
6.0122144e-05	1.3914861e-04	3.1715863e-04	8.0496565e-04
6.2155173e-05	1.3853665e-04	3.1610470e-04	8.0242700e-04
6.4114059e-05	1.3792875e-04	3.1503819e-04	7.9989298e-04
6.5996530e-05	1.3732504e-04	3.1395916e-04	7.9736376e-04
6.7800408e-05	1.3672565e-04	3.1286768e-04	7.9483950e-04
6.9523615e-05	1.3613070e-04	3.1176382e-04	7.9232039e-04
7.1164173e-05	1.3554028e-04	3.1064770e-04	7.8980661e-04
7.2720205e-05	1.3495451e-04	3.0951942e-04	7.8729833e-04
7.4189938e-05	1.3437349e-04	3.0837913e-04	7.8479574e-04
7.5571707e-05	1.3379731e-04	3.0722695e-04	7.8229900e-04
7.6863951e-05	1.3322607e-04	3.0606307e-04	7.7980831e-04
7.8065220e-05	1.3265984e-04	3.0488766e-04	7.7732383e-04
7.9174174e-05	1.3209872e-04	3.0370092e-04	7.7484573e-04
8.0189583e-05	1.3154277e-04	3.0250307e-04	7.7237418e-04
8.1110331e-05	1.3099208e-04	3.0129434e-04	7.6990934e-04
8.1935414e-05	1.3044671e-04	3.0007499e-04	7.6745137e-04
8.2663944e-05	1.2990672e-04	2.9884529e-04	7.6500043e-04
8.3295145e-05	1.2937219e-04	2.9760553e-04	7.6255664e-04
8.3828360e-05	1.2884316e-04	2.9635601e-04	7.6012016e-04
8.4263045e-05	1.2831969e-04	2.9509708e-04	7.5769111e-04
8.4598774e-05	1.2780184e-04	2.9382907e-04	7.5526961e-04
8.4835237e-05	1.2728966e-04	2.9255235e-04	7.5285578e-04
8.4972239e-05	1.2678320e-04	2.9126731e-04	7.5044973e-04
8.5009704e-05	1.2628249e-04	2.8997435e-04	7.4805154e-04
8.4947670e-05	1.2578758e-04	2.8867390e-04	7.4566129e-04
8.4786292e-05	1.2529851e-04	2.8736639e-04	7.4327908e-04
8.4525839e-05	1.2481533e-04	2.8605229e-04	7.4090494e-04
8.4166697e-05	1.2433806e-04	2.8473207e-04	7.3853895e-04
8.3709365e-05	1.2386673e-04	2.8340622e-04	7.3618114e-04
8.3154455e-05	1.2340139e-04	2.8207527e-04	7.3383153e-04
8.2502693e-05	1.2294206e-04	2.8073973e-04	7.3149015e-04
8.1754914e-05	1.2248878e-04	2.7940016e-04	7.2915700e-04
8.0912066e-05	1.2204155e-04	2.7805711e-04	7.2683207e-04
7.9975203e-05	1.2160042e-04	2.7671115e-04	7.2451535e-04
7.8945490e-05	1.2116540e-04	2.7536289e-04	7.2220680e-04
7.7824196e-05	1.2073652e-04	2.7401292e-04	7.1990638e-04
7.6612694e-05	1.2031379e-04	2.7266185e-04	7.1761404e-04
7.5312463e-05	1.1989723e-04	2.7131032e-04	7.1532971e-04
7.3925079e-05	1.1948685e-04	2.6995896e-04	7.1305331e-04
7.2452221e-05	1.1908267e-04	2.6860843e-04	7.1078476e-04
7.0895662e-05	1.1868470e-04	2.6725937e-04	7.0852395e-04
6.9257273e-05	1.1829294e-04	2.6591246e-04	7.0627077e-04
6.7539016e-05	1.1790741e-04	2.6456837e-04	7.0402511e-04
6.5742945e-05	1.1752810e-04	2.6322778e-04	7.0178683e-04
6.3871200e-05	1.1715502e-04	2.6189137e-04	6.9955579e-04
6.1926009e-05	1.1678815e-04	2.6055983e-04	6.9733185e-04
5.9909684e-05	1.1642750e-04	2.5923385e-04	6.9511484e-04
5.7824614e-05	1.1607306e-04	2.5791412e-04	6.9290459e-04
5.5673270e-05	1.1572481e-04	2.5660134e-04	6.9070094e-04
5.3458196e-05	1.1538273e-04	2.5529618e-04	6.8850371e-04
5.1182008e-05	1.1504681e-04	2.5399935e-04	6.8631270e-04
4.8847392e-05	1.1471703e-04	2.5271152e-04	6.8412772e-04
4.6457101e-05	1.1439334e-04	2.5143337e-04	6.8194859e-04
4.4013950e-05	1.1407572e-04	2.5016557e-04	6.7977509e-04
4.1520815e-05	1.1376413e-04	2.4890880e-04	6.7760703e-04
3.8980629e-05	1.1345852e-04	2.4766369e-04	6.7544418e-04
3.6396376e-05	1.1315886e-04	2.4643091e-04	6.7328635e-04
3.3771095e-05	1.1286507e-04	2.4521108e-04	6.7113333e-04
3.1107867e-05	1.1257711e-04	2.4400482e-04	6.6898489e-04
2.8409819e-05	1.1229491e-04	2.4281274e-04	6.6684083e-04
2.5680118e-05	1.1201839e-04	2.4163543e-04	6.6470094e-04
2.2921966e-05	1.1174748e-04	2.4047346e-04	6.6256501e-04
2.0138600e-05	1.1148210e-04	2.3932738e-04	6.6043282e-04
1.7333284e-05	1.1122215e-04	2.3819775e-04	6.5830418e-04
1.4509307e-05	1.1096754e-04	2.3708506e-04	6.5617888e-04
1.1669983e-05	1.1071815e-04	2.3598982e-04	6.5405673e-04
8.8186413e-06	1.1047390e-04	2.3491249e-04	6.5193753e-04
5.9586260e-06	1.1023464e-04	2.3385353e-04	6.4982110e-04
3.0932922e-06	1.1000026e-04	2.3281337e-04	6.4770725e-04
2.2600148e-07	1.0977063e-04	2.3179239e-04	6.4559582e-04
-2.6398816e-06	1.0954561e-04	2.3079097e-04	6.4348663e-04
-5.5009935e-06	1.0932504e-04	2.2980946e-04	6.4137954e-04
-8.3539753e-06	1.0910878e-04	2.2884818e-04	6.3927438e-04
-1.1195477e-05	1.0889667e-04	2.2790740e-04	6.3717103e-04
-1.4022161e-05	1.0868853e-04	2.2698740e-04	6.3506934e-04
-1.6830705e-05	1.0848419e-04	2.2608840e-04	6.3296920e-04
-1.9617809e-05	1.0828347e-04	2.2521060e-04	6.3087050e-04
-2.2380195e-05	1.0808617e-04	2.2435416e-04	6.2877313e-04
-2.5114613e-05	1.0789211e-04	2.2351923e-04	6.2667701e-04
-2.7817846e-05	1.0770107e-04	2.2270590e-04	6.2458205e-04
-3.0486712e-05	1.0751285e-04	2.2191426e-04	6.2248819e-04
-3.3118066e-05	1.0732723e-04	2.2114433e-04	6.2039538e-04
-3.5708808e-05	1.0714398e-04	2.2039614e-04	6.1830357e-04
-3.8255885e-05	1.0696289e-04	2.1966964e-04	6.1621272e-04
-4.0756291e-05	1.0678371e-04	2.1896480e-04	6.1412282e-04
-4.3207077e-05	1.0660620e-04	2.1828152e-04	6.1203386e-04
-4.5605350e-05	1.0643013e-04	2.1761968e-04	6.0994584e-04
-4.7948278e-05	1.0625524e-04	2.1697913e-04	6.0785877e-04
-5.0233092e-05	1.0608127e-04	2.1635968e-04	6.0577269e-04
-5.2457093e-05	1.0590798e-04	2.1576112e-04	6.0368762e-04
-5.4617651e-05	1.0573509e-04	2.1518320e-04	6.0160363e-04
-5.6712209e-05	1.0556235e-04	2.1462565e-04	5.9952076e-04
-5.8738292e-05	1.0538949e-04	2.1408816e-04	5.9743908e-04
-6.0693499e-05	1.0521623e-04	2.1357041e-04	5.9535869e-04
-6.2575518e-05	1.0504232e-04	2.1307202e-04	5.9327966e-04
-6.4382119e-05	1.0486747e-04	2.1259260e-04	5.9120211e-04
-6.6111165e-05	1.0469141e-04	2.1213175e-04	5.8912613e-04
-6.7760607e-05	1.0451387e-04	2.1168902e-04	5.8705185e-04
-6.9328494e-05	1.0433457e-04	2.1126394e-04	5.8497940e-04
-7.0812968e-05	1.0415325e-04	2.1085602e-04	5.8290890e-04
-7.2212274e-05	1.0396963e-04	2.1046474e-04	5.8084050e-04
-7.3524758e-05	1.0378344e-04	2.1008959e-04	5.7877434e-04
-7.4748866e-05	1.0359441e-04	2.0972998e-04	5.7671059e-04
-7.5883156e-05	1.0340229e-04	2.0938536e-04	5.7464940e-04
-7.6926290e-05	1.0320681e-04	2.0905513e-04	5.7259093e-04
-7.7877039e-05	1.0300771e-04	2.0873868e-04	5.7053535e-04
-7.8734289e-05	1.0280475e-04	2.0843538e-04	5.6848284e-04
-7.9497035e-05	1.0259767e-04	2.0814458e-04	5.6643356e-04
-8.0164388e-05	1.0238624e-04	2.0786565e-04	5.6438771e-04
-8.0735576e-05	1.0217021e-04	2.0759790e-04	5.6234544e-04
-8.1209941e-05	1.0194937e-04	2.0734066e-04	5.6030695e-04
-8.1586945e-05	1.0172349e-04	2.0709325e-04	5.5827242e-04
-8.1866167e-05	1.0149236e-04	2.0685497e-04	5.5624201e-04
-8.2047306e-05	1.0125577e-04	2.0662512e-04	5.5421592e-04
-8.2130180e-05	1.0101353e-04	2.0640299e-04	5.5219431e-04
-8.2114730e-05	1.0076546e-04	2.0618788e-04	5.5017737e-04
-8.2001013e-05	1.0051137e-04	2.0597906e-04	5.4816526e-04
-8.1789211e-05	1.0025110e-04	2.0577582e-04	5.4615814e-04
-8.1479624e-05	9.9984493e-05	2.0557746e-04	5.4415619e-04
-8.1072672e-05	9.9711406e-05	2.0538325e-04	5.4215957e-04
-8.0568896e-05	9.9431703e-05	2.0519248e-04	5.4016842e-04
-7.9968958e-05	9.9145264e-05	2.0500445e-04	5.3818289e-04
-7.9273635e-05	9.8851978e-05	2.0481845e-04	5.3620312e-04
-7.8483825e-05	9.8551748e-05	2.0463379e-04	5.3422926e-04
-7.7600541e-05	9.8244489e-05	2.0444977e-04	5.3226142e-04
-7.6624913e-05	9.7930128e-05	2.0426572e-04	5.3029973e-04
-7.5558185e-05	9.7608607e-05	2.0408095e-04	5.2834429e-04
-7.4401714e-05	9.7279879e-05	2.0389482e-04	5.2639522e-04
-7.3156969e-05	9.6943911e-05	2.0370667e-04	5.2445260e-04
-7.1825528e-05	9.6600685e-05	2.0351586e-04	5.2251653e-04
-7.0409076e-05	9.6250194e-05	2.0332176e-04	5.2058708e-04
-6.8909405e-05	9.5892447e-05	2.0312377e-04	5.1866431e-04
-6.7328410e-05	9.5527464e-05	2.0292129e-04	5.1674829e-04
-6.5668088e-05	9.5155282e-05	2.0271373e-04	5.1483907e-04
-6.3930533e-05	9.4775947e-05	2.0250055e-04	5.1293668e-04
-6.2117936e-05	9.4389524e-05	2.0228117e-04	5.1104115e-04
-6.0232582e-05	9.3996086e-05	2.0205509e-04	5.0915250e-04
-5.8276846e-05	9.3595722e-05	2.0182178e-04	5.0727076e-04
-5.6253190e-05	9.3188535e-05	2.0158075e-04	5.0539590e-04
-5.4164160e-05	9.2774639e-05	2.0133153e-04	5.0352793e-04
-5.2012386e-05	9.2354162e-05	2.0107367e-04	5.0166683e-04
-4.9800572e-05	9.1927242e-05	2.0080673e-04	4.9981257e-04
-4.7531498e-05	9.1494032e-05	2.0053030e-04	4.9796512e-04
-4.5208017e-05	9.1054695e-05	2.0024398e-04	4.9612442e-04
-4.2833044e-05	9.0609406e-05	1.9994740e-04	4.9429043e-04
-4.0409564e-05	9.0158352e-05	1.9964020e-04	4.9246309e-04
-3.7940615e-05	8.9701728e-05	1.9932207e-04	4.9064233e-04
-3.5429297e-05	8.9239743e-05	1.9899267e-04	4.8882807e-04
-3.2878756e-05	8.8772613e-05	1.9865174e-04	4.8702023e-04
-3.0292189e-05	8.8300564e-05	1.9829899e-04	4.8521871e-04
-2.7672837e-05	8.7823832e-05	1.9793417e-04	4.8342344e-04
-2.5023978e-05	8.7342659e-05	1.9755707e-04	4.8163430e-04
-2.2348927e-05	8.6857298e-05	1.9716747e-04	4.7985118e-04
-1.9651029e-05	8.6368007e-05	1.9676518e-04	4.7807399e-04
-1.6933655e-05	8.5875052e-05	1.9635005e-04	4.7630259e-04
-1.4200200e-05	8.5378705e-05	1.9592192e-04	4.7453689e-04
-1.1454076e-05	8.4879242e-05	1.9548066e-04	4.7277674e-04
-8.6987073e-06	8.4376947e-05	1.9502617e-04	4.7102204e-04
-5.9375283e-06	8.3872108e-05	1.9455835e-04	4.6927266e-04
-3.1739779e-06	8.3365014e-05	1.9407714e-04	4.6752847e-04
-4.1149502e-07	8.2855961e-05	1.9358247e-04	4.6578934e-04
2.3464858e-06	8.2345246e-05	1.9307433e-04	4.6405514e-04
5.0965386e-06	8.1833168e-05	1.9255268e-04	4.6232576e-04
7.8352506e-06	8.1320027e-05	1.9201753e-04	4.6060106e-04
1.0559226e-05	8.0806127e-05	1.9146888e-04	4.5888092e-04
1.3265092e-05	8.0291769e-05	1.9090677e-04	4.5716521e-04
1.5949500e-05	7.9777254e-05	1.9033125e-04	4.5545383e-04
1.8609134e-05	7.9262885e-05	1.8974237e-04	4.5374664e-04
2.1240711e-05	7.8748961e-05	1.8914022e-04	4.5204355e-04
2.3840987e-05	7.8235780e-05	1.8852486e-04	4.5034443e-04
2.6406761e-05	7.7723637e-05	1.8789642e-04	4.4864919e-04
2.8934879e-05	7.7212825e-05	1.8725500e-04	4.4695772e-04
3.1422237e-05	7.6703633e-05	1.8660072e-04	4.4526993e-04
3.3865788e-05	7.6196345e-05	1.8593374e-04	4.4358573e-04
3.6262542e-05	7.5691243e-05	1.8525419e-04	4.4190505e-04
3.8609569e-05	7.5188600e-05	1.8456224e-04	4.4022779e-04
4.0904010e-05	7.4688688e-05	1.8385806e-04	4.3855390e-04
4.3143071e-05	7.4191770e-05	1.8314183e-04	4.3688331e-04
4.5324033e-05	7.3698104e-05	1.8241374e-04	4.3521596e-04
4.7444253e-05	7.3207941e-05	1.8167399e-04	4.3355181e-04
4.9501165e-05	7.2721525e-05	1.8092279e-04	4.3189082e-04
5.1492290e-05	7.2239093e-05	1.8016036e-04	4.3023295e-04
5.3415231e-05	7.1760873e-05	1.7938693e-04	4.2857817e-04
5.5267681e-05	7.1287087e-05	1.7860272e-04	4.2692647e-04
5.7047422e-05	7.0817947e-05	1.7780798e-04	4.2527785e-04
5.8752332e-05	7.0353657e-05	1.7700296e-04	4.2363229e-04
6.0380383e-05	6.9894413e-05	1.7618790e-04	4.2198980e-04
6.1929649e-05	6.9440401e-05	1.7536308e-04	4.2035041e-04
6.3398300e-05	6.8991798e-05	1.7452876e-04	4.1871412e-04
6.4784613e-05	6.8548772e-05	1.7368522e-04	4.1708096e-04
6.6086966e-05	6.8111482e-05	1.7283273e-04	4.1545098e-04
6.7303846e-05	6.7680077e-05	1.7197158e-04	4.1382421e-04
6.8433848e-05	6.7254697e-05	1.7110207e-04	4.1220071e-04
6.9475675e-05	6.6835471e-05	1.7022449e-04	4.1058053e-04
7.0428142e-05	6.6422520e-05	1.6933914e-04	4.0896373e-04
7.1290176e-05	6.6015955e-05	1.6844633e-04	4.0735039e-04
7.2060817e-05	6.5615876e-05	1.6754638e-04	4.0574057e-04
7.2739219e-05	6.5222375e-05	1.6663961e-04	4.0413436e-04
7.3324652e-05	6.4835535e-05	1.6572633e-04	4.0253183e-04
7.3816498e-05	6.4455427e-05	1.6480688e-04	4.0093309e-04
7.4214260e-05	6.4082115e-05	1.6388158e-04	3.9933821e-04
7.4517552e-05	6.3715652e-05	1.6295079e-04	3.9774730e-04
7.4726109e-05	6.3356085e-05	1.6201484e-04	3.9616046e-04
7.4839777e-05	6.3003448e-05	1.6107409e-04	3.9457778e-04
7.4858524e-05	6.2657770e-05	1.6012887e-04	3.9299937e-04
7.4782429e-05	6.2319069e-05	1.5917957e-04	3.9142534e-04
7.4611689e-05	6.1987355e-05	1.5822653e-04	3.8985579e-04
7.4346616e-05	6.1662631e-05	1.5727012e-04	3.8829083e-04
7.3987634e-05	6.1344891e-05	1.5631073e-04	3.8673056e-04
7.3535283e-05	6.1034122e-05	1.5534872e-04	3.8517510e-04
7.2990214e-05	6.0730303e-05	1.5438448e-04	3.8362454e-04
7.2353189e-05	6.0433406e-05	1.5341840e-04	3.8207899e-04
7.1625080e-05	6.0143397e-05	1.5245087e-04	3.8053855e-04
7.0806868e-05	5.9860234e-05	1.5148229e-04	3.7900332e-04
6.9899642e-05	5.9583869e-05	1.5051306e-04	3.7747339e-04
6.8904593e-05	5.9314249e-05	1.4954359e-04	3.7594887e-04
6.7823020e-05	5.9051313e-05	1.4857428e-04	3.7442983e-04
6.6656320e-05	5.8794997e-05	1.4760556e-04	3.7291636e-04
6.5405994e-05	5.8545229e-05	1.4663784e-04	3.7140853e-04
6.4073636e-05	5.8301935e-05	1.4567154e-04	3.6990643e-04
6.2660939e-05	5.8065033e-05	1.4470710e-04	3.6841012e-04
6.1169689e-05	5.7834439e-05	1.4374495e-04	3.6691966e-04
5.9601760e-05	5.7610064e-05	1.4278551e-04	3.6543510e-04
5.7959118e-05	5.7391814e-05	1.4182923e-04	3.6395650e-04
5.6243813e-05	5.7179594e-05	1.4087656e-04	3.6248389e-04
5.4457977e-05	5.6973302e-05	1.3992792e-04	3.6101731e-04
5.2603824e-05	5.6772836e-05	1.3898378e-04	3.5955679e-04
5.0683645e-05	5.6578089e-05	1.3804457e-04	3.5810234e-04
4.8699805e-05	5.6388952e-05	1.3711075e-04	3.5665397e-04
4.6654741e-05	5.6205313e-05	1.3618277e-04	3.5521169e-04
4.4550960e-05	5.6027058e-05	1.3526108e-04	3.5377548e-04
4.2391030e-05	5.5854070e-05	1.3434613e-04	3.5234535e-04
4.0177586e-05	5.5686232e-05	1.3343838e-04	3.5092125e-04
3.7913318e-05	5.5523423e-05	1.3253828e-04	3.4950317e-04
3.5600975e-05	5.5365522e-05	1.3164628e-04	3.4809105e-04
3.3243356e-05	5.5212405e-05	1.3076282e-04	3.4668486e-04
3.0843309e-05	5.5063947e-05	1.2988836e-04	3.4528454e-04
2.8403727e-05	5.4920022e-05	1.2902334e-04	3.4389002e-04
2.5927548e-05	5.4780503e-05	1.2816820e-04	3.4250123e-04
2.3417743e-05	5.4645262e-05	1.2732337e-04	3.4111810e-04
2.0877323e-05	5.4514170e-05	1.2648930e-04	3.3974052e-04
1.8309328e-05	5.4387096e-05	1.2566640e-04	3.3836841e-04
1.5716826e-05	5.4263910e-05	1.2485509e-04	3.3700167e-04
1.3102908e-05	5.4144479e-05	1.2405580e-04	3.3564019e-04
1.0470686e-05	5.4028671e-05	1.2326891e-04	3.3428385e-04
7.8232917e-06	5.3916352e-05	1.2249484e-04	3.3293253e-04
5.1638658e-06	5.3807389e-05	1.2173397e-04	3.3158610e-04
2.4955608e-06	5.3701647e-05	1.2098668e-04	3.3024444e-04
-1.7846508e-07	5.3598991e-05	1.2025334e-04	3.2890740e-04
-2.8550515e-06	5.3499283e-05	1.1953430e-04	3.2757484e-04
-5.5310394e-06	5.3402389e-05	1.1882991e-04	3.2624662e-04
-8.2032746e-06	5.3308169e-05	1.1814050e-04	3.2492259e-04
-1.0868611e-05	5.3216486e-05	1.1746639e-04	3.2360260e-04
-1.3523916e-05	5.3127201e-05	1.1680788e-04	3.2228649e-04
-1.6166071e-05	5.3040174e-05	1.1616527e-04	3.2097410e-04
-1.8791977e-05	5.2955264e-05	1.1553881e-04	3.1966529e-04
-2.1398558e-05	5.2872330e-05	1.1492878e-04	3.1835989e-04
-2.3982764e-05	5.2791229e-05	1.1433540e-04	3.1705774e-04
-2.6541575e-05	5.2711819e-05	1.1375891e-04	3.1575868e-04
-2.9072003e-05	5.2633954e-05	1.1319950e-04	3.1446257e-04
-3.1571096e-05	5.2557491e-05	1.1265735e-04	3.1316923e-04
-3.4035943e-05	5.2482281e-05	1.1213263e-04	3.1187852e-04
-3.6463675e-05	5.2408178e-05	1.1162548e-04	3.1059028e-04
-3.8851469e-05	5.2335034e-05	1.1113602e-04	3.0930437e-04
-4.1196551e-05	5.2262698e-05	1.1066435e-04	3.0802064e-04
-4.3496200e-05	5.2191020e-05	1.1021055e-04	3.0673894e-04
-4.5747750e-05	5.2119849e-05	1.0977468e-04	3.0545915e-04
-4.7948593e-05	5.2049031e-05	1.0935676e-04	3.0418113e-04
-5.0096182e-05	5.1978411e-05	1.0895681e-04	3.0290475e-04
-5.2188034e-05	5.1907836e-05	1.0857481e-04	3.0162989e-04
-5.4221734e-05	5.1837148e-05	1.0821072e-04	3.0035643e-04
-5.6194935e-05	5.1766189e-05	1.0786448e-04	2.9908428e-04
-5.8105362e-05	5.1694803e-05	1.0753600e-04	2.9781332e-04
-5.9950816e-05	5.1622828e-05	1.0722516e-04	2.9654346e-04
-6.1729174e-05	5.1550105e-05	1.0693185e-04	2.9527463e-04
-6.3438393e-05	5.1476472e-05	1.0665588e-04	2.9400673e-04
-6.5076510e-05	5.1401767e-05	1.0639708e-04	2.9273970e-04
-6.6641649e-05	5.1325829e-05	1.0615523e-04	2.9147349e-04
-6.8132017e-05	5.1248493e-05	1.0593010e-04	2.9020802e-04
-6.9545911e-05	5.1169596e-05	1.0572143e-04	2.8894327e-04
-7.0881718e-05	5.1088974e-05	1.0552894e-04	2.8767920e-04
-7.2137915e-05	5.1006464e-05	1.0535232e-04	2.8641578e-04
-7.3313074e-05	5.0921901e-05	1.0519123e-04	2.8515300e-04
-7.4405862e-05	5.0835122e-05	1.0504532e-04	2.8389085e-04
-7.5415042e-05	5.0745963e-05	1.0491421e-04	2.8262932e-04
-7.6339477e-05	5.0654261e-05	1.0479751e-04	2.8136844e-04
-7.7178127e-05	5.0559855e-05	1.0469479e-04	2.8010823e-04
-7.7930053e-05	5.0462584e-05	1.0460562e-04	2.7884870e-04
-7.8594421e-05	5.0362288e-05	1.0452951e-04	2.7758991e-04
-7.9170494e-05	5.0258808e-05	1.0446600e-04	2.7633190e-04
-7.9657645e-05	5.0151988e-05	1.0441458e-04	2.7507472e-04
-8.0055346e-05	5.0041675e-05	1.0437473e-04	2.7381844e-04
-8.0363177e-05	4.9927715e-05	1.0434591e-04	2.7256313e-04
-8.0580824e-05	4.9809960e-05	1.0432756e-04	2.7130888e-04
-8.0708076e-05	4.9688262e-05	1.0431911e-04	2.7005577e-04
-8.0744832e-05	4.9562478e-05	1.0431998e-04	2.6880390e-04
-8.0691095e-05	4.9432468e-05	1.0432957e-04	2.6755336e-04
-8.0546976e-05	4.9298096e-05	1.0434726e-04	2.6630428e-04
-8.0312691e-05	4.9159228e-05	1.0437243e-04	2.6505675e-04
-7.9988565e-05	4.9015738e-05	1.0440444e-04	2.6381092e-04
-7.9575026e-05	4.8867502e-05	1.0444265e-04	2.6256689e-04
-7.9072610e-05	4.8714401e-05	1.0448639e-04	2.6132480e-04
-7.8481957e-05	4.8556323e-05	1.0453502e-04	2.6008479e-04
-7.7803813e-05	4.8393161e-05	1.0458786e-04	2.5884700e-04
-7.7039025e-05	4.8224812e-05	1.0464423e-04	2.5761157e-04
-7.6188546e-05	4.8051182e-05	1.0470347e-04	2.5637864e-04
-7.5253429e-05	4.7872181e-05	1.0476488e-04	2.5514836e-04
-7.4234829e-05	4.7687729e-05	1.0482779e-04	2.5392089e-04
-7.3133998e-05	4.7497749e-05	1.0489152e-04	2.5269636e-04
-7.1952289e-05	4.7302176e-05	1.0495537e-04	2.5147495e-04
-7.0691151e-05	4.7100948e-05	1.0501869e-04	2.5025679e-04
-6.9352126e-05	4.6894014e-05	1.0508077e-04	2.4904203e-04
-6.7936852e-05	4.6681331e-05	1.0514097e-04	2.4783084e-04
-6.6447058e-05	4.6462863e-05	1.0519860e-04	2.4662336e-04
-6.4884560e-05	4.6238583e-05	1.0525301e-04	2.4541973e-04
-6.3251265e-05	4.6008474e-05	1.0530354e-04	2.4422011e-04
-6.1549163e-05	4.5772527e-05	1.0534956e-04	2.4302463e-04
-5.9780328e-05	4.5530741e-05	1.0539043e-04	2.4183344e-04
-5.7946916e-05	4.5283128e-05	1.0542552e-04	2.4064667e-04
-5.6051158e-05	4.5029705e-05	1.0545424e-04	2.3946445e-04
-5.4095363e-05	4.4770502e-05	1.0547598e-04	2.3828690e-04
-5.2081912e-05	4.4505557e-05	1.0549016e-04	2.3711416e-04
-5.0013258e-05	4.4234919e-05	1.0549621e-04	2.3594634e-04
-4.7891919e-05	4.3958645e-05	1.0549359e-04	2.3478354e-04
-4.5720478e-05	4.3676804e-05	1.0548176e-04	2.3362587e-04
-4.3501581e-05	4.3389474e-05	1.0546021e-04	2.3247343e-04
-4.1237930e-05	4.3096743e-05	1.0542843e-04	2.3132631e-04
-3.8932283e-05	4.2798708e-05	1.0538595e-04	2.3018459e-04
-3.6587450e-05	4.2495477e-05	1.0533232e-04	2.2904836e-04
-3.4206288e-05	4.2187168e-05	1.0526709e-04	2.2791767e-04
-3.1791702e-05	4.1873907e-05	1.0518986e-04	2.2679260e-04
-2.9346634e-05	4.1555832e-05	1.0510023e-04	2.2567319e-04
-2.6874069e-05	4.1233089e-05	1.0499783e-04	2.2455949e-04
-2.4377021e-05	4.0905832e-05	1.0488230e-04	2.2345154e-04
-2.1858539e-05	4.0574227e-05	1.0475334e-04	2.2234937e-04
-1.9321697e-05	4.0238446e-05	1.0461063e-04	2.2125299e-04
-1.6769593e-05	3.9898671e-05	1.0445391e-04	2.2016243e-04
-1.4205342e-05	3.9555093e-05	1.0428292e-04	2.1907769e-04
-1.1632079e-05	3.9207910e-05	1.0409742e-04	2.1799876e-04
-9.0529464e-06	3.8857328e-05	1.0389723e-04	2.1692564e-04
-6.4710971e-06	3.8503561e-05	1.0368217e-04	2.1585830e-04
-3.8896872e-06	3.8146830e-05	1.0345207e-04	2.1479672e-04
-1.3118726e-06	3.7787361e-05	1.0320682e-04	2.1374087e-04
1.2591941e-06	3.7425391e-05	1.0294630e-04	2.1269069e-04
3.8203685e-06	3.7061157e-05	1.0267045e-04	2.1164616e-04
6.3685176e-06	3.6694906e-05	1.0237921e-04	2.1060721e-04
8.9005242e-06	3.6326889e-05	1.0207254e-04	2.0957377e-04
1.1413290e-05	3.5957362e-05	1.0175045e-04	2.0854578e-04
1.3903742e-05	3.5586584e-05	1.0141295e-04	2.0752317e-04
1.6368831e-05	3.5214818e-05	1.0106009e-04	2.0650586e-04
1.8805542e-05	3.4842334e-05	1.0069193e-04	2.0549376e-04
2.1210893e-05	3.4469399e-05	1.0030856e-04	2.0448678e-04
2.3581942e-05	3.4096287e-05	9.9910084e-05	2.0348483e-04
2.5915789e-05	3.3723272e-05	9.9496644e-05	2.0248780e-04
2.8209578e-05	3.3350630e-05	9.9068391e-05	2.0149560e-04
3.0460506e-05	3.2978638e-05	9.8625498e-05	2.0050813e-04
3.2665820e-05	3.2607571e-05	9.8168162e-05	1.9952526e-04
3.4822826e-05	3.2237708e-05	9.7696596e-05	1.9854690e-04
3.6928888e-05	3.1869324e-05	9.7211034e-05	1.9757292e-04
3.8981436e-05	3.1502694e-05	9.6711728e-05	1.9660322e-04
4.0977964e-05	3.1138091e-05	9.6198946e-05	1.9563768e-04
4.2916036e-05	3.0775787e-05	9.5672976e-05	1.9467618e-04
4.4793293e-05	3.0416050e-05	9.5134119e-05	1.9371860e-04
4.6607446e-05	3.0059145e-05	9.4582693e-05	1.9276484e-04
4.8356289e-05	2.9705333e-05	9.4019032e-05	1.9181477e-04
5.0037696e-05	2.9354872e-05	9.3443481e-05	1.9086828e-04
5.1649626e-05	2.9008014e-05	9.2856401e-05	1.8992526e-04
5.3190124e-05	2.8665006e-05	9.2258164e-05	1.8898560e-04
5.4657326e-05	2.8326090e-05	9.1649154e-05	1.8804918e-04
5.6049458e-05	2.7991502e-05	9.1029766e-05	1.8711591e-04
5.7364842e-05	2.7661471e-05	9.0400404e-05	1.8618568e-04
5.8601893e-05	2.7336220e-05	8.9761484e-05	1.8525839e-04
5.9759128e-05	2.7015963e-05	8.9113429e-05	1.8433394e-04
6.0835160e-05	2.6700909e-05	8.8456669e-05	1.8341225e-04
6.1828707e-05	2.6391256e-05	8.7791643e-05	1.8249323e-04
6.2738589e-05	2.6087197e-05	8.7118794e-05	1.8157679e-04
6.3563729e-05	2.5788912e-05	8.6438573e-05	1.8066286e-04
6.4303159e-05	2.5496577e-05	8.5751434e-05	1.7975137e-04
6.4956017e-05	2.5210355e-05	8.5057838e-05	1.7884224e-04
6.5521549e-05	2.4930402e-05	8.4358246e-05	1.7793542e-04
6.5999110e-05	2.4656861e-05	8.3653124e-05	1.7703085e-04
6.6388164e-05	2.4389869e-05	8.2942941e-05	1.7612848e-04
6.6688289e-05	2.4129551e-05	8.2228164e-05	1.7522827e-04
6.6899169e-05	2.3876021e-05	8.1509266e-05	1.7433018e-04
6.7020604e-05	2.3629383e-05	8.0786716e-05	1.7343418e-04
6.7052502e-05	2.3389732e-05	8.0060986e-05	1.7254023e-04
6.6994884e-05	2.3157151e-05	7.9332544e-05	1.7164833e-04
6.6847881e-05	2.2931712e-05	7.8601860e-05	1.7075845e-04
6.6611737e-05	2.2713476e-05	7.7869402e-05	1.6987059e-04
6.6286805e-05	2.2502495e-05	7.7135632e-05	1.6898475e-04
6.5873548e-05	2.2298809e-05	7.6401014e-05	1.6810093e-04
6.5372539e-05	2.2102448e-05	7.5666007e-05	1.6721913e-04
6.4784459e-05	2.1913430e-05	7.4931066e-05	1.6633938e-04
6.4110098e-05	2.1731762e-05	7.4196643e-05	1.6546169e-04
6.3350348e-05	2.1557444e-05	7.3463185e-05	1.6458609e-04
6.2506211e-05	2.1390462e-05	7.2731135e-05	1.6371261e-04
6.1578790e-05	2.1230792e-05	7.2000931e-05	1.6284128e-04
6.0569290e-05	2.1078402e-05	7.1273006e-05	1.6197214e-04
5.9479017e-05	2.0933248e-05	7.0547788e-05	1.6110523e-04
5.8309376e-05	2.0795277e-05	6.9825697e-05	1.6024060e-04
5.7061867e-05	2.0664427e-05	6.9107151e-05	1.5937831e-04
5.5738085e-05	2.0540626e-05	6.8392558e-05	1.5851840e-04
5.4339720e-05	2.0423793e-05	6.7682322e-05	1.5766092e-04
5.2868549e-05	2.0313838e-05	6.6976840e-05	1.5680595e-04
5.1326439e-05	2.0210663e-05	6.6276502e-05	1.5595353e-04
4.9715339e-05	2.0114161e-05	6.5581692e-05	1.5510374e-04
4.8037284e-05	2.0024218e-05	6.4892786e-05	1.5425662e-04
4.6294388e-05	1.9940711e-05	6.4210154e-05	1.5341226e-04
4.4488841e-05	1.9863511e-05	6.3534157e-05	1.5257071e-04
4.2622909e-05	1.9792483e-05	6.2865151e-05	1.5173205e-04
4.0698927e-05	1.9727481e-05	6.2203484e-05	1.5089632e-04
3.8719300e-05	1.9668358e-05	6.1549496e-05	1.5006361e-04
3.6686497e-05	1.9614957e-05	6.0903519e-05	1.4923397e-04
3.4603050e-05	1.9567118e-05	6.0265879e-05	1.4840747e-04
3.2471548e-05	1.9524674e-05	5.9636893e-05	1.4758416e-04
3.0294637e-05	1.9487454e-05	5.9016871e-05	1.4676411e-04
2.8075013e-05	1.9455283e-05	5.8406115e-05	1.4594737e-04
2.5815420e-05	1.9427981e-05	5.7804920e-05	1.4513400e-04
2.3518649e-05	1.9405364e-05	5.7213570e-05	1.4432404e-04
2.1187531e-05	1.9387245e-05	5.6632346e-05	1.4351755e-04
1.8824934e-05	1.9373435e-05	5.6061516e-05	1.4271456e-04
1.6433761e-05	1.9363740e-05	5.5501343e-05	1.4191512e-04
1.4016944e-05	1.9357966e-05	5.4952082e-05	1.4111927e-04
1.1577444e-05	1.9355915e-05	5.4413976e-05	1.4032703e-04
9.1182421e-06	1.9357389e-05	5.3887265e-05	1.3953842e-04
6.6423403e-06	1.9362188e-05	5.3372176e-05	1.3875349e-04
4.1527556e-06	1.9370111e-05	5.2868931e-05	1.3797223e-04
1.6525167e-06	1.9380956e-05	5.2377740e-05	1.3719466e-04
-8.5533960e-07	1.9394522e-05	5.1898806e-05	1.3642078e-04
-3.3677725e-06	1.9410605e-05	5.1432323e-05	1.3565061e-04
-5.8817406e-06	1.9429005e-05	5.0978477e-05	1.3488412e-04
-8.3942057e-06	1.9449520e-05	5.0537443e-05	1.3412132e-04
-1.0902137e-05	1.9471949e-05	5.0109387e-05	1.3336219e-04
-1.3402513e-05	1.9496093e-05	4.9694466e-05	1.3260670e-04
-1.5892327e-05	1.9521754e-05	4.9292828e-05	1.3185482e-04
-1.8368592e-05	1.9548736e-05	4.8904609e-05	1.3110653e-04
-2.0828340e-05	1.9576843e-05	4.8529937e-05	1.3036178e-04
-2.3268629e-05	1.9605883e-05	4.8168930e-05	1.2962054e-04
-2.5686546e-05	1.9635664e-05	4.7821693e-05	1.2888275e-04
-2.8079208e-05	1.9665999e-05	4.7488323e-05	1.2814835e-04
-3.0443769e-05	1.9696701e-05	4.7168905e-05	1.2741730e-04
-3.2777422e-05	1.9727587e-05	4.6863513e-05	1.2668951e-04
-3.5077401e-05	1.9758478e-05	4.6572210e-05	1.2596493e-04
-3.7340985e-05	1.9789194e-05	4.6295047e-05	1.2524349e-04
-3.9565502e-05	1.9819563e-05	4.6032064e-05	1.2452509e-04
-4.1748331e-05	1.9849413e-05	4.5783289e-05	1.2380966e-04
-4.3886905e-05	1.9878575e-05	4.5548735e-05	1.2309712e-04
-4.5978716e-05	1.9906887e-05	4.5328408e-05	1.2238738e-04
-4.8021314e-05	1.9934185e-05	4.5122295e-05	1.2168034e-04
-5.0012314e-05	1.9960313e-05	4.4930376e-05	1.2097590e-04
-5.1949395e-05	1.9985117e-05	4.4752613e-05	1.2027398e-04
-5.3830304e-05	2.0008447e-05	4.4588958e-05	1.1957447e-04
-5.5652861e-05	2.0030155e-05	4.4439348e-05	1.1887728e-04
-5.7414956e-05	2.0050098e-05	4.4303706e-05	1.1818229e-04
-5.9114558e-05	2.0068138e-05	4.4181941e-05	1.1748940e-04
-6.0749712e-05	2.0084138e-05	4.4073949e-05	1.1679852e-04
-6.2318541e-05	2.0097967e-05	4.3979610e-05	1.1610953e-04
-6.3819252e-05	2.0109495e-05	4.3898792e-05	1.1542234e-04
-6.5250137e-05	2.0118600e-05	4.3831345e-05	1.1473683e-04
-6.6609570e-05	2.0125158e-05	4.3777106e-05	1.1405291e-04
-6.7896015e-05	2.0129054e-05	4.3735898e-05	1.1337048e-04
-6.9108024e-05	2.0130174e-05	4.3707528e-05	1.1268943e-04
-7.0244241e-05	2.0128408e-05	4.3691788e-05	1.1200967e-04
-7.1303399e-05	2.0123648e-05	4.3688455e-05	1.1133111e-04
-7.2284326e-05	2.0115793e-05	4.3697291e-05	1.1065364e-04
-7.3185944e-05	2.0104744e-05	4.3718042e-05	1.0997719e-04
-7.4007270e-05	2.0090403e-05	4.3750441e-05	1.0930167e-04
-7.4747417e-05	2.0072680e-05	4.3794203e-05	1.0862700e-04
-7.5405597e-05	2.0051484e-05	4.3849032e-05	1.0795309e-04
-7.5981118e-05	2.0026732e-05	4.3914614e-05	1.0727989e-04
-7.6473388e-05	1.9998339e-05	4.3990621e-05	1.0660731e-04
-7.6881912e-05	1.9966229e-05	4.4076711e-05	1.0593530e-04
-7.7206295e-05	1.9930325e-05	4.4172527e-05	1.0526381e-04
-7.7446244e-05	1.9890555e-05	4.4277699e-05	1.0459277e-04
-7.7601563e-05	1.9846851e-05	4.4391842e-05	1.0392215e-04
-7.7672158e-05	1.9799147e-05	4.4514559e-05	1.0325191e-04
-7.7658032e-05	1.9747381e-05	4.4645438e-05	1.0258201e-04
-7.7559292e-05	1.9691494e-05	4.4784054e-05	1.0191242e-04
-7.7376141e-05	1.9631431e-05	4.4929973e-05	1.0124313e-04
-7.7108883e-05	1.9567139e-05	4.5082744e-05	1.0057413e-04
-7.6757918e-05	1.9498570e-05	4.5241909e-05	9.9905399e-05
-7.6323748e-05	1.9425677e-05	4.5406995e-05	9.9236944e-05
-7.5806968e-05	1.9348419e-05	4.5577521e-05	9.8568772e-05
-7.5208272e-05	1.9266757e-05	4.5752996e-05	9.7900897e-05
-7.4528450e-05	1.9180656e-05	4.5932918e-05	9.7233339e-05
-7.3768385e-05	1.9090082e-05	4.6116778e-05	9.6566124e-05
-7.2929053e-05	1.8995009e-05	4.6304056e-05	9.5899287e-05
-7.2011524e-05	1.8895411e-05	4.6494229e-05	9.5232869e-05
-7.1016958e-05	1.8791267e-05	4.6686763e-05	9.4566916e-05
-6.9946604e-05	1.8682559e-05	4.6881119e-05	9.3901482e-05
-6.8801800e-05	1.8569274e-05	4.7076755e-05	9.3236627e-05
-6.7583968e-05	1.8451401e-05	4.7273122e-05	9.2572415e-05
-6.6294618e-05	1.8328935e-05	4.7469668e-05	9.1908918e-05
-6.4935341e-05	1.8201873e-05	4.7665837e-05	9.1246214e-05
-6.3507807e-05	1.8070218e-05	4.7861074e-05	9.0584384e-05
-6.2013768e-05	1.7933976e-05	4.8054819e-05	8.9923515e-05
-6.0455052e-05	1.7793156e-05	4.8246514e-05	8.9263701e-05
-5.8833562e-05	1.7647774e-05	4.8435601e-05	8.8605036e-05
-5.7151271e-05	1.7497848e-05	4.8621522e-05	8.7947623e-05
-5.5410226e-05	1.7343403e-05	4.8803724e-05	8.7291564e-05
-5.3612539e-05	1.7184466e-05	4.8981655e-05	8.6636969e-05
-5.1760388e-05	1.7021070e-05	4.9154768e-05	8.5983948e-05
-4.9856015e-05	1.6853253e-05	4.9322521e-05	8.5332615e-05
-4.7901722e-05	1.6681058e-05	4.9484377e-05	8.4683087e-05
-4.5899866e-05	1.6504531e-05	4.9639807e-05	8.4035480e-05
-4.3852863e-05	1.6323725e-05	4.9788290e-05	8.3389914e-05
-4.1763178e-05	1.6138699e-05	4.9929313e-05	8.2746511e-05
-3.9633326e-05	1.5949513e-05	5.0062372e-05	8.2105392e-05
-3.7465868e-05	1.5756237e-05	5.0186975e-05	8.1466678e-05
-3.5263410e-05	1.5558943e-05	5.0302639e-05	8.0830491e-05
-3.3028596e-05	1.5357710e-05	5.0408897e-05	8.0196952e-05
-3.0764110e-05	1.5152623e-05	5.0505291e-05	7.9566182e-05
-2.8472667e-05	1.4943770e-05	5.0591379e-05	7.8938298e-05
-2.6157016e-05	1.4731246e-05	5.0666734e-05	7.8313419e-05
-2.3819931e-05	1.4515153e-05	5.0730944e-05	7.7691659e-05
-2.1464214e-05	1.4295595e-05	5.0783612e-05	7.7073132e-05
-1.9092685e-05	1.4072684e-05	5.0824360e-05	7.6457945e-05
-1.6708185e-05	1.3846538e-05	5.0852826e-05	7.5846207e-05
-1.4313568e-05	1.3617278e-05	5.0868668e-05	7.5238020e-05
-1.1911701e-05	1.3385032e-05	5.0871562e-05	7.4633482e-05
-9.5054571e-06	1.3149935e-05	5.0861203e-05	7.4032688e-05
-7.0977165e-06	1.2912123e-05	5.0837308e-05	7.3435728e-05
-4.6913595e-06	1.2671742e-05	5.0799612e-05	7.2842688e-05
-2.2892651e-06	1.2428941e-05	5.0747873e-05	7.2253647e-05
1.0569325e-07	1.2183873e-05	5.0681871e-05	7.1668680e-05
2.4906506e-06	1.1936699e-05	5.0601408e-05	7.1087855e-05
4.8627539e-06	1.1687582e-05	5.0506307e-05	7.0511236e-05
7.2191655e-06	1.1436691e-05	5.0396415e-05	6.9938879e-05
9.5570667e-06	1.1184200e-05	5.0271601e-05	6.9370836e-05
1.1873660e-05	1.0930286e-05	5.0131758e-05	6.8807150e-05
1.4166175e-05	1.0675133e-05	4.9976804e-05	6.8247859e-05
1.6431868e-05	1.0418926e-05	4.9806677e-05	6.7692995e-05
1.8668027e-05	1.0161856e-05	4.9621341e-05	6.7142582e-05
2.0871978e-05	9.9041159e-06	4.9420785e-05	6.6596638e-05
2.3041082e-05	9.6459038e-06	4.9205020e-05	6.6055173e-05
2.5172743e-05	9.3874198e-06	4.8974080e-05	6.5518192e-05
2.7264410e-05	9.1288673e-06	4.8728024e-05	6.4985691e-05
2.9313579e-05	8.8704525e-06	4.8466935e-05	6.4457661e-05
3.1317796e-05	8.6123837e-06	4.8190917e-05	6.3934087e-05
3.3274663e-05	8.3548714e-06	4.7900101e-05	6.3414944e-05
3.5181835e-05	8.0981278e-06	4.7594638e-05	6.2900204e-05
3.7037029e-05	7.8423667e-06	4.7274701e-05	6.2389831e-05
3.8838024e-05	7.5878029e-06	4.6940487e-05	6.1883783e-05
4.0582664e-05	7.3346521e-06	4.6592214e-05	6.1382012e-05
4.2268859e-05	7.0831304e-06	4.6230123e-05	6.0884463e-05
4.3894590e-05	6.8334541e-06	4.5854473e-05	6.0391078e-05
4.5457912e-05	6.5858392e-06	4.5465545e-05	5.9901791e-05
4.6956953e-05	6.3405011e-06	4.5063640e-05	5.9416531e-05
4.8389919e-05	6.0976543e-06	4.4649078e-05	5.8935225e-05
4.9755096e-05	5.8575118e-06	4.4222197e-05	5.8457791e-05
5.1050851e-05	5.6202851e-06	4.3783355e-05	5.7984145e-05
5.2275635e-05	5.3861836e-06	4.3332925e-05	5.7514200e-05
5.3427986e-05	5.1554140e-06	4.2871297e-05	5.7047863e-05
5.4506527e-05	4.9281806e-06	4.2398878e-05	5.6585039e-05
5.5509973e-05	4.7046840e-06	4.1916089e-05	5.6125629e-05
5.6437128e-05	4.4851216e-06	4.1423367e-05	5.5669533e-05
5.7286889e-05	4.2696866e-06	4.0921159e-05	5.5216646e-05
5.8058247e-05	4.0585680e-06	4.0409928e-05	5.4766863e-05
5.8750289e-05	3.8519501e-06	3.9890148e-05	5.4320078e-05
5.9362197e-05	3.6500120e-06	3.9362304e-05	5.3876181e-05
5.9893252e-05	3.4529276e-06	3.8826889e-05	5.3435063e-05
6.0342831e-05	3.2608650e-06	3.8284409e-05	5.2996614e-05
6.0710413e-05	3.0739861e-06	3.7735375e-05	5.2560724e-05
6.0995575e-05	2.8924465e-06	3.7180308e-05	5.2127283e-05
6.1197996e-05	2.7163949e-06	3.6619733e-05	5.1696182e-05
6.1317454e-05	2.5459731e-06	3.6054182e-05	5.1267313e-05
6.1353831e-05	2.3813157e-06	3.5484193e-05	5.0840567e-05
6.1307109e-05	2.2225493e-06	3.4910305e-05	5.0415840e-05
6.1177371e-05	2.0697930e-06	3.4333063e-05	4.9993027e-05
6.0964803e-05	1.9231575e-06	3.3753011e-05	4.9572027e-05
6.0669692e-05	1.7827453e-06	3.3170697e-05	4.9152741e-05
6.0292426e-05	1.6486501e-06	3.2586668e-05	4.8735073e-05
5.9833494e-05	1.5209569e-06	3.2001469e-05	4.8318929e-05
5.9293483e-05	1.3997417e-06	3.1415647e-05	4.7904220e-05
5.8673083e-05	1.2850715e-06	3.0829744e-05	4.7490860e-05
5.7973081e-05	1.1770036e-06	3.0244301e-05	4.7078766e-05
5.7194360e-05	1.0755861e-06	2.9659852e-05	4.6667859e-05
5.6337903e-05	9.8085754e-07	2.9076930e-05	4.6258067e-05
5.5404785e-05	8.9284666e-07	2.8496061e-05	4.5849319e-05
5.4396177e-05	8.1157253e-07	2.7917765e-05	4.5441551e-05
5.3313343e-05	7.3704439e-07	2.7342555e-05	4.5034701e-05
5.2157637e-05	6.6926166e-07	2.6770938e-05	4.4628714e-05
5.0930503e-05	6.0821388e-07	2.6203410e-05	4.4223540e-05
4.9633472e-05	5.5388074e-07	2.5640462e-05	4.3819134e-05
4.8268163e-05	5.0623211e-07	2.5082573e-05	4.3415454e-05
4.6836275e-05	4.6522807e-07	2.4530213e-05	4.3012466e-05
4.5339591e-05	4.3081896e-07	2.3983840e-05	4.2610138e-05
4.3779974e-05	4.0294552e-07	2.3443905e-05	4.2208447e-05
4.2159362e-05	3.8153892e-07	2.2910843e-05	4.1807371e-05
4.0479768e-05	3.6652096e-07	2.2385080e-05	4.1406896e-05
3.8743279e-05	3.5780415e-07	2.1867029e-05	4.1007012e-05
3.6952049e-05	3.5529191e-07	2.1357090e-05	4.0607712e-05
3.5108300e-05	3.5887874e-07	2.0855649e-05	4.0208998e-05
3.3214318e-05	3.6845040e-07	2.0363082e-05	3.9810873e-05
3.1272449e-05	3.8388417e-07	1.9879747e-05	3.9413346e-05
2.9285097e-05	4.0504905e-07	1.9405991e-05	3.9016429e-05
2.7254723e-05	4.3180600e-07	1.8942146e-05	3.8620141e-05
2.5183838e-05	4.6400824e-07	1.8488528e-05	3.8224502e-05
2.3075002e-05	5.0150150e-07	1.8045442e-05	3.7829538e-05
2.0930821e-05	5.4412434e-07	1.7613175e-05	3.7435276e-05
1.8753941e-05	5.9170843e-07	1.7192001e-05	3.7041750e-05
1.6547051e-05	6.4407887e-07	1.6782176e-05	3.6648993e-05
1.4312872e-05	7.0105455e-07	1.6383946e-05	3.6257044e-05
1.2054157e-05	7.6244846e-07	1.5997538e-05	3.5865943e-05
9.7736901e-06	8.2806808e-07	1.5623165e-05	3.5475734e-05
7.4742771e-06	8.9771569e-07	1.5261024e-05	3.5086460e-05
5.1587471e-06	9.7118877e-07	1.4911300e-05	3.4698168e-05
2.8299466e-06	1.0482804e-06	1.4574158e-05	3.4310906e-05
4.9073627e-07	1.1287795e-06	1.4249753e-05	3.3924724e-05
-1.8560127e-06	1.2124715e-06	1.3938221e-05	3.3539672e-05
-4.2074221e-06	1.2991385e-06	1.3639686e-05	3.3155799e-05
-6.5606104e-06	1.3885596e-06	1.3354256e-05	3.2773157e-05
-8.9126962e-06	1.4805116e-06	1.3082024e-05	3.2391798e-05
-1.1260802e-05	1.5747691e-06	1.2823070e-05	3.2011771e-05
-1.3602059e-05	1.6711051e-06	1.2577460e-05	3.1633127e-05
-1.5933607e-05	1.7692912e-06	1.2345242e-05	3.1255915e-05
-1.8252603e-05	1.8690981e-06	1.2126456e-05	3.0880183e-05
-2.0556220e-05	1.9702962e-06	1.1921123e-05	3.0505978e-05
-2.2841656e-05	2.0726557e-06	1.1729253e-05	3.0133345e-05
-2.5106130e-05	2.1759468e-06	1.1550843e-05	2.9762328e-05
-2.7346894e-05	2.2799407e-06	1.1385876e-05	2.9392967e-05
-2.9561229e-05	2.3844095e-06	1.1234322e-05	2.9025301e-05
-3.1746452e-05	2.4891267e-06	1.1096140e-05	2.8659367e-05
-3.3899921e-05	2.5938674e-06	1.0971273e-05	2.8295198e-05
-3.6019034e-05	2.6984091e-06	1.0859655e-05	2.7932824e-05
-3.8101234e-05	2.8025314e-06	1.0761208e-05	2.7572274e-05
-4.0144013e-05	2.9060169e-06	1.0675840e-05	2.7213571e-05
-4.2144916e-05	3.0086511e-06	1.0603449e-05	2.6856737e-05
-4.4101539e-05	3.1102230e-06	1.0543922e-05	2.6501788e-05
-4.6011539e-05	3.2105254e-06	1.0497134e-05	2.6148738e-05
-4.7872631e-05	3.3093548e-06	1.0462949e-05	2.5797598e-05
-4.9682592e-05	3.4065121e-06	1.0441223e-05	2.5448374e-05
-5.1439268e-05	3.5018027e-06	1.0431797e-05	2.5101068e-05
-5.3140569e-05	3.5950368e-06	1.0434507e-05	2.4755679e-05
-5.4784480e-05	3.6860293e-06	1.0449176e-05	2.4412202e-05
-5.6369055e-05	3.7746007e-06	1.0475616e-05	2.4070628e-05
-5.7892426e-05	3.8605765e-06	1.0513634e-05	2.3730944e-05
-5.9352800e-05	3.9437881e-06	1.0563023e-05	2.3393133e-05
-6.0748467e-05	4.0240724e-06	1.0623571e-05	2.3057175e-05
-6.2077796e-05	4.1012723e-06	1.0695053e-05	2.2723046e-05
-6.3339238e-05	4.1752369e-06	1.0777239e-05	2.2390719e-05
-6.4531334e-05	4.2458214e-06	1.0869887e-05	2.2060163e-05
-6.5652707e-05	4.3128871e-06	1.0972751e-05	2.1731343e-05
-6.6702070e-05	4.3763020e-06	1.1085573e-05	2.1404222e-05
-6.7678227e-05	4.4359404e-06	1.1208089e-05	2.1078761e-05
-6.8580070e-05	4.4916832e-06	1.1340025e-05	2.0754915e-05
-6.9406587e-05	4.5434179e-06	1.1481104e-05	2.0432638e-05
-7.0156857e-05	4.5910388e-06	1.1631036e-05	2.0111884e-05
-7.0830052e-05	4.6344467e-06	1.1789528e-05	1.9792601e-05
-7.1425442e-05	4.6735492e-06	1.1956277e-05	1.9474737e-05
-7.1942390e-05	4.7082606e-06	1.2130975e-05	1.9158237e-05
-7.2380357e-05	4.7385018e-06	1.2313307e-05	1.8843047e-05
-7.2738900e-05	4.7642007e-06	1.2502951e-05	1.8529108e-05
-7.3017673e-05	4.7852914e-06	1.2699577e-05	1.8216364e-05
-7.3216428e-05	4.8017150e-06	1.2902852e-05	1.7904755e-05
-7.3335014e-05	4.8134190e-06	1.3112435e-05	1.7594222e-05
-7.3373376e-05	4.8203574e-06	1.3327978e-05	1.7284706e-05
-7.3331559e-05	4.8224906e-06	1.3549130e-05	1.6976148e-05
-7.3209703e-05	4.8197855e-06	1.3775534e-05	1.6668488e-05
-7.3008044e-05	4.8122151e-06	1.4006824e-05	1.6361668e-05
-7.2726917e-05	4.7997586e-06	1.4242635e-05	1.6055631e-05
-7.2366749e-05	4.7824013e-06	1.4482591e-05	1.5750321e-05
-7.1928063e-05	4.7601346e-06	1.4726316e-05	1.5445682e-05
-7.1411478e-05	4.7329554e-06	1.4973426e-05	1.5141663e-05
-7.0817702e-05	4.7008667e-06	1.5223536e-05	1.4838210e-05
-7.0147539e-05	4.6638769e-06	1.5476255e-05	1.4535276e-05
-6.9401881e-05	4.6219999e-06	1.5731189e-05	1.4232815e-05
-6.8581710e-05	4.5752550e-06	1.5987939e-05	1.3930781e-05
-6.7688096e-05	4.5236666e-06	1.6246105e-05	1.3629136e-05
-6.6722198e-05	4.4672644e-06	1.6505282e-05	1.3327840e-05
-6.5685256e-05	4.4060828e-06	1.6765065e-05	1.3026860e-05
-6.4578597e-05	4.3401611e-06	1.7025045e-05	1.2726164e-05
-6.3403628e-05	4.2695435e-06	1.7284810e-05	1.2425727e-05
-6.2161835e-05	4.1942783e-06	1.7543948e-05	1.2125523e-05
-6.0854783e-05	4.1144185e-06	1.7802047e-05	1.1825536e-05
-5.9484114e-05	4.0300213e-06	1.8058690e-05	1.1525748e-05
-5.8051541e-05	3.9411480e-06	1.8313463e-05	1.1226150e-05
-5.6558850e-05	3.8478639e-06	1.8565950e-05	1.0926736e-05
-5.5007897e-05	3.7502381e-06	1.8815737e-05	1.0627503e-05
-5.3400603e-05	3.6483434e-06	1.9062408e-05	1.0328454e-05
-5.1738956e-05	3.5422564e-06	1.9305551e-05	1.0029597e-05
-5.0025003e-05	3.4320571e-06	1.9544754e-05	9.7309428e-06
-4.8260854e-05	3.3178287e-06	1.9779607e-05	9.4325084e-06
-4.6448673e-05	3.1996577e-06	2.0009703e-05	9.1343150e-06
-4.4590679e-05	3.0776339e-06	2.0234637e-05	8.8363881e-06
-4.2689144e-05	2.9518500e-06	2.0454008e-05	8.5387580e-06
-4.0746387e-05	2.8224015e-06	2.0667419e-05	8.2414594e-06
-3.8764773e-05	2.6893870e-06	2.0874478e-05	7.9445316e-06
-3.6746711e-05	2.5529074e-06	2.1074796e-05	7.6480180e-06
-3.4694651e-05	2.4130666e-06	2.1267992e-05	7.3519662e-06
-3.2611077e-05	2.2699709e-06	2.1453690e-05	7.0564279e-06
-3.0498511e-05	2.1237289e-06	2.1631519e-05	6.7614589e-06
-2.8359503e-05	1.9744518e-06	2.1801116e-05	6.4671185e-06
-2.6196634e-05	1.8222528e-06	2.1962128e-05	6.1734697e-06
-2.4012508e-05	1.6672476e-06	2.2114206e-05	5.8805788e-06
-2.1809752e-05	1.5095538e-06	2.2257013e-05	5.5885155e-06
-1.9591012e-05	1.3492911e-06	2.2390220e-05	5.2973522e-06
-1.7358949e-05	1.1865814e-06	2.2513508e-05	5.0071640e-06
-1.5116238e-05	1.0215482e-06	2.2626568e-05	4.7180288e-06
-1.2865564e-05	8.5431715e-07	2.2729102e-05	4.4300263e-06
-1.0609615e-05	6.8501555e-07	2.2820824e-05	4.1432384e-06
-8.3510866e-06	5.1377250e-07	2.2901459e-05	3.8577487e-06
-6.0926717e-06	3.4071879e-07	2.2970745e-05	3.5736420e-06
-3.8370612e-06	1.6598686e-07	2.3028433e-05	3.2910043e-06
-1.5869400e-06	-1.0289285e-08	2.3074287e-05	3.0099225e-06
6.5501669e-07	-1.8797410e-07	2.3108087e-05	2.7304838e-06
2.8861455e-06	-3.6693057e-07	2.3129624e-05	2.4527758e-06
5.1037988e-06	-5.4702026e-07	2.3138708e-05	2.1768858e-06
7.3053473e-06	-7.2810336e-07	2.3135159e-05	1.9029010e-06
9.4881832e-06	-9.1003878e-07	2.3118819e-05	1.6309074e-06
1.1649723e-05	-1.0926841e-06	2.3089541e-05	1.3609905e-06
1.3787411e-05	-1.2758959e-06	2.3047197e-05	1.0932341e-06
1.5898722e-05	-1.4595295e-06	2.2991677e-05	8.2772049e-07
1.7981163e-05	-1.6434390e-06	2.2922884e-05	5.6453010e-07
2.0032280e-05	-1.8274779e-06	2.2840744e-05	3.0374107e-07
2.2049653e-05	-2.0114985e-06	2.2745197e-05	4.5429078e-08
2.4030909e-05	-2.1953522e-06	2.2636203e-05	-2.1033299e-07
2.5973717e-05	-2.3788900e-06	2.2513739e-05	-4.6347526e-07
2.7875793e-05	-2.5619617e-06	2.2377802e-05	-7.1393116e-07
2.9734903e-05	-2.7444170e-06	2.2228406e-05	-9.6163768e-07
3.1548865e-05	-2.9261049e-06	2.2065586e-05	-1.2065355e-06
3.3315554e-05	-3.1068739e-06	2.1889394e-05	-1.4485695e-06
3.5032898e-05	-3.2865724e-06	2.1699903e-05	-1.6876884e-06
3.6698890e-05	-3.4650484e-06	2.1497202e-05	-1.9238457e-06
3.8311579e-05	-3.6421500e-06	2.1281404e-05	-2.1569992e-06
3.9869084e-05	-3.8177254e-06	2.1052636e-05	-2.3871116e-06
4.1369586e-05	-3.9916227e-06	2.0811047e-05	-2.6141504e-06
4.2811337e-05	-4.1636906e-06	2.0556805e-05	-2.8380882e-06
4.4192657e-05	-4.3337781e-06	2.0290095e-05	-3.0589026e-06
4.5511940e-05	-4.5017348e-06	2.0011122e-05	-3.2765765e-06
4.6767655e-05	-4.6674111e-06	1.9720110e-05	-3.4910980e-06
4.7958346e-05	-4.8306582e-06	1.9417299e-05	-3.7024609e-06
4.9082633e-05	-4.9913285e-06	1.9102950e-05	-3.9106639e-06
5.0139217e-05	-5.1492753e-06	1.8777339e-05	-4.1157116e-06
5.1126881e-05	-5.3043538e-06	1.8440761e-05	-4.3176137e-06
5.2044488e-05	-5.4564203e-06	1.8093527e-05	-4.5163854e-06
5.2890984e-05	-5.6053332e-06	1.7735964e-05	-4.7120475e-06
5.3665402e-05	-5.7509525e-06	1.7368417e-05	-4.9046257e-06
5.4366860e-05	-5.8931406e-06	1.6991246e-05	-5.0941514e-06
5.4994561e-05	-6.0317621e-06	1.6604824e-05	-5.2806610e-06
5.5547799e-05	-6.1666842e-06	1.6209542e-05	-5.4641959e-06
5.6025954e-05	-6.2977767e-06	1.5805802e-05	-5.6448026e-06
5.6428497e-05	-6.4249125e-06	1.5394021e-05	-5.8225322e-06
5.6754987e-05	-6.5479674e-06	1.4974629e-05	-5.9974408e-06
5.7005077e-05	-6.6668208e-06	1.4548068e-05	-6.1695886e-06
5.7178507e-05	-6.7813553e-06	1.4114790e-05	-6.3390404e-06
5.7275111e-05	-6.8914577e-06	1.3675259e-05	-6.5058649e-06
5.7294814e-05	-6.9970185e-06	1.3229950e-05	-6.6701350e-06
5.7237631e-05	-7.0979323e-06	1.2779346e-05	-6.8319269e-06
5.7103672e-05	-7.1940983e-06	1.2323939e-05	-6.9913205e-06
5.6893135e-05	-7.2854202e-06	1.1864228e-05	-7.1483987e-06
5.6606311e-05	-7.3718065e-06	1.1400721e-05	-7.3032476e-06
5.6243583e-05	-7.4531707e-06	1.0933931e-05	-7.4559556e-06
5.5805421e-05	-7.5294315e-06	1.0464375e-05	-7.6066138e-06
5.5292390e-05	-7.6005130e-06	9.9925763e-06	-7.7553153e-06
5.4705141e-05	-7.6663449e-06	9.5190625e-06	-7.9021550e-06
5.4044415e-05	-7.7268628e-06	9.0443626e-06	-8.0472294e-06
5.3311040e-05	-7.7820079e-06	8.5690082e-06	-8.1906361e-06
5.2505932e-05	-7.8317279e-06	8.0935321e-06	-8.3324738e-06
5.1630092e-05	-7.8759767e-06	7.6184673e-06	-8.4728418e-06
5.0684607e-05	-7.9147144e-06	7.1443465e-06	-8.6118397e-06
4.9670646e-05	-7.9479081e-06	6.6717008e-06	-8.7495672e-06
4.8589460e-05	-7.9755313e-06	6.2010591e-06	-8.8861236e-06
4.7442383e-05	-7.9975646e-06	5.7329473e-06	-9.0216078e-06
4.6230825e-05	-8.0139954e-06	5.2678875e-06	-9.1561179e-06
4.4956276e-05	-8.0248184e-06	4.8063968e-06	-9.2897507e-06
4.3620300e-05	-8.0300355e-06	4.3489869e-06	-9.4226017e-06
4.2224536e-05	-8.0296556e-06	3.8961632e-06	-9.5547647e-06
4.0770695e-05	-8.0236953e-06	3.4484239e-06	-9.6863315e-06
3.9260556e-05	-8.0121785e-06	3.0062593e-06	-9.8173918e-06
3.7695968e-05	-7.9951366e-06	2.5701511e-06	-9.9480327e-06
3.6078846e-05	-7.9726085e-06	2.1405716e-06	-1.0078339e-05
3.4411166e-05	-7.9446406e-06	1.7179829e-06	-1.0208392e-05
3.2694967e-05	-7.9112869e-06	1.3028363e-06	-1.0338270e-05
3.0932345e-05	-7.8726090e-06	8.9557194e-07	-1.0468048e-05
2.9125454e-05	-7.8286760e-06	4.9661751e-07	-1.0597798e-05
2.7276500e-05	-7.7795643e-06	1.0638814e-07	-1.0727588e-05
2.5387740e-05	-7.7253581e-06	-2.7471437e-07	-1.0857482e-05
2.3461479e-05	-7.6661488e-06	-6.4630206e-07	-1.0987540e-05
2.1500069e-05	-7.6020349e-06	-1.0080014e-06	-1.1117817e-05
1.9505903e-05	-7.5331225e-06	-1.3594537e-06	-1.1248367e-05
1.7481413e-05	-7.4595246e-06	-1.7003158e-06	-1.1379235e-05
1.5429070e-05	-7.3813610e-06	-2.0302601e-06	-1.1510465e-05
1.3351375e-05	-7.2987587e-06	-2.3489753e-06	-1.1642095e-05
1.1250864e-05	-7.2118512e-06	-2.6561669e-06	-1.1774160e-05
9.1300981e-06	-7.1207786e-06	-2.9515571e-06	-1.1906689e-05
6.9916624e-06	-7.0256871e-06	-3.2348854e-06	-1.2039706e-05
4.8381643e-06	-6.9267293e-06	-3.5059089e-06	-1.2173231e-05
2.6722291e-06	-6.8240637e-06	-3.7644022e-06	-1.2307281e-05
4.9649683e-07	-6.7178545e-06	-4.0101582e-06	-1.2441867e-05
-1.6863807e-06	-6.6082713e-06	-4.2429877e-06	-1.2576996e-05
-3.8737435e-06	-6.4954890e-06	-4.4627200e-06	-1.2712668e-05
-6.0629262e-06	-6.3796875e-06	-4.6692024e-06	-1.2848884e-05
-8.2512618e-06	-6.2610513e-06	-4.8623011e-06	-1.2985636e-05
-1.0436085e-05	-6.1397694e-06	-5.0419006e-06	-1.3122915e-05
-1.2614734e-05	-6.0160351e-06	-5.2079038e-06	-1.3260705e-05
-1.4784557e-05	-5.8900451e-06	-5.3602322e-06	-1.3398989e-05
-1.6942912e-05	-5.7620000e-06	-5.4988257e-06	-1.3537745e-05
-1.9087172e-05	-5.6321035e-06	-5.6236427e-06	-1.3676948e-05
-2.1214728e-05	-5.5005621e-06	-5.7346594e-06	-1.3816569e-05
-2.3322992e-05	-5.3675848e-06	-5.8318705e-06	-1.3956575e-05
-2.5409399e-05	-5.2333831e-06	-5.9152885e-06	-1.4096933e-05
-2.7471414e-05	-5.0981701e-06	-5.9849434e-06	-1.4237605e-05
-2.9506530e-05	-4.9621604e-06	-6.0408829e-06	-1.4378550e-05
-3.1512276e-05	-4.8255698e-06	-6.0831718e-06	-1.4519725e-05
-3.3486215e-05	-4.6886150e-06	-6.1118919e-06	-1.4661087e-05
-3.5425952e-05	-4.5515131e-06	-6.1271416e-06	-1.4802589e-05
-3.7329135e-05	-4.4144811e-06	-6.1290357e-06	-1.4944181e-05
-3.9193456e-05	-4.2777360e-06	-6.1177049e-06	-1.5085816e-05
-4.1016656e-05	-4.1414939e-06	-6.0932955e-06	-1.5227441e-05
-4.2796528e-05	-4.0059702e-06	-6.0559690e-06	-1.5369005e-05
-4.4530918e-05	-3.8713786e-06	-6.0059019e-06	-1.5510456e-05
-4.6217731e-05	-3.7379314e-06	-5.9432849e-06	-1.5651740e-05
-4.7854928e-05	-3.6058386e-06	-5.8683229e-06	-1.5792804e-05
-4.9440535e-05	-3.4753079e-06	-5.7812342e-06	-1.5933595e-05
-5.0972640e-05	-3.3465444e-06	-5.6822501e-06	-1.6074060e-05
-5.2449399e-05	-3.2197498e-06	-5.5716147e-06	-1.6214146e-05
-5.3869037e-05	-3.0951227e-06	-5.4495843e-06	-1.6353802e-05
-5.5229850e-05	-2.9728576e-06	-5.3164266e-06	-1.6492976e-05
-5.6530206e-05	-2.8531454e-06	-5.1724205e-06	-1.6631618e-05
-5.7768551e-05	-2.7361722e-06	-5.0178559e-06	-1.6769679e-05
-5.8943404e-05	-2.6221198e-06	-4.8530325e-06	-1.6907113e-05
-6.0053368e-05	-2.5111649e-06	-4.6782598e-06	-1.7043874e-05
-6.1097122e-05	-2.4034791e-06	-4.4938565e-06	-1.7179918e-05
-6.2073430e-05	-2.2992282e-06	-4.3001498e-06	-1.7315203e-05
-6.2981140e-05	-2.1985728e-06	-4.0974752e-06	-1.7449690e-05
-6.3819183e-05	-2.1016671e-06	-3.8861756e-06	-1.7583341e-05
-6.4586579e-05	-2.0086593e-06	-3.6666013e-06	-1.7716122e-05
-6.5282434e-05	-1.9196912e-06	-3.4391089e-06	-1.7848001e-05
-6.5905942e-05	-1.8348979e-06	-3.2040614e-06	-1.7978946e-05
-6.6456389e-05	-1.7544078e-06	-2.9618272e-06	-1.8108932e-05
-6.6933148e-05	-1.6783423e-06	-2.7127799e-06	-1.8237934e-05
-6.7335688e-05	-1.6068156e-06	-2.4572977e-06	-1.8365930e-05
-6.7663564e-05	-1.5399349e-06	-2.1957629e-06	-1.8492903e-05
-6.7916428e-05	-1.4777997e-06	-1.9285617e-06	-1.8618836e-05
-6.8094022e-05	-1.4205022e-06	-1.6560833e-06	-1.8743717e-05
-6.8196182e-05	-1.3681269e-06	-1.3787196e-06	-1.8867535e-05
-6.8222835e-05	-1.3207507e-06	-1.0968651e-06	-1.8990285e-05
-6.8174002e-05	-1.2784426e-06	-8.1091584e-07	-1.9111962e-05
-6.8049798e-05	-1.2412640e-06	-5.2126954e-07	-1.9232565e-05
-6.7850429e-05	-1.2092682e-06	-2.2832484e-07	-1.9352095e-05
-6.7576194e-05	-1.1825010e-06	6.7518986e-08	-1.9470558e-05
-6.7227483e-05	-1.1610000e-06	3.6586245e-07	-1.9587961e-05
-6.6804777e-05	-1.1447951e-06	6.6630623e-07	-1.9704313e-05
-6.6308648e-05	-1.1339083e-06	9.6845158e-07	-1.9819627e-05
-6.5739757e-05	-1.1283539e-06	1.2719007e-06	-1.9933916e-05
-6.5098855e-05	-1.1281384e-06	1.5762569e-06	-2.0047199e-05
-6.4386779e-05	-1.1332605e-06	1.8811254e-06	-2.0159494e-05
-6.3604452e-05	-1.1437115e-06	2.1861131e-06	-2.0270822e-05
-6.2752885e-05	-1.1594750e-06	2.4908294e-06	-2.0381207e-05
-6.1833170e-05	-1.1805273e-06	2.7948862e-06	-2.0490671e-05
-6.0846482e-05	-1.2068373e-06	3.0978983e-06	-2.0599242e-05
-5.9794078e-05	-1.2383668e-06	3.3994839e-06	-2.0706947e-05
-5.8677292e-05	-1.2750706e-06	3.6992644e-06	-2.0813815e-05
-5.7497537e-05	-1.3168966e-06	3.9968653e-06	-2.0919874e-05
-5.6256302e-05	-1.3637858e-06	4.2919158e-06	-2.1025155e-05
-5.4955147e-05	-1.4156729e-06	4.5840498e-06	-2.1129689e-05
-5.3595705e-05	-1.4724860e-06	4.8729056e-06	-2.1233508e-05
-5.2179678e-05	-1.5341470e-06	5.1581263e-06	-2.1336642e-05
-5.0708836e-05	-1.6005721e-06	5.4393601e-06	-2.1439123e-05
-4.9185014e-05	-1.6716712e-06	5.7162606e-06	-2.1540983e-05
-4.7610107e-05	-1.7473490e-06	5.9884868e-06	-2.1642252e-05
-4.5986072e-05	-1.8275047e-06	6.2557036e-06	-2.1742960e-05
-4.4314923e-05	-1.9120321e-06	6.5175817e-06	-2.1843138e-05
-4.2598730e-05	-2.0008204e-06	6.7737983e-06	-2.1942814e-05
-4.0839613e-05	-2.0937538e-06	7.0240368e-06	-2.2042015e-05
-3.9039744e-05	-2.1907121e-06	7.2679873e-06	-2.2140768e-05
-3.7201341e-05	-2.2915709e-06	7.5053468e-06	-2.2239097e-05
-3.5326665e-05	-2.3962016e-06	7.7358191e-06	-2.2337025e-05
-3.3418019e-05	-2.5044720e-06	7.9591154e-06	-2.2434574e-05
-3.1477745e-05	-2.6162461e-06	8.1749545e-06	-2.2531763e-05
-2.9508219e-05	-2.7313847e-06	8.3830626e-06	-2.2628609e-05
-2.7511851e-05	-2.8497456e-06	8.5831738e-06	-2.2725128e-05
-2.5491079e-05	-2.9711836e-06	8.7750302e-06	-2.2821332e-05
-2.3448367e-05	-3.0955510e-06	8.9583822e-06	-2.2917231e-05
-2.1386205e-05	-3.2226975e-06	9.1329885e-06	-2.3012833e-05
-1.9307101e-05	-3.3524709e-06	9.2986164e-06	-2.3108143e-05
-1.7213579e-05	-3.4847169e-06	9.4550420e-06	-2.3203164e-05
-1.5108180e-05	-3.6192797e-06	9.6020505e-06	-2.3297895e-05
-1.2993455e-05	-3.7560017e-06	9.7394361e-06	-2.3392333e-05
-1.0871961e-05	-3.8947244e-06	9.8670025e-06	-2.3486472e-05
-8.7462616e-06	-4.0352879e-06	9.9845627e-06	-2.3580304e-05
-6.6189216e-06	-4.1775318e-06	1.0091940e-05	-2.3673816e-05
-4.4925039e-06	-4.3212948e-06	1.0188966e-05	-2.3766994e-05
-2.3695670e-06	-4.4664152e-06	1.0275485e-05	-2.3859820e-05
-2.5266170e-07	-4.6127314e-06	1.0351350e-05	-2.3952275e-05
1.8556721e-06	-4.7600812e-06	1.0416424e-05	-2.4044334e-05
3.9529082e-06	-4.9083031e-06	1.0470581e-05	-2.4135973e-05
6.0365374e-06	-5.0572354e-06	1.0513707e-05	-2.4227162e-05
8.1040701e-06	-5.2067172e-06	1.0545698e-05	-2.4317870e-05
1.0153040e-05	-5.3565882e-06	1.0566461e-05	-2.4408064e-05
1.2181005e-05	-5.5066889e-06	1.0575914e-05	-2.4497708e-05
1.4185554e-05	-5.6568607e-06	1.0573988e-05	-2.4586764e-05
1.6164306e-05	-5.8069461e-06	1.0560625e-05	-2.4675190e-05
1.8114914e-05	-5.9567891e-06	1.0535778e-05	-2.4762946e-05
2.0035068e-05	-6.1062347e-06	1.0499412e-05	-2.4849985e-05
2.1922498e-05	-6.2551297e-06	1.0451507e-05	-2.4936263e-05
2.3774977e-05	-6.4033224e-06	1.0392050e-05	-2.5021732e-05
2.5590322e-05	-6.5506630e-06	1.0321046e-05	-2.5106343e-05
2.7366397e-05	-6.6970035e-06	1.0238508e-05	-2.5190045e-05
2.9101116e-05	-6.8421977e-06	1.0144464e-05	-2.5272788e-05
3.0792448e-05	-6.9861017e-06	1.0038955e-05	-2.5354520e-05
3.2438413e-05	-7.1285737e-06	9.9220332e-06	-2.5435189e-05
3.4037089e-05	-7.2694742e-06	9.7937648e-06	-2.5514740e-05
3.5586614e-05	-7.4086660e-06	9.6542288e-06	-2.5593122e-05
3.7085186e-05	-7.5460143e-06	9.5035170e-06	-2.5670282e-05
3.8531067e-05	-7.6813868e-06	9.3417345e-06	-2.5746166e-05
3.9922584e-05	-7.8146538e-06	9.1689994e-06	-2.5820722e-05
4.1258131e-05	-7.9456884e-06	8.9854430e-06	-2.5893899e-05
4.2536171e-05	-8.0743662e-06	8.7912097e-06	-2.5965646e-05
4.3755237e-05	-8.2005656e-06	8.5864569e-06	-2.6035913e-05
4.4913934e-05	-8.3241679e-06	8.3713553e-06	-2.6104652e-05
4.6010941e-05	-8.4450572e-06	8.1460885e-06	-2.6171816e-05
4.7045013e-05	-8.5631207e-06	7.9108530e-06	-2.6237359e-05
4.8014981e-05	-8.6782485e-06	7.6658583e-06	-2.6301240e-05
4.8919753e-05	-8.7903338e-06	7.4113266e-06	-2.6363416e-05
4.9758315e-05	-8.8992726e-06	7.1474929e-06	-2.6423849e-05
5.0529737e-05	-9.0049645e-06	6.8746045e-06	-2.6482504e-05
5.1233165e-05	-9.1073119e-06	6.5929212e-06	-2.6539345e-05
5.1867831e-05	-9.2062207e-06	6.3027150e-06	-2.6594343e-05
5.2433047e-05	-9.3015999e-06	6.0042697e-06	-2.6647470e-05
5.2928209e-05	-9.3933618e-06	5.6978809e-06	-2.6698700e-05
5.3352797e-05	-9.4814222e-06	5.3838559e-06	-2.6748014e-05
5.3706377e-05	-9.5657002e-06	5.0625130e-06	-2.6795393e-05
5.3988597e-05	-9.6461183e-06	4.7341815e-06	-2.6840822e-05
5.4199193e-05	-9.7226027e-06	4.3992013e-06	-2.6884292e-05
5.4337984e-05	-9.7950827e-06	4.0579226e-06	-2.6925794e-05
5.4404875e-05	-9.8634916e-06	3.7107057e-06	-2.6965325e-05
5.4399858e-05	-9.9277662e-06	3.3579201e-06	-2.7002886e-05
5.4323009e-05	-9.9878468e-06	2.9999450e-06	-2.7038482e-05
5.4174489e-05	-1.0043678e-05	2.6371679e-06	-2.7072121e-05
5.3954546e-05	-1.0095206e-05	2.2699848e-06	-2.7103815e-05
5.3663509e-05	-1.0142385e-05	1.8987996e-06	-2.7133581e-05
5.3301795e-05	-1.0185168e-05	1.5240236e-06	-2.7161438e-05
5.2869901e-05	-1.0223516e-05	1.1460747e-06	-2.7187412e-05
5.2368410e-05	-1.0257392e-05	7.6537767e-07	-2.7211530e-05
5.1797984e-05	-1.0286763e-05	3.8236274e-07	-2.7233824e-05
5.1159369e-05	-1.0311601e-05	-2.5344109e-09	-2.7254331e-05
5.0453391e-05	-1.0331880e-05	-3.8887338e-07	-2.7273090e-05
4.9680952e-05	-1.0347581e-05	-7.7620961e-07	-2.7290143e-05
4.8843037e-05	-1.0358687e-05	-1.1640950e-06	-2.7305539e-05
4.7940704e-05	-1.0365186e-05	-1.5520785e-06	-2.7319327e-05
4.6975088e-05	-1.0367071e-05	-1.9397066e-06	-2.7331561e-05
4.5947400e-05	-1.0364338e-05	-2.3265243e-06	-2.7342297e-05
4.4858922e-05	-1.0356987e-05	-2.7120754e-06	-2.7351596e-05
4.3711007e-05	-1.0345025e-05	-3.0959032e-06	-2.7359521e-05
4.2505078e-05	-1.0328461e-05	-3.4775515e-06	-2.7366135e-05
4.1242626e-05	-1.0307309e-05	-3.8565648e-06	-2.7371509e-05
3.9925209e-05	-1.0281589e-05	-4.2324893e-06	-2.7375711e-05
3.8554449e-05	-1.0251323e-05	-4.6048732e-06	-2.7378815e-05
3.7132029e-05	-1.0216541e-05	-4.9732680e-06	-2.7380894e-05
3.5659694e-05	-1.0177274e-05	-5.3372286e-06	-2.7382025e-05
3.4139246e-05	-1.0133560e-05	-5.6963142e-06	-2.7382286e-05
3.2572544e-05	-1.0085441e-05	-6.0500888e-06	-2.7381756e-05
3.0961501e-05	-1.0032964e-05	-6.3981225e-06	-2.7380514e-05
2.9308082e-05	-9.9761808e-06	-6.7399912e-06	-2.7378641e-05
2.7614301e-05	-9.9151478e-06	-7.0752780e-06	-2.7376220e-05
2.5882217e-05	-9.8499260e-06	-7.4035736e-06	-2.7373332e-05
2.4113938e-05	-9.7805814e-06	-7.7244771e-06	-2.7370059e-05
2.2311610e-05	-9.7071847e-06	-8.0375963e-06	-2.7366483e-05
2.0477420e-05	-9.6298114e-06	-8.3425486e-06	-2.7362686e-05
1.8613593e-05	-9.5485418e-06	-8.6389615e-06	-2.7358748e-05
1.6722388e-05	-9.4634608e-06	-8.9264735e-06	-2.7354751e-05
1.4806093e-05	-9.3746582e-06	-9.2047342e-06	-2.7350772e-05
1.2867030e-05	-9.2822284e-06	-9.4734052e-06	-2.7346891e-05
1.0907542e-05	-9.1862702e-06	-9.7321605e-06	-2.7343184e-05
8.9299994e-06	-9.0868875e-06	-9.9806871e-06	-2.7339725e-05
6.9367915e-06	-8.9841882e-06	-1.0218686e-05	-2.7336588e-05
4.9303258e-06	-8.8782850e-06	-1.0445870e-05	-2.7333843e-05
2.9130251e-06	-8.7692949e-06	-1.0661971e-05	-2.7331558e-05
8.8732397e-07	-8.6573392e-06	-1.0866730e-05	-2.7329800e-05
-1.1443334e-06	-8.5425434e-06	-1.1059908e-05	-2.7328632e-05
-3.1794966e-06	-8.4250373e-06	-1.1241279e-05	-2.7328115e-05
-5.2157116e-06	-8.3049545e-06	-1.1410634e-05	-2.7328305e-05
-7.2505239e-06	-8.1824327e-06	-1.1567781e-05	-2.7329258e-05
-9.2814812e-06	-8.0576132e-06	-1.1712544e-05	-2.7331023e-05
-1.1306137e-05	-7.9306411e-06	-1.1844764e-05	-2.7333649e-05
-1.3322051e-05	-7.8016650e-06	-1.1964299e-05	-2.7337180e-05
-1.5326797e-05	-7.6708368e-06	-1.2071025e-05	-2.7341655e-05
-1.7317960e-05	-7.5383117e-06	-1.2164836e-05	-2.7347112e-05
-1.9293144e-05	-7.4042479e-06	-1.2245643e-05	-2.7353583e-05
-2.1249970e-05	-7.2688065e-06	-1.2313375e-05	-2.7361097e-05
-2.3186084e-05	-7.1321512e-06	-1.2367981e-05	-2.7369678e-05
-2.5099157e-05	-6.9944483e-06	-1.2409425e-05	-2.7379349e-05
-2.6986887e-05	-6.8558663e-06	-1.2437691e-05	-2.7390126e-05
-2.8847004e-05	-6.7165759e-06	-1.2452782e-05	-2.7402021e-05
-3.0677270e-05	-6.5767496e-06	-1.2454717e-05	-2.7415044e-05
-3.2475485e-05	-6.4365616e-06	-1.2443534e-05	-2.7429199e-05
-3.4239486e-05	-6.2961875e-06	-1.2419290e-05	-2.7444488e-05
-3.5967155e-05	-6.1558041e-06	-1.2382059e-05	-2.7460906e-05
-3.7656415e-05	-6.0155893e-06	-1.2331933e-05	-2.7478449e-05
-3.9305236e-05	-5.8757215e-06	-1.2269021e-05	-2.7497103e-05
-4.0911638e-05	-5.7363797e-06	-1.2193449e-05	-2.7516856e-05
-4.2473692e-05	-5.5977431e-06	-1.2105362e-05	-2.7537689e-05
-4.3989523e-05	-5.4599907e-06	-1.2004919e-05	-2.7559579e-05
-4.5457313e-05	-5.3233014e-06	-1.1892300e-05	-2.7582503e-05
-4.6875299e-05	-5.1878535e-06	-1.1767696e-05	-2.7606431e-05
-4.8241782e-05	-5.0538243e-06	-1.1631316e-05	-2.7631332e-05
-4.9555124e-05	-4.9213902e-06	-1.1483387e-05	-2.7657171e-05
-5.0813752e-05	-4.7907260e-06	-1.1324147e-05	-2.7683910e-05
-5.2016159e-05	-4.6620050e-06	-1.1153851e-05	-2.7711509e-05
-5.3160906e-05	-4.5353986e-06	-1.0972768e-05	-2.7739925e-05
-5.4246625e-05	-4.4110758e-06	-1.0781179e-05	-2.7769113e-05
-5.5272018e-05	-4.2892032e-06	-1.0579382e-05	-2.7799026e-05
-5.6235864e-05	-4.1699449e-06	-1.0367684e-05	-2.7829612e-05
-5.7137012e-05	-4.0534616e-06	-1.0146406e-05	-2.7860822e-05
-5.7974390e-05	-3.9399110e-06	-9.9158797e-06	-2.7892602e-05
-5.8747004e-05	-3.8294472e-06	-9.6764496e-06	-2.7924897e-05
-5.9453937e-05	-3.7222204e-06	-9.4284695e-06	-2.7957651e-05
-6.0094354e-05	-3.6183769e-06	-9.1723034e-06	-2.7990809e-05
-6.0667498e-05	-3.5180585e-06	-8.9083247e-06	-2.8024311e-05
-6.1172697e-05	-3.4214027e-06	-8.6369157e-06	-2.8058101e-05
-6.1609360e-05	-3.3285420e-06	-8.3584667e-06	-2.8092118e-05
-6.1976980e-05	-3.2396040e-06	-8.0733756e-06	-2.8126303e-05
-6.2275134e-05	-3.1547111e-06	-7.7820473e-06	-2.8160599e-05
-6.2503483e-05	-3.0739802e-06	-7.4848929e-06	-2.8194945e-05
-6.2661775e-05	-2.9975224e-06	-7.1823292e-06	-2.8229284e-05
-6.2749841e-05	-2.9254433e-06	-6.8747779e-06	-2.8263557e-05
-6.2767599e-05	-2.8578420e-06	-6.5626652e-06	-2.8297707e-05
-6.2715052e-05	-2.7948119e-06	-6.2464209e-06	-2.8331677e-05
-6.2592290e-05	-2.7364396e-06	-5.9264780e-06	-2.8365413e-05
-6.2399487e-05	-2.6828053e-06	-5.6032719e-06	-2.8398860e-05
-6.2136903e-05	-2.6339825e-06	-5.2772398e-06	-2.8431965e-05
-6.1804884e-05	-2.5900380e-06	-4.9488200e-06	-2.8464677e-05
-6.1403858e-05	-2.5510315e-06	-4.6184517e-06	-2.8496948e-05
-6.0934340e-05	-2.5170158e-06	-4.2865736e-06	-2.8528728e-05
-6.0396927e-05	-2.4880363e-06	-3.9536242e-06	-2.8559973e-05
-5.9792300e-05	-2.4641314e-06	-3.6200404e-06	-2.8590640e-05
-5.9121219e-05	-2.4453321e-06	-3.2862574e-06	-2.8620686e-05
-5.8384529e-05	-2.4316621e-06	-2.9527081e-06	-2.8650072e-05
-5.7583151e-05	-2.4231377e-06	-2.6198223e-06	-2.8678763e-05
-5.6718087e-05	-2.4197677e-06	-2.2880263e-06	-2.8706722e-05
-5.5790416e-05	-2.4215534e-06	-1.9577423e-06	-2.8733920e-05
-5.4801292e-05	-2.4284888e-06	-1.6293882e-06	-2.8760326e-05
-5.3751947e-05	-2.4405603e-06	-1.3033764e-06	-2.8785914e-05
-5.2643681e-05	-2.4577470e-06	-9.8011400e-07	-2.8810659e-05
-5.1477870e-05	-2.4800205e-06	-6.6000202e-07	-2.8834541e-05
-5.0255958e-05	-2.5073452e-06	-3.4343491e-07	-2.8857540e-05
-4.8979457e-05	-2.5396781e-06	-3.0800180e-08	-2.8879641e-05
-4.7649944e-05	-2.5769690e-06	2.7752201e-07	-2.8900830e-05
-4.6269062e-05	-2.6191607e-06	5.8115929e-07	-2.8921096e-05
-4.4838516e-05	-2.6661889e-06	8.7974747e-07	-2.8940431e-05
-4.3360068e-05	-2.7179825e-06	1.1729309e-06	-2.8958829e-05
-4.1835541e-05	-2.7744635e-06	1.4603628e-06	-2.8976287e-05
-4.0266812e-05	-2.8355475e-06	1.7417056e-06	-2.8992803e-05
-3.8655811e-05	-2.9011433e-06	2.0166314e-06	-2.9008381e-05
-3.7004519e-05	-2.9711537e-06	2.2848219e-06	-2.9023022e-05
-3.5314965e-05	-3.0454753e-06	2.5459691e-06	-2.9036734e-05
-3.3589223e-05	-3.1239985e-06	2.7997754e-06	-2.9049523e-05
-3.1829410e-05	-3.2066083e-06	3.0459536e-06	-2.9061401e-05
-3.0037684e-05	-3.2931839e-06	3.2842276e-06	-2.9072378e-05
-2.8216241e-05	-3.3835992e-06	3.5143322e-06	-2.9082469e-05
-2.6367310e-05	-3.4777230e-06	3.7360133e-06	-2.9091687e-05
-2.4493154e-05	-3.5754192e-06	3.9490285e-06	-2.9100051e-05
-2.2596064e-05	-3.6765470e-06	4.1531467e-06	-2.9107577e-05
-2.0678358e-05	-3.7809612e-06	4.3481486e-06	-2.9114285e-05
-1.8742377e-05	-3.8885124e-06	4.5338267e-06	-2.9120195e-05
-1.6790484e-05	-3.9990473e-06	4.7099854e-06	-2.9125329e-05
-1.4825058e-05	-4.1124089e-06	4.8764410e-06	-2.9129707e-05
-1.2848492e-05	-4.2284370e-06	5.0330220e-06	-2.9133352e-05
-1.0863193e-05	-4.3469679e-06	5.1795689e-06	-2.9136287e-05
-8.8715744e-06	-4.4678354e-06	5.3159347e-06	-2.9138536e-05
-6.8760572e-06	-4.5908704e-06	5.4419841e-06	-2.9140121e-05
-4.8790638e-06	-4.7159017e-06	5.5575943e-06	-2.9141067e-05
-2.8830166e-06	-4.8427561e-06	5.6626549e-06	-2.9141396e-05
-8.9033471e-07	-4.9712584e-06	5.7570673e-06	-2.9141132e-05
1.0965692e-06	-5.1012321e-06	5.8407454e-06	-2.9140297e-05
3.0752918e-06	-5.2324995e-06	5.9136152e-06	-2.9138913e-05
5.0434418e-06	-5.3648819e-06	5.9756149e-06	-2.9137002e-05
6.9986435e-06	-5.4981999e-06	6.0266945e-06	-2.9134584e-05
8.9385390e-06	-5.6322739e-06	6.0668164e-06	-2.9131679e-05
1.0860792e-05	-5.7669240e-06	6.0959546e-06	-2.9128306e-05
1.2763088e-05	-5.9019707e-06	6.1140953e-06	-2.9124483e-05
1.4643144e-05	-6.0372346e-06	6.1212364e-06	-2.9120225e-05
1.6498700e-05	-6.1725372e-06	6.1173872e-06	-2.9115548e-05
1.8327535e-05	-6.3077009e-06	6.1025690e-06	-2.9110466e-05
2.0127457e-05	-6.4425493e-06	6.0768145e-06	-2.9104990e-05
2.1896315e-05	-6.5769075e-06	6.0401675e-06	-2.9099132e-05
2.3631999e-05	-6.7106020e-06	5.9926835e-06	-2.9092900e-05
2.5332438e-05	-6.8434615e-06	5.9344288e-06	-2.9086302e-05
2.6995610e-05	-6.9753167e-06	5.8654808e-06	-2.9079343e-05
2.8619539e-05	-7.1060006e-06	5.7859279e-06	-2.9072027e-05
3.0202300e-05	-7.2353490e-06	5.6958691e-06	-2.9064357e-05
3.1742018e-05	-7.3632002e-06	5.5954140e-06	-2.9056333e-05
3.3236875e-05	-7.4893956e-06	5.4846828e-06	-2.9047953e-05
3.4685109e-05	-7.6137796e-06	5.3638059e-06	-2.9039215e-05
3.6085017e-05	-7.7362002e-06	5.2329237e-06	-2.9030113e-05
3.7434956e-05	-7.8565087e-06	5.0921868e-06	-2.9020641e-05
3.8733347e-05	-7.9745601e-06	4.9417554e-06	-2.9010791e-05
3.9978675e-05	-8.0902133e-06	4.7817997e-06	-2.9000553e-05
4.1169491e-05	-8.2033311e-06	4.6124991e-06	-2.8989915e-05
4.2304413e-05	-8.3137803e-06	4.4340423e-06	-2.8978864e-05
4.3382131e-05	-8.4214322e-06	4.2466273e-06	-2.8967386e-05
4.4401405e-05	-8.5261622e-06	4.0504610e-06	-2.8955465e-05
4.5361067e-05	-8.6278504e-06	3.8457589e-06	-2.8943084e-05
4.6260024e-05	-8.7263812e-06	3.6327455e-06	-2.8930225e-05
4.7097256e-05	-8.8216438e-06	3.4116531e-06	-2.8916867e-05
4.7871821e-05	-8.9135322e-06	3.1827228e-06	-2.8902991e-05
4.8582853e-05	-9.0019451e-06	2.9462032e-06	-2.8888576e-05
4.9229564e-05	-9.0867862e-06	2.7023510e-06	-2.8873598e-05
4.9811247e-05	-9.1679640e-06	2.4514304e-06	-2.8858037e-05
5.0327273e-05	-9.2453920e-06	2.1937130e-06	-2.8841867e-05
5.0777092e-05	-9.3189889e-06	1.9294774e-06	-2.8825067e-05
5.1160238e-05	-9.3886783e-06	1.6590094e-06	-2.8807611e-05
5.1476323e-05	-9.4543890e-06	1.3826012e-06	-2.8789477e-05
5.1725042e-05	-9.5160548e-06	1.1005517e-06	-2.8770639e-05
5.1906173e-05	-9.5736148e-06	8.1316594e-07	-2.8751076e-05
5.2019575e-05	-9.6270130e-06	5.2075496e-07	-2.8730762e-05
5.2065187e-05	-9.6761987e-06	2.2363554e-07	-2.8709676e-05
5.2043034e-05	-9.7211262e-06	-7.7870066e-08	-2.8687795e-05
5.1953218e-05	-9.7617550e-06	-3.8343439e-07	-2.8665098e-05
5.1795928e-05	-9.7980497e-06	-6.9272502e-07	-2.8641563e-05
5.1571429e-05	-9.8299798e-06	-1.0054049e-06	-2.8617172e-05
5.1280069e-05	-9.8575200e-06	-1.3211325e-06	-2.8591906e-05
5.0922277e-05	-9.8806500e-06	-1.6395623e-06	-2.8565748e-05
5.0498560e-05	-9.8993541e-06	-1.9603449e-06	-2.8538682e-05
5.0009505e-05	-9.9136221e-06	-2.2831275e-06	-2.8510695e-05
4.9455774e-05	-9.9234481e-06	-2.6075541e-06	-2.8481773e-05
4.8838110e-05	-9.9288312e-06	-2.9332658e-06	-2.8451907e-05
4.8157330e-05	-9.9297754e-06	-3.2599012e-06	-2.8421088e-05
4.7414326e-05	-9.9262892e-06	-3.5870967e-06	-2.8389308e-05
4.6610062e-05	-9.9183858e-06	-3.9144868e-06	-2.8356564e-05
4.5745579e-05	-9.9060829e-06	-4.2417048e-06	-2.8322853e-05
4.4821984e-05	-9.8894027e-06	-4.5683823e-06	-2.8288174e-05
4.3840456e-05	-9.8683718e-06	-4.8941508e-06	-2.8252531e-05
4.2802243e-05	-9.8430212e-06	-5.2186408e-06	-2.8215927e-05
4.1708658e-05	-9.8133861e-06	-5.5414831e-06	-2.8178370e-05
4.0561079e-05	-9.7795061e-06	-5.8623089e-06	-2.8139870e-05
3.9360947e-05	-9.7414245e-06	-6.1807500e-06	-2.8100437e-05
3.8109765e-05	-9.6991891e-06	-6.4964395e-06	-2.8060088e-05
3.6809095e-05	-9.6528513e-06	-6.8090120e-06	-2.8018839e-05
3.5460557e-05	-9.6024665e-06	-7.1181040e-06	-2.7976709e-05
3.4065826e-05	-9.5480941e-06	-7.4233545e-06	-2.7933722e-05
3.2626630e-05	-9.4897969e-06	-7.7244054e-06	-2.7889902e-05
3.1144748e-05	-9.4276416e-06	-8.0209016e-06	-2.7845277e-05
2.9622009e-05	-9.3616981e-06	-8.3124918e-06	-2.7799876e-05
2.8060289e-05	-9.2920403e-06	-8.5988289e-06	-2.7753732e-05
2.6461508e-05	-9.2187450e-06	-8.8795702e-06	-2.7706879e-05
2.4827628e-05	-9.1418925e-06	-9.1543779e-06	-2.7659355e-05
2.3160651e-05	-9.0615664e-06	-9.4229199e-06	-2.7611200e-05
2.1462617e-05	-8.9778534e-06	-9.6848696e-06	-2.7562453e-05
1.9735600e-05	-8.8908431e-06	-9.9399068e-06	-2.7513159e-05
1.7981706e-05	-8.8006283e-06	-1.0187718e-05	-2.7463365e-05
1.6203072e-05	-8.7073047e-06	-1.0427998e-05	-2.7413116e-05
1.4401863e-05	-8.6109705e-06	-1.0660446e-05	-2.7362462e-05
1.2580268e-05	-8.5117270e-06	-1.0884773e-05	-2.7311454e-05
1.0740497e-05	-8.4096779e-06	-1.1100696e-05	-2.7260144e-05
8.8847800e-06	-8.3049296e-06	-1.1307943e-05	-2.7208586e-05
7.0153655e-06	-8.1975910e-06	-1.1506248e-05	-2.7156835e-05
5.1345145e-06	-8.0877732e-06	-1.1695357e-05	-2.7104946e-05
3.2444999e-06	-7.9755899e-06	-1.1875027e-05	-2.7052977e-05
1.3476036e-06	-7.8611568e-06	-1.2045023e-05	-2.7000984e-05
-5.5388652e-07	-7.7445918e-06	-1.2205123e-05	-2.6949027e-05
-2.4576793e-06	-7.6260150e-06	-1.2355114e-05	-2.6897163e-05
-4.3614826e-06	-7.5055481e-06	-1.2494797e-05	-2.6845452e-05
-6.2630066e-06	-7.3833151e-06	-1.2623984e-05	-2.6793952e-05
-8.1599660e-06	-7.2594415e-06	-1.2742498e-05	-2.6742721e-05
-1.0050083e-05	-7.1340546e-06	-1.2850177e-05	-2.6691819e-05
-1.1931089e-05	-7.0072834e-06	-1.2946870e-05	-2.6641304e-05
-1.3800730e-05	-6.8792582e-06	-1.3032440e-05	-2.6591232e-05
-1.5656766e-05	-6.7501109e-06	-1.3106764e-05	-2.6541660e-05
-1.7496975e-05	-6.6199746e-06	-1.3169732e-05	-2.6492645e-05
-1.9319156e-05	-6.4889836e-06	-1.3221247e-05	-2.6444239e-05
-2.1121130e-05	-6.3572734e-06	-1.3261229e-05	-2.6396497e-05
-2.2900746e-05	-6.2249804e-06	-1.3289610e-05	-2.6349470e-05
-2.4655879e-05	-6.0922421e-06	-1.3306337e-05	-2.6303207e-05
-2.6384437e-05	-5.9591965e-06	-1.3311374e-05	-2.6257758e-05
-2.8084358e-05	-5.8259825e-06	-1.3304697e-05	-2.6213167e-05
-2.9753618e-05	-5.6927395e-06	-1.3286298e-05	-2.6169480e-05
-3.1390230e-05	-5.5596073e-06	-1.3256185e-05	-2.6126738e-05
-3.2992248e-05	-5.4267260e-06	-1.3214380e-05	-2.6084981e-05
-3.4557767e-05	-5.2942361e-06	-1.3160921e-05	-2.6044245e-05
-3.6084928e-05	-5.1622779e-06	-1.3095861e-05	-2.6004565e-05
-3.7571919e-05	-5.0309918e-06	-1.3019270e-05	-2.5965973e-05
-3.9016976e-05	-4.9005181e-06	-1.2931230e-05	-2.5928498e-05
-4.0418386e-05	-4.7709965e-06	-1.2831840e-05	-2.5892165e-05
-4.1774490e-05	-4.6425666e-06	-1.2721215e-05	-2.5856997e-05
-4.3083684e-05	-4.5153672e-06	-1.2599485e-05	-2.5823014e-05
-4.4344419e-05	-4.3895363e-06	-1.2466793e-05	-2.5790233e-05
-4.5555207e-05	-4.2652112e-06	-1.2323298e-05	-2.5758667e-05
-4.6714619e-05	-4.1425280e-06	-1.2169174e-05	-2.5728327e-05
-4.7821288e-05	-4.0216218e-06	-1.2004610e-05	-2.5699220e-05
-4.8873911e-05	-3.9026263e-06	-1.1829808e-05	-2.5671349e-05
-4.9871251e-05	-3.7856736e-06	-1.1644984e-05	-2.5644715e-05
-5.0812135e-05	-3.6708944e-06	-1.1450369e-05	-2.5619316e-05
-5.1695462e-05	-3.5584173e-06	-1.1246206e-05	-2.5595144e-05
-5.2520195e-05	-3.4483692e-06	-1.1032752e-05	-2.5572190e-05
-5.3285373e-05	-3.3408748e-06	-1.0810276e-05	-2.5550442e-05
-5.3990102e-05	-3.2360566e-06	-1.0579061e-05	-2.5529884e-05
-5.4633563e-05	-3.1340344e-06	-1.0339401e-05	-2.5510497e-05
-5.5215011e-05	-3.0349258e-06	-1.0091602e-05	-2.5492259e-05
-5.5733774e-05	-2.9388454e-06	-9.8359798e-06	-2.5475144e-05
-5.6189255e-05	-2.8459047e-06	-9.5728634e-06	-2.5459125e-05
-5.6580934e-05	-2.7562126e-06	-9.3025905e-06	-2.5444170e-05
-5.6908368e-05	-2.6698744e-06	-9.0255092e-06	-2.5430246e-05
-5.7171190e-05	-2.5869920e-06	-8.7419770e-06	-2.5417316e-05
-5.7369110e-05	-2.5076638e-06	-8.4523599e-06	-2.5405342e-05
-5.7501917e-05	-2.4319847e-06	-8.1570326e-06	-2.5394282e-05
-5.7569478e-05	-2.3600453e-06	-7.8563775e-06	-2.5384093e-05
-5.7571738e-05	-2.2919325e-06	-7.5507840e-06	-2.5374729e-05
-5.7508719e-05	-2.2277288e-06	-7.2406485e-06	-2.5366141e-05
-5.7380524e-05	-2.1675127e-06	-6.9263730e-06	-2.5358280e-05
-5.7187332e-05	-2.1113579e-06	-6.6083656e-06	-2.5351096e-05
-5.6929399e-05	-2.0593336e-06	-6.2870386e-06	-2.5344534e-05
-5.6607063e-05	-2.0115043e-06	-5.9628092e-06	-2.5338541e-05
-5.6220734e-05	-1.9679296e-06	-5.6360977e-06	-2.5333061e-05
-5.5770902e-05	-1.9286642e-06	-5.3073279e-06	-2.5328037e-05
-5.5258132e-05	-1.8937575e-06	-4.9769257e-06	-2.5323412e-05
-5.4683065e-05	-1.8632538e-06	-4.6453190e-06	-2.5319127e-05
-5.4046416e-05	-1.8371922e-06	-4.3129365e-06	-2.5315124e-05
-5.3348974e-05	-1.8156060e-06	-3.9802078e-06	-2.5311343e-05
-5.2591602e-05	-1.7985232e-06	-3.6475623e-06	-2.5307725e-05
-5.1775234e-05	-1.7859663e-06	-3.3154284e-06	-2.5304211e-05
-5.0900874e-05	-1.7779519e-06	-2.9842334e-06	-2.5300740e-05
-4.9969598e-05	-1.7744909e-06	-2.6544025e-06	-2.5297254e-05
-4.8982547e-05	-1.7755884e-06	-2.3263583e-06	-2.5293695e-05
-4.7940931e-05	-1.7812436e-06	-2.0005202e-06	-2.5290003e-05
-4.6846025e-05	-1.7914498e-06	-1.6773037e-06	-2.5286124e-05
-4.5699169e-05	-1.8061942e-06	-1.3571198e-06	-2.5281999e-05
-4.4501763e-05	-1.8254582e-06	-1.0403748e-06	-2.5277573e-05
-4.3255270e-05	-1.8492171e-06	-7.2746900e-07	-2.5272794e-05
-4.1961210e-05	-1.8774401e-06	-4.1879686e-07	-2.5267608e-05
-4.0621161e-05	-1.9100906e-06	-1.1474597e-07	-2.5261965e-05
-3.9236756e-05	-1.9471257e-06	1.8430326e-07	-2.5255814e-05
-3.7809682e-05	-1.9884967e-06	4.7797822e-07	-2.5249109e-05
-3.6341675e-05	-2.0341489e-06	7.6591456e-07	-2.5241804e-05
-3.4834522e-05	-2.0840218e-06	1.0477567e-06	-2.5233855e-05
-3.3290056e-05	-2.1380488e-06	1.3231583e-06	-2.5225220e-05
-3.1710154e-05	-2.1961576e-06	1.5917828e-06	-2.5215860e-05
-3.0096738e-05	-2.2582703e-06	1.8533036e-06	-2.5205737e-05
-2.8451767e-05	-2.3243031e-06	2.1074048e-06	-2.5194818e-05
-2.6777239e-05	-2.3941669e-06	2.3537814e-06	-2.5183068e-05
-2.5075187e-05	-2.4677669e-06	2.5921398e-06	-2.5170459e-05
-2.3347676e-05	-2.5450032e-06	2.8221980e-06	-2.5156963e-05
-2.1596804e-05	-2.6257705e-06	3.0436860e-06	-2.5142554e-05
-1.9824693e-05	-2.7099585e-06	3.2563464e-06	-2.5127211e-05
-1.8033493e-05	-2.7974519e-06	3.4599341e-06	-2.5110913e-05
-1.6225374e-05	-2.8881306e-06	3.6542171e-06	-2.5093643e-05
-1.4402529e-05	-2.9818700e-06	3.8389765e-06	-2.5075386e-05
-1.2567164e-05	-3.0785407e-06	4.0140068e-06	-2.5056130e-05
-1.0721503e-05	-3.1780095e-06	4.1791160e-06	-2.5035866e-05
-8.8677805e-06	-3.2801386e-06	4.3341262e-06	-2.5014586e-05
-7.0082393e-06	-3.3847867e-06	4.4788729e-06	-2.4992286e-05
-5.1451294e-06	-3.4918085e-06	4.6132060e-06	-2.4968964e-05
-3.2807038e-06	-3.6010553e-06	4.7369895e-06	-2.4944621e-05
-1.4172164e-06	-3.7123752e-06	4.8501017e-06	-2.4919258e-05
4.4308100e-07	-3.8256130e-06	4.9524350e-06	-2.4892881e-05
2.2979413e-06	-3.9406110e-06	5.0438965e-06	-2.4865497e-05
4.1451252e-06	-4.0572087e-06	5.1244074e-06	-2.4837116e-05
5.9824033e-06	-4.1752431e-06	5.1939033e-06	-2.4807748e-05
7.8075595e-06	-4.2945493e-06	5.2523345e-06	-2.4777407e-05
9.6183935e-06	-4.4149605e-06	5.2996651e-06	-2.4746107e-05
1.1412723e-05	-4.5363082e-06	5.3358739e-06	-2.4713867e-05
1.3188388e-05	-4.6584226e-06	5.3609537e-06	-2.4680705e-05
1.4943251e-05	-4.7811328e-06	5.3749113e-06	-2.4646639e-05
1.6675201e-05	-4.9042669e-06	5.3777676e-06	-2.4611693e-05
1.8382156e-05	-5.0276525e-06	5.3695573e-06	-2.4575889e-05
2.0062068e-05	-5.1511170e-06	5.3503285e-06	-2.4539250e-05
2.1712918e-05	-5.2744876e-06	5.3201432e-06	-2.4501802e-05
2.3332729e-05	-5.3975916e-06	5.2790763e-06	-2.4463571e-05
2.4919558e-05	-5.5202571e-06	5.2272161e-06	-2.4424584e-05
2.6471508e-05	-5.6423125e-06	5.1646635e-06	-2.4384867e-05
2.7986723e-05	-5.7635875e-06	5.0915322e-06	-2.4344450e-05
2.9463392e-05	-5.8839128e-06	5.0079481e-06	-2.4303360e-05
3.0899754e-05	-6.0031208e-06	4.9140495e-06	-2.4261626e-05
3.2294098e-05	-6.1210456e-06	4.8099862e-06	-2.4219277e-05
3.3644765e-05	-6.2375232e-06	4.6959198e-06	-2.4176343e-05
3.4950151e-05	-6.3523920e-06	4.5720229e-06	-2.4132851e-05
3.6208707e-05	-6.4654926e-06	4.4384794e-06	-2.4088832e-05
3.7418942e-05	-6.5766686e-06	4.2954835e-06	-2.4044313e-05
3.8579428e-05	-6.6857665e-06	4.1432397e-06	-2.3999323e-05
3.9688796e-05	-6.7926358e-06	3.9819627e-06	-2.3953890e-05
4.0745740e-05	-6.8971295e-06	3.8118767e-06	-2.3908039e-05
4.1749022e-05	-6.9991043e-06	3.6332150e-06	-2.3861799e-05
4.2697467e-05	-7.0984205e-06	3.4462201e-06	-2.3815194e-05
4.3589970e-05	-7.1949425e-06	3.2511429e-06	-2.3768250e-05
4.4425494e-05	-7.2885389e-06	3.0482425e-06	-2.3720990e-05
4.5203074e-05	-7.3790826e-06	2.8377859e-06	-2.3673437e-05
4.5921814e-05	-7.4664512e-06	2.6200474e-06	-2.3625613e-05
4.6580894e-05	-7.5505268e-06	2.3953085e-06	-2.3577538e-05
4.7179563e-05	-7.6311965e-06	2.1638575e-06	-2.3529233e-05
4.7717149e-05	-7.7083522e-06	1.9259887e-06	-2.3480715e-05
4.8193052e-05	-7.7818912e-06	1.6820028e-06	-2.3432002e-05
4.8606750e-05	-7.8517160e-06	1.4322056e-06	-2.3383109e-05
4.8957795e-05	-7.9177343e-06	1.1769084e-06	-2.3334052e-05
4.9245819e-05	-7.9798595e-06	9.1642736e-07	-2.3284843e-05
4.9470528e-05	-8.0380104e-06	6.5108281e-07	-2.3235494e-05
4.9631709e-05	-8.0921117e-06	3.8119932e-07	-2.3186015e-05
4.9729223e-05	-8.1420936e-06	1.0710509e-07	-2.3136417e-05
4.9763011e-05	-8.1878923e-06	-1.7086833e-07	-2.3086707e-05
4.9733093e-05	-8.2294498e-06	-4.5238648e-07	-2.3036891e-05
4.9639565e-05	-8.2667139e-06	-7.3711231e-07	-2.2986976e-05
4.9482600e-05	-8.2996386e-06	-1.0247066e-06	-2.2936966e-05
4.9262450e-05	-8.3281836e-06	-1.3148281e-06	-2.2886863e-05
4.8979442e-05	-8.3523149e-06	-1.6071344e-06	-2.2836669e-05
4.8633982e-05	-8.3720042e-06	-1.9012817e-06	-2.2786386e-05
4.8226550e-05	-8.3872294e-06	-2.1969254e-06	-2.2736014e-05
4.7757701e-05	-8.3979743e-06	-2.4937206e-06	-2.2685551e-05
4.7228064e-05	-8.4042286e-06	-2.7913221e-06	-2.2634995e-05
4.6638343e-05	-8.4059880e-06	-3.0893853e-06	-2.2584344e-05
4.5989314e-05	-8.4032542e-06	-3.3875658e-06	-2.2533594e-05
4.5281823e-05	-8.3960345e-06	-3.6855202e-06	-2.2482741e-05
4.4516789e-05	-8.3843421e-06	-3.9829065e-06	-2.2431781e-05
4.3695198e-05	-8.3681960e-06	-4.2793841e-06	-2.2380708e-05
4.2818105e-05	-8.3476207e-06	-4.5746142e-06	-2.2329516e-05
4.1886631e-05	-8.3226463e-06	-4.8682604e-06	-2.2278201e-05
4.0901961e-05	-8.2933084e-06	-5.1599885e-06	-2.2226755e-05
3.9865347e-05	-8.2596478e-06	-5.4494674e-06	-2.2175173e-05
3.8778099e-05	-8.2217109e-06	-5.7363689e-06	-2.2123449e-05
3.7641588e-05	-8.1795490e-06	-6.0203681e-06	-2.2071576e-05
3.6457246e-05	-8.1332184e-06	-6.3011440e-06	-2.2019549e-05
3.5226558e-05	-8.0827804e-06	-6.5783794e-06	-2.1967362e-05
3.3951066e-05	-8.0283013e-06	-6.8517615e-06	-2.1915009e-05
3.2632365e-05	-7.9698517e-06	-7.1209818e-06	-2.1862486e-05
3.1272100e-05	-7.9075069e-06	-7.3857368e-06	-2.1809789e-05
2.9871963e-05	-7.8413466e-06	-7.6457279e-06	-2.1756915e-05
2.8433695e-05	-7.7714546e-06	-7.9006619e-06	-2.1703859e-05
2.6959081e-05	-7.6979191e-06	-8.1502512e-06	-2.1650621e-05
2.5449946e-05	-7.6208317e-06	-8.3942142e-06	-2.1597199e-05
2.3908159e-05	-7.5402883e-06	-8.6322751e-06	-2.1543592e-05
2.2335621e-05	-7.4563882e-06	-8.8641646e-06	-2.1489803e-05
2.0734273e-05	-7.3692340e-06	-9.0896202e-06	-2.1435831e-05
1.9106087e-05	-7.2789319e-06	-9.3083858e-06	-2.1381682e-05
1.7453063e-05	-7.1855910e-06	-9.5202127e-06	-2.1327358e-05
1.5777232e-05	-7.0893235e-06	-9.7248596e-06	-2.1272865e-05
1.4080649e-05	-6.9902443e-06	-9.9220925e-06	-2.1218211e-05
1.2365392e-05	-6.8884711e-06	-1.0111685e-05	-2.1163402e-05
1.0633559e-05	-6.7841238e-06	-1.0293420e-05	-2.1108450e-05
8.8872656e-06	-6.6773249e-06	-1.0467086e-05	-2.1053364e-05
7.1286426e-06	-6.5681988e-06	-1.0632483e-05	-2.0998157e-05
5.3598332e-06	-6.4568719e-06	-1.0789417e-05	-2.0942843e-05
3.5829905e-06	-6.3434726e-06	-1.0937704e-05	-2.0887436e-05
1.8002748e-06	-6.2281307e-06	-1.1077170e-05	-2.0831953e-05
1.3851146e-08	-6.1109775e-06	-1.1207648e-05	-2.0776413e-05
-1.7741137e-06	-5.9921459e-06	-1.1328983e-05	-2.0720834e-05
-3.5614534e-06	-5.8717695e-06	-1.1441028e-05	-2.0665237e-05
-5.3460049e-06	-5.7499832e-06	-1.1543645e-05	-2.0609644e-05
-7.1256110e-06	-5.6269227e-06	-1.1636708e-05	-2.0554078e-05
-8.8981229e-06	-5.5027244e-06	-1.1720100e-05	-2.0498565e-05
-1.0661403e-05	-5.3775250e-06	-1.1793714e-05	-2.0443128e-05
-1.2413327e-05	-5.2514618e-06	-1.1857454e-05	-2.0387796e-05
-1.4151786e-05	-5.1246724e-06	-1.1911234e-05	-2.0332596e-05
-1.5874692e-05	-4.9972943e-06	-1.1954981e-05	-2.0277558e-05
-1.7579975e-05	-4.8694650e-06	-1.1988628e-05	-2.0222710e-05
-1.9265591e-05	-4.7413218e-06	-1.2012125e-05	-2.0168083e-05
-2.0929521e-05	-4.6130018e-06	-1.2025427e-05	-2.0113710e-05
-2.2569774e-05	-4.4846414e-06	-1.2028506e-05	-2.0059621e-05
-2.4184390e-05	-4.3563767e-06	-1.2021341e-05	-2.0005850e-05
-2.5771442e-05	-4.2283427e-06	-1.2003924e-05	-1.9952429e-05
-2.7329039e-05	-4.1006739e-06	-1.1976258e-05	-1.9899393e-05
-2.8855326e-05	-3.9735038e-06	-1.1938358e-05	-1.9846774e-05
-3.0348488e-05	-3.8469644e-06	-1.1890251e-05	-1.9794606e-05
-3.1806753e-05	-3.7211871e-06	-1.1831974e-05	-1.9742924e-05
-3.3228392e-05	-3.5963015e-06	-1.1763577e-05	-1.9691761e-05
-3.4611720e-05	-3.4724360e-06	-1.1685121e-05	-1.9641150e-05
-3.5955103e-05	-3.3497174e-06	-1.1596679e-05	-1.9591125e-05
-3.7256955e-05	-3.2282708e-06	-1.1498336e-05	-1.9541718e-05
-3.8515741e-05	-3.1082197e-06	-1.1390187e-05	-1.9492962e-05
-3.9729980e-05	-2.9896856e-06	-1.1272341e-05	-1.9444888e-05
-4.0898245e-05	-2.8727881e-06	-1.1144917e-05	-1.9397527e-05
-4.2019167e-05	-2.7576448e-06	-1.1008045e-05	-1.9350908e-05
-4.3091433e-05	-2.6443712e-06	-1.0861868e-05	-1.9305061e-05
-4.4113793e-05	-2.5330803e-06	-1.0706539e-05	-1.9260012e-05
-4.5085054e-05	-2.4238832e-06	-1.0542224e-05	-1.9215789e-05
-4.6004089e-05	-2.3168883e-06	-1.0369097e-05	-1.9172415e-05
-4.6869831e-05	-2.2122015e-06	-1.0187347e-05	-1.9129915e-05
-4.7681281e-05	-2.1099264e-06	-9.9971699e-06	-1.9088311e-05
-4.8437504e-05	-2.0101636e-06	-9.7987750e-06	-1.9047622e-05
-4.9137632e-05	-1.9130113e-06	-9.5923809e-06	-1.9007867e-05
-4.9780867e-05	-1.8185646e-06	-9.3782169e-06	-1.8969062e-05
-5.0366476e-05	-1.7269159e-06	-9.1565221e-06	-1.8931223e-05
-5.0893800e-05	-1.6381546e-06	-8.9275456e-06	-1.8894361e-05
-5.1362247e-05	-1.5523670e-06	-8.6915463e-06	-1.8858487e-05
-5.1771298e-05	-1.4696364e-06	-8.4487920e-06	-1.8823611e-05
-5.2120502e-05	-1.3900429e-06	-8.1995600e-06	-1.8789736e-05
-5.2409485e-05	-1.3136633e-06	-7.9441362e-06	-1.8756869e-05
-5.2637941e-05	-1.2405712e-06	-7.6828151e-06	-1.8725010e-05
-5.2805639e-05	-1.1708368e-06	-7.4158991e-06	-1.8694158e-05
-5.2912419e-05	-1.1045268e-06	-7.1436988e-06	-1.8664310e-05
-5.2958196e-05	-1.0417044e-06	-6.8665321e-06	-1.8635461e-05
-5.2942957e-05	-9.8242944e-07	-6.5847239e-06	-1.8607602e-05
-5.2866760e-05	-9.2675789e-07	-6.2986062e-06	-1.8580724e-05
-5.2729738e-05	-8.7474221e-07	-6.0085170e-06	-1.8554814e-05
-5.2532097e-05	-8.2643108e-07	-5.7148004e-06	-1.8529856e-05
-5.2274113e-05	-7.8186943e-07	-5.4178061e-06	-1.8505832e-05
-5.1956136e-05	-7.4109834e-07	-5.1178888e-06	-1.8482723e-05
-5.1578585e-05	-7.0415501e-07	-4.8154080e-06	-1.8460507e-05
-5.1141953e-05	-6.7107271e-07	-4.5107273e-06	-1.8439158e-05
-5.0646800e-05	-6.4188075e-07	-4.2042141e-06	-1.8418651e-05
-5.0093757e-05	-6.1660440e-07	-3.8962392e-06	-1.8398955e-05
-4.9483524e-05	-5.9526489e-07	-3.5871761e-06	-1.8380040e-05
-4.8816867e-05	-5.7787932e-07	-3.2774006e-06	-1.8361873e-05
-4.8094622e-05	-5.6446067e-07	-2.9672904e-06	-1.8344418e-05
-4.7317688e-05	-5.5501775e-07	-2.6572246e-06	-1.8327638e-05
-4.6487029e-05	-5.4955515e-07	-2.3475829e-06	-1.8311495e-05
-4.5603675e-05	-5.4807322e-07	-2.0387456e-06	-1.8295947e-05
-4.4668714e-05	-5.5056808e-07	-1.7310926e-06	-1.8280952e-05
-4.3683299e-05	-5.5703153e-07	-1.4250032e-06	-1.8266467e-05
-4.2648641e-05	-5.6745107e-07	-1.1208553e-06	-1.8252447e-05
-4.1566008e-05	-5.8180990e-07	-8.1902518e-07	-1.8238844e-05
-4.0436726e-05	-6.0008686e-07	-5.1988676e-07	-1.8225613e-05
-3.9262175e-05	-6.2225646e-07	-2.2381115e-07	-1.8212703e-05
-3.8043789e-05	-6.4828886e-07	6.8833881e-08	-1.8200065e-05
-3.6783054e-05	-6.7814985e-07	3.5768442e-07	-1.8187649e-05
-3.5481504e-05	-7.1180090e-07	6.4238094e-07	-1.8175405e-05
-3.4140722e-05	-7.4919913e-07	9.2256881e-07	-1.8163280e-05
-3.2762338e-05	-7.9029732e-07	1.1978988e-06	-1.8151223e-05
-3.1348024e-05	-8.3504396e-07	1.4680276e-06	-1.8139181e-05
-2.9899496e-05	-8.8338321e-07	1.7326183e-06	-1.8127104e-05
-2.8418509e-05	-9.3525502e-07	1.9913408e-06	-1.8114938e-05
-2.6906855e-05	-9.9059507e-07	2.2438725e-06	-1.8102632e-05
-2.5366364e-05	-1.0493348e-06	2.4898987e-06	-1.8090134e-05
-2.3798899e-05	-1.1114017e-06	2.7291127e-06	-1.8077394e-05
-2.2206353e-05	-1.1767189e-06	2.9612169e-06	-1.8064360e-05
-2.0590649e-05	-1.2452055e-06	3.1859226e-06	-1.8050983e-05
-1.8953737e-05	-1.3167769e-06	3.4029509e-06	-1.8037214e-05
-1.7297591e-05	-1.3913442e-06	3.6120329e-06	-1.8023005e-05
-1.5624208e-05	-1.4688149e-06	3.8129101e-06	-1.8008310e-05
-1.3935604e-05	-1.5490925e-06	4.0053347e-06	-1.7993083e-05
-1.2233812e-05	-1.6320771e-06	4.1890701e-06	-1.7977280e-05
-1.0520881e-05	-1.7176649e-06	4.3638912e-06	-1.7960859e-05
-8.7988715e-06	-1.8057488e-06	4.5295849e-06	-1.7943777e-05
-7.0698547e-06	-1.8962181e-06	4.6859500e-06	-1.7925997e-05
-5.3359088e-06	-1.9889590e-06	4.8327978e-06	-1.7907480e-05
-3.5991174e-06	-2.0838543e-06	4.9699524e-06	-1.7888190e-05
-1.8615664e-06	-2.1807838e-06	5.0972507e-06	-1.7868095e-05
-1.2534201e-07	-2.2796245e-06	5.2145430e-06	-1.7847162e-05
1.6074722e-06	-2.3802504e-06	5.3216926e-06	-1.7825361e-05
3.3347976e-06	-2.4825329e-06	5.4185769e-06	-1.7802666e-05
5.0545628e-06	-2.5863408e-06	5.5050867e-06	-1.7779050e-05
6.7647064e-06	-2.6915405e-06	5.5811268e-06	-1.7754492e-05
8.4631794e-06	-2.7979963e-06	5.6466160e-06	-1.7728971e-05
1.0147948e-05	-2.9055702e-06	5.7014873e-06	-1.7702469e-05
1.1816994e-05	-3.0141226e-06	5.7456878e-06	-1.7674969e-05
1.3468322e-05	-3.1235118e-06	5.7791789e-06	-1.7646458e-05
1.5099955e-05	-3.2335948e-06	5.8019365e-06	-1.7616926e-05
1.6709944e-05	-3.3442269e-06	5.8139504e-06	-1.7586364e-05
1.8296364e-05	-3.4552626e-06	5.8152251e-06	-1.7554766e-05
1.9857320e-05	-3.5665549e-06	5.8057791e-06	-1.7522129e-05
2.1390950e-05	-3.6779564e-06	5.7856452e-06	-1.7488450e-05
2.2895423e-05	-3.7893187e-06	5.7548704e-06	-1.7453732e-05
2.4368945e-05	-3.9004932e-06	5.7135156e-06	-1.7417978e-05
2.5809761e-05	-4.0113308e-06	5.6616558e-06	-1.7381193e-05
2.7216154e-05	-4.1216826e-06	5.5993796e-06	-1.7343387e-05
2.8586452e-05	-4.2313997e-06	5.5267892e-06	-1.7304568e-05
2.9919024e-05	-4.3403335e-06	5.4440004e-06	-1.7264750e-05
3.1212288e-05	-4.4483362e-06	5.3511422e-06	-1.7223948e-05
3.2464708e-05	-4.5552604e-06	5.2483563e-06	-1.7182177e-05
3.3674798e-05	-4.6609600e-06	5.1357976e-06	-1.7139458e-05
3.4841126e-05	-4.7652900e-06	5.0136331e-06	-1.7095809e-05
3.5962312e-05	-4.8681067e-06	4.8820424e-06	-1.7051253e-05
3.7037029e-05	-4.9692681e-06	4.7412167e-06	-1.7005815e-05
3.8064011e-05	-5.0686339e-06	4.5913589e-06	-1.6959520e-05
3.9042047e-05	-5.1660659e-06	4.4326833e-06	-1.6912395e-05
3.9969986e-05	-5.2614282e-06	4.2654151e-06	-1.6864468e-05
4.0846740e-05	-5.3545870e-06	4.0897900e-06	-1.6815770e-05
4.1671282e-05	-5.4454116e-06	3.9060539e-06	-1.6766331e-05
4.2442649e-05	-5.5337737e-06	3.7144627e-06	-1.6716184e-05
4.3159943e-05	-5.6195482e-06	3.5152814e-06	-1.6665361e-05
4.3822331e-05	-5.7026132e-06	3.3087845e-06	-1.6613896e-05
4.4429047e-05	-5.7828501e-06	3.0952546e-06	-1.6561825e-05
4.4979395e-05	-5.8601439e-06	2.8749828e-06	-1.6509182e-05
4.5472745e-05	-5.9343834e-06	2.6482679e-06	-1.6456003e-05
4.5908538e-05	-6.0054614e-06	2.4154158e-06	-1.6402326e-05
4.6286284e-05	-6.0732745e-06	2.1767394e-06	-1.6348185e-05
4.6605564e-05	-6.1377238e-06	1.9325579e-06	-1.6293619e-05
4.6866032e-05	-6.1987148e-06	1.6831966e-06	-1.6238664e-05
4.7067411e-05	-6.2561572e-06	1.4289860e-06	-1.6183356e-05
4.7209496e-05	-6.3099659e-06	1.1702616e-06	-1.6127733e-05
4.7292157e-05	-6.3600603e-06	9.0736355e-07	-1.6071831e-05
4.7315333e-05	-6.4063648e-06	6.4063591e-07	-1.6015687e-05
4.7279037e-05	-6.4488089e-06	3.7042628e-07	-1.5959335e-05
4.7183355e-05	-6.4873271e-06	9.7085351e-08	-1.5902811e-05
4.7028442e-05	-6.5218596e-06	-1.7903364e-07	-1.5846150e-05
4.6814529e-05	-6.5523515e-06	-4.5757534e-07	-1.5789385e-05
4.6541916e-05	-6.5787537e-06	-7.3818277e-07	-1.5732550e-05
4.6210974e-05	-6.6010224e-06	-1.0204978e-06	-1.5675677e-05
4.5822148e-05	-6.6191196e-06	-1.3041616e-06	-1.5618798e-05
4.5375950e-05	-6.6330128e-06	-1.5888153e-06	-1.5561941e-05
4.4872962e-05	-6.6426753e-06	-1.8740999e-06	-1.5505138e-05
4.4313836e-05	-6.6480860e-06	-2.1596575e-06	-1.5448416e-05
4.3699291e-05	-6.6492299e-06	-2.4451311e-06	-1.5391802e-05
4.3030114e-05	-6.6460975e-06	-2.7301655e-06	-1.5335321e-05
4.2307157e-05	-6.6386852e-06	-3.0144073e-06	-1.5278999e-05
4.1531338e-05	-6.6269953e-06	-3.2975058e-06	-1.5222859e-05
4.0703638e-05	-6.6110357e-06	-3.5791130e-06	-1.5166923e-05
3.9825102e-05	-6.5908205e-06	-3.8588843e-06	-1.5111212e-05
3.8896834e-05	-6.5663690e-06	-4.1364788e-06	-1.5055744e-05
3.7920001e-05	-6.5377066e-06	-4.4115596e-06	-1.5000539e-05
3.6895825e-05	-6.5048645e-06	-4.6837944e-06	-1.4945612e-05
3.5825587e-05	-6.4678790e-06	-4.9528557e-06	-1.4890979e-05
3.4710624e-05	-6.4267926e-06	-5.2184211e-06	-1.4836655e-05
3.3552324e-05	-6.3816528e-06	-5.4801739e-06	-1.4782651e-05
3.2352130e-05	-6.3325128e-06	-5.7378034e-06	-1.4728980e-05
3.1111533e-05	-6.2794309e-06	-5.9910048e-06	-1.4675651e-05
2.9832072e-05	-6.2224709e-06	-6.2394802e-06	-1.4622674e-05
2.8515335e-05	-6.1617015e-06	-6.4829383e-06	-1.4570057e-05
2.7162951e-05	-6.0971964e-06	-6.7210951e-06	-1.4517805e-05
2.5776594e-05	-6.0290343e-06	-6.9536740e-06	-1.4465925e-05
2.4357975e-05	-5.9572986e-06	-7.1804060e-06	-1.4414420e-05
2.2908847e-05	-5.8820773e-06	-7.4010301e-06	-1.4363294e-05
2.1430997e-05	-5.8034630e-06	-7.6152936e-06	-1.4312550e-05
1.9926244e-05	-5.7215523e-06	-7.8229520e-06	-1.4262189e-05
1.8396441e-05	-5.6364463e-06	-8.0237698e-06	-1.4212211e-05
1.6843469e-05	-5.5482501e-06	-8.2175199e-06	-1.4162618e-05
1.5269236e-05	-5.4570723e-06	-8.4039847e-06	-1.4113406e-05
1.3675675e-05	-5.3630256e-06	-8.5829555e-06	-1.4064576e-05
1.2064740e-05	-5.2662259e-06	-8.7542331e-06	-1.4016125e-05
1.0438404e-05	-5.1667925e-06	-8.9176280e-06	-1.3968050e-05
8.7986590e-06	-5.0648479e-06	-9.0729601e-06	-1.3920349e-05
7.1475108e-06	-4.9605174e-06	-9.2200595e-06	-1.3873018e-05
5.4869773e-06	-4.8539291e-06	-9.3587659e-06	-1.3826052e-05
3.8190862e-06	-4.7452137e-06	-9.4889295e-06	-1.3779449e-05
2.1458727e-06	-4.6345042e-06	-9.6104102e-06	-1.3733205e-05
4.6937628e-07	-4.5219359e-06	-9.7230784e-06	-1.3687314e-05
-1.2083610e-06	-4.4076457e-06	-9.8268150e-06	-1.3641772e-05
-2.8852974e-06	-4.2917726e-06	-9.9215110e-06	-1.3596576e-05
-4.5593941e-06	-4.1744571e-06	-1.0007068e-05	-1.3551722e-05
-6.2286176e-06	-4.0558409e-06	-1.0083398e-05	-1.3507205e-05
-7.8909420e-06	-3.9360668e-06	-1.0150424e-05	-1.3463021e-05
-9.5443518e-06	-3.8152789e-06	-1.0208079e-05	-1.3419168e-05
-1.1186844e-05	-3.6936216e-06	-1.0256307e-05	-1.3375643e-05
-1.2816431e-05	-3.5712400e-06	-1.0295062e-05	-1.3332441e-05
-1.4431143e-05	-3.4482796e-06	-1.0324309e-05	-1.3289563e-05
-1.6029029e-05	-3.3248860e-06	-1.0344024e-05	-1.3247004e-05
-1.7608162e-05	-3.2012047e-06	-1.0354192e-05	-1.3204766e-05
-1.9166638e-05	-3.0773810e-06	-1.0354812e-05	-1.3162846e-05
-2.0702581e-05	-2.9535595e-06	-1.0345889e-05	-1.3121244e-05
-2.2214145e-05	-2.8298845e-06	-1.0327441e-05	-1.3079962e-05
-2.3699513e-05	-2.7064993e-06	-1.0299497e-05	-1.3039000e-05
-2.5156903e-05	-2.5835462e-06	-1.0262094e-05	-1.2998361e-05
-2.6584570e-05	-2.4611663e-06	-1.0215281e-05	-1.2958046e-05
-2.7980805e-05	-2.3394992e-06	-1.0159117e-05	-1.2918059e-05
-2.9343939e-05	-2.2186833e-06	-1.0093671e-05	-1.2878403e-05
-3.0672346e-05	-2.0988550e-06	-1.0019021e-05	-1.2839085e-05
-3.1964443e-05	-1.9801489e-06	-9.9352568e-06	-1.2800107e-05
-3.3218693e-05	-1.8626976e-06	-9.8424758e-06	-1.2761477e-05
-3.4433606e-05	-1.7466314e-06	-9.7407867e-06	-1.2723201e-05
-3.5607742e-05	-1.6320785e-06	-9.6303072e-06	-1.2685285e-05
-3.6739712e-05	-1.5191643e-06	-9.5111642e-06	-1.2647739e-05
-3.7828178e-05	-1.4080120e-06	-9.3834944e-06	-1.2610569e-05
-3.8871858e-05	-1.2987416e-06	-9.2474431e-06	-1.2573786e-05
-3.9869525e-05	-1.1914707e-06	-9.1031649e-06	-1.2537397e-05
-4.0820009e-05	-1.0863134e-06	-8.9508232e-06	-1.2501414e-05
-4.1722198e-05	-9.8338108e-07	-8.7905899e-06	-1.2465845e-05
-4.2575041e-05	-8.8278176e-07	-8.6226457e-06	-1.2430702e-05
-4.3377545e-05	-7.8462013e-07	-8.4471792e-06	-1.2395995e-05
-4.4128782e-05	-6.8899748e-07	-8.2643875e-06	-1.2361736e-05
-4.4827886e-05	-5.9601156e-07	-8.0744755e-06	-1.2327936e-05
-4.5474054e-05	-5.0575655e-07	-7.8776558e-06	-1.2294605e-05
-4.6066550e-05	-4.1832291e-07	-7.6741486e-06	-1.2261756e-05
-4.6604701e-05	-3.3379739e-07	-7.4641813e-06	-1.2229400e-05
-4.7087903e-05	-2.5226285e-07	-7.2479887e-06	-1.2197548e-05
-4.7515618e-05	-1.7379832e-07	-7.0258123e-06	-1.2166211e-05
-4.7887375e-05	-9.8478827e-08	-6.7979002e-06	-1.2135400e-05
-4.8202771e-05	-2.6375431e-08	-6.5645071e-06	-1.2105125e-05
-4.8461474e-05	4.2444879e-08	-6.3258937e-06	-1.2075398e-05
-4.8663217e-05	1.0791920e-07	-6.0823268e-06	-1.2046227e-05
-4.8807806e-05	1.6998877e-07	-5.8340787e-06	-1.2017623e-05
-4.8895112e-05	2.2859897e-07	-5.5814273e-06	-1.1989593e-05
-4.8925079e-05	2.8369939e-07	-5.3246556e-06	-1.1962146e-05
-4.8897718e-05	3.3524383e-07	-5.0640513e-06	-1.1935288e-05
-4.8813110e-05	3.8319031e-07	-4.7999069e-06	-1.1909027e-05
-4.8671405e-05	4.2750109e-07	-4.5325192e-06	-1.1883368e-05
-4.8472821e-05	4.6814268e-07	-4.2621888e-06	-1.1858315e-05
-4.8217644e-05	5.0508585e-07	-3.9892202e-06	-1.1833872e-05
-4.7906229e-05	5.3830563e-07	-3.7139213e-06	-1.1810042e-05
-4.7538999e-05	5.6778126e-07	-3.4366029e-06	-1.1786826e-05
-4.7116441e-05	5.9349625e-07	-3.1575789e-06	-1.1764225e-05
-4.6639111e-05	6.1543833e-07	-2.8771655e-06	-1.1742237e-05
-4.6107628e-05	6.3359944e-07	-2.5956808e-06	-1.1720860e-05
-4.5522678e-05	6.4797568e-07	-2.3134450e-06	-1.1700090e-05
-4.4885008e-05	6.5856734e-07	-2.0307797e-06	-1.1679923e-05
-4.4195429e-05	6.6537885e-07	-1.7480075e-06	-1.1660353e-05
-4.3454814e-05	6.6841872e-07	-1.4654520e-06	-1.1641370e-05
-4.2664095e-05	6.6769956e-07	-1.1834368e-06	-1.1622968e-05
-4.1824265e-05	6.6323799e-07	-9.0228605e-07	-1.1605133e-05
-4.0936374e-05	6.5505465e-07	-6.2232324e-07	-1.1587856e-05
-4.0001529e-05	6.4317412e-07	-3.4387138e-07	-1.1571121e-05
-3.9020891e-05	6.2762489e-07	-6.7252393e-08	-1.1554913e-05
-3.7995677e-05	6.0843930e-07	2.0721316e-07	-1.1539217e-05
-3.6927155e-05	5.8565353e-07	4.7920651e-07	-1.1524014e-05
-3.5816645e-05	5.5930749e-07	7.4841099e-07	-1.1509284e-05
-3.4665513e-05	5.2944480e-07	1.0145125e-06	-1.1495007e-05
-3.3475176e-05	4.9611274e-07	1.2771997e-06	-1.1481159e-05
-3.2247095e-05	4.5936215e-07	1.5361646e-06	-1.1467717e-05
-3.0982776e-05	4.1924743e-07	1.7911028e-06	-1.1454656e-05
-2.9683764e-05	3.7582641e-07	2.0417140e-06	-1.1441949e-05
-2.8351648e-05	3.2916035e-07	2.2877021e-06	-1.1429569e-05
-2.6988053e-05	2.7931381e-07	2.5287759e-06	-1.1417486e-05
-2.5594640e-05	2.2635461e-07	2.7646493e-06	-1.1405669e-05
-2.4173106e-05	1.7035379e-07	2.9950416e-06	-1.1394089e-05
-2.2725179e-05	1.1138549e-07	3.2196781e-06	-1.1382711e-05
-2.1252616e-05	4.9526866e-08	3.4382901e-06	-1.1371504e-05
-1.9757204e-05	-1.5141921e-08	3.6506156e-06	-1.1360431e-05
-1.8240755e-05	-8.2537845e-08	3.8563996e-06	-1.1349459e-05
-1.6705105e-05	-1.5257507e-07	4.0553942e-06	-1.1338552e-05
-1.5152109e-05	-2.2516503e-07	4.2473592e-06	-1.1327672e-05
-1.3583644e-05	-3.0021653e-07	4.4320624e-06	-1.1316783e-05
-1.2001604e-05	-3.7763581e-07	4.6092798e-06	-1.1305848e-05
-1.0407895e-05	-4.5732664e-07	4.7787959e-06	-1.1294827e-05
-8.8044380e-06	-5.3919042e-07	4.9404042e-06	-1.1283683e-05
-7.1931627e-06	-6.2312625e-07	5.0939074e-06	-1.1272378e-05
-5.5760072e-06	-7.0903104e-07	5.2391178e-06	-1.1260872e-05
-3.9549146e-06	-7.9679960e-07	5.3758572e-06	-1.1249128e-05
-2.3318316e-06	-8.8632473e-07	5.5039578e-06	-1.1237106e-05
-7.0870545e-07	-9.7749733e-07	5.6232617e-06	-1.1224770e-05
9.1251802e-07	-1.0702065e-06	5.7336219e-06	-1.1212079e-05
2.5298967e-06	-1.1643396e-06	5.8349020e-06	-1.1198998e-05
4.1414946e-06	-1.2597824e-06	5.9269768e-06	-1.1185489e-05
5.7453841e-06	-1.3564192e-06	6.0097321e-06	-1.1171516e-05
7.3396483e-06	-1.4541329e-06	6.0830652e-06	-1.1157044e-05
8.9223831e-06	-1.5528050e-06	6.1468851e-06	-1.1142036e-05
1.0491700e-05	-1.6523162e-06	6.2011125e-06	-1.1126461e-05
1.2045727e-05	-1.7525456e-06	6.2456799e-06	-1.1110284e-05
1.3582612e-05	-1.8533718e-06	6.2805320e-06	-1.1093475e-05
1.5100527e-05	-1.9546724e-06	6.3056258e-06	-1.1076002e-05
1.6597664e-05	-2.0563244e-06	6.3209301e-06	-1.1057837e-05
1.8072243e-05	-2.1582039e-06	6.3264266e-06	-1.1038951e-05
1.9522514e-05	-2.2601869e-06	6.3221090e-06	-1.1019319e-05
2.0946755e-05	-2.3621490e-06	6.3079839e-06	-1.0998915e-05
2.2343275e-05	-2.4639654e-06	6.2840699e-06	-1.0977716e-05
2.3710422e-05	-2.5655112e-06	6.2503985e-06	-1.0955702e-05
2.5046576e-05	-2.6666619e-06	6.2070136e-06	-1.0932852e-05
2.6350156e-05	-2.7672928e-06	6.1539717e-06	-1.0909147e-05
2.7619622e-05	-2.8672797e-06	6.0913415e-06	-1.0884573e-05
2.8853476e-05	-2.9664986e-06	6.0192044e-06	-1.0859115e-05
3.0050261e-05	-3.0648264e-06	5.9376539e-06	-1.0832760e-05
3.1208570e-05	-3.1621404e-06	5.8467959e-06	-1.0805499e-05
3.2327037e-05	-3.2583190e-06	5.7467482e-06	-1.0777322e-05
3.3404350e-05	-3.3532413e-06	5.6376408e-06	-1.0748225e-05
3.4439244e-05	-3.4467878e-06	5.5196154e-06	-1.0718203e-05
3.5430505e-05	-3.5388401e-06	5.3928255e-06	-1.0687253e-05
3.6376975e-05	-3.6292810e-06	5.2574358e-06	-1.0655375e-05
3.7277548e-05	-3.7179953e-06	5.1136225e-06	-1.0622573e-05
3.8131173e-05	-3.8048689e-06	4.9615729e-06	-1.0588849e-05
3.8936858e-05	-3.8897901e-06	4.8014849e-06	-1.0554211e-05
3.9693669e-05	-3.9726486e-06	4.6335671e-06	-1.0518666e-05
4.0400728e-05	-4.0533365e-06	4.4580383e-06	-1.0482225e-05
4.1057221e-05	-4.1317481e-06	4.2751273e-06	-1.0444900e-05
4.1662393e-05	-4.2077799e-06	4.0850727e-06	-1.0406705e-05
4.2215552e-05	-4.2813311e-06	3.8881223e-06	-1.0367657e-05
4.2716067e-05	-4.3523033e-06	3.6845331e-06	-1.0327773e-05
4.3163372e-05	-4.4206010e-06	3.4745706e-06	-1.0287074e-05
4.3556965e-05	-4.4861316e-06	3.2585087e-06	-1.0245581e-05
4.3896409e-05	-4.5488054e-06	3.0366294e-06	-1.0203317e-05
4.4181331e-05	-4.6085360e-06	2.8092221e-06	-1.0160308e-05
4.4411425e-05	-4.6652401e-06	2.5765833e-06	-1.0116580e-05
4.4586451e-05	-4.7188380e-06	2.3390165e-06	-1.0072161e-05
4.4706234e-05	-4.7692533e-06	2.0968313e-06	-1.0027081e-05
4.4770667e-05	-4.8164134e-06	1.8503433e-06	-9.9813700e-06
4.4779709e-05	-4.8602492e-06	1.5998735e-06	-9.9350610e-06
4.4733385e-05	-4.9006957e-06	1.3457481e-06	-9.8881870e-06
4.4631787e-05	-4.9376918e-06	1.0882976e-06	-9.8407822e-06
4.4475075e-05	-4.9711803e-06	8.2785686e-07	-9.7928820e-06
4.4263472e-05	-5.0011083e-06	5.6476415e-07	-9.7445227e-06
4.3997270e-05	-5.0274271e-06	2.9936104e-07	-9.6957412e-06
4.3676826e-05	-5.0500922e-06	3.1991747e-08	-9.6465752e-06
4.3302561e-05	-5.0690638e-06	-2.3699729e-07	-9.5970630e-06
4.2874961e-05	-5.0843063e-06	-5.0725791e-07	-9.5472434e-06
4.2394576e-05	-5.0957887e-06	-7.7844072e-07	-9.4971555e-06
4.1862020e-05	-5.1034848e-06	-1.0501956e-06	-9.4468388e-06
4.1277970e-05	-5.1073729e-06	-1.3221720e-06	-9.3963329e-06
4.0643163e-05	-5.1074361e-06	-1.5940198e-06	-9.3456774e-06
3.9958399e-05	-5.1036622e-06	-1.8653894e-06	-9.2949122e-06
3.9224536e-05	-5.0960441e-06	-2.1359325e-06	-9.2440766e-06
3.8442492e-05	-5.0845791e-06	-2.4053023e-06	-9.1932102e-06
3.7613242e-05	-5.0692698e-06	-2.6731544e-06	-9.1423519e-06
3.6737819e-05	-5.0501235e-06	-2.9391465e-06	-9.0915403e-06
3.5817310e-05	-5.0271525e-06	-3.2029399e-06	-9.0408137e-06
3.4852855e-05	-5.0003738e-06	-3.4641990e-06	-8.9902095e-06
3.3845650e-05	-4.9698097e-06	-3.7225923e-06	-8.9397646e-06
3.2796938e-05	-4.9354871e-06	-3.9777928e-06	-8.8895151e-06
3.1708014e-05	-4.8974379e-06	-4.2294781e-06	-8.8394964e-06
3.0580221e-05	-4.8556989e-06	-4.4773313e-06	-8.7897428e-06
2.9414948e-05	-4.8103118e-06	-4.7210410e-06	-8.7402877e-06
2.8213629e-05	-4.7613230e-06	-4.9603019e-06	-8.6911635e-06
2.6977740e-05	-4.7087837e-06	-5.1948151e-06	-8.6424015e-06
2.5708798e-05	-4.6527498e-06	-5.4242888e-06	-8.5940316e-06
2.4408361e-05	-4.5932819e-06	-5.6484380e-06	-8.5460827e-06
2.3078024e-05	-4.5304451e-06	-5.8669857e-06	-8.4985825e-06
2.1719416e-05	-4.4643090e-06	-6.0796625e-06	-8.4515572e-06
2.0334201e-05	-4.3949478e-06	-6.2862073e-06	-8.4050316e-06
1.8924073e-05	-4.3224399e-06	-6.4863677e-06	-8.3590294e-06
1.7490757e-05	-4.2468678e-06	-6.6799001e-06	-8.3135725e-06
1.6036004e-05	-4.1683185e-06	-6.8665698e-06	-8.2686817e-06
1.4561590e-05	-4.0868827e-06	-7.0461519e-06	-8.2243760e-06
1.3069316e-05	-4.0026551e-06	-7.2184310e-06	-8.1806732e-06
1.1561002e-05	-3.9157343e-06	-7.3832014e-06	-8.1375895e-06
1.0038486e-05	-3.8262224e-06	-7.5402680e-06	-8.0951395e-06
8.5036229e-06	-3.7342251e-06	-7.6894457e-06	-8.0533365e-06
6.9582830e-06	-3.6398515e-06	-7.8305599e-06	-8.0121923e-06
5.4043467e-06	-3.5432139e-06	-7.9634470e-06	-7.9717169e-06
3.8437045e-06	-3.4444276e-06	-8.0879541e-06	-7.9319193e-06
2.2782538e-06	-3.3436109e-06	-8.2039393e-06	-7.8928067e-06
7.0989707e-07	-3.2408849e-06	-8.3112719e-06	-7.8543850e-06
-8.5946086e-07	-3.1363733e-06	-8.4098326e-06	-7.8166587e-06
-2.4279149e-06	-3.0302020e-06	-8.4995131e-06	-7.7796310e-06
-3.9935623e-06	-2.9224994e-06	-8.5802169e-06	-7.7433037e-06
-5.5545044e-06	-2.8133959e-06	-8.6518588e-06	-7.7076772e-06
-7.1088497e-06	-2.7030237e-06	-8.7143652e-06	-7.6727509e-06
-8.6547155e-06	-2.5915167e-06	-8.7676741e-06	-7.6385228e-06
-1.0190231e-05	-2.4790103e-06	-8.8117350e-06	-7.6049899e-06
-1.1713538e-05	-2.3656414e-06	-8.8465091e-06	-7.5721479e-06
-1.3222795e-05	-2.2515477e-06	-8.8719691e-06	-7.5399917e-06
-1.4716179e-05	-2.1368680e-06	-8.8880992e-06	-7.5085150e-06
-1.6191888e-05	-2.0217420e-06	-8.8948952e-06	-7.4777107e-06
-1.7648139e-05	-1.9063095e-06	-8.8923643e-06	-7.4475707e-06
-1.9083179e-05	-1.7907110e-06	-8.8805250e-06	-7.4180861e-06
-2.0495277e-05	-1.6750869e-06	-8.8594071e-06	-7.3892475e-06
-2.1882734e-05	-1.5595777e-06	-8.8290517e-06	-7.3610446e-06
-2.3243882e-05	-1.4443235e-06	-8.7895108e-06	-7.3334663e-06
-2.4577085e-05	-1.3294641e-06	-8.7408473e-06	-7.3065014e-06
-2.5880742e-05	-1.2151383e-06	-8.6831350e-06	-7.2801378e-06
-2.7153290e-05	-1.1014845e-06	-8.6164583e-06	-7.2543631e-06
-2.8393204e-05	-9.8863962e-07	-8.5409120e-06	-7.2291646e-06
-2.9599000e-05	-8.7673963e-07	-8.4566013e-06	-7.2045292e-06
-3.0769236e-05	-7.6591893e-07	-8.3636414e-06	-7.1804437e-06
-3.1902516e-05	-6.5631032e-07	-8.2621574e-06	-7.1568946e-06
-3.2997488e-05	-5.4804481e-07	-8.1522844e-06	-7.1338681e-06
-3.4052849e-05	-4.4125141e-07	-8.0341665e-06	-7.1113508e-06
-3.5067344e-05	-3.3605698e-07	-7.9079575e-06	-7.0893288e-06
-3.6039769e-05	-2.3258604e-07	-7.7738199e-06	-7.0677885e-06
-3.6968973e-05	-1.3096062e-07	-7.6319254e-06	-7.0467163e-06
-3.7853856e-05	-3.1300057e-08	-7.4824537e-06	-7.0260988e-06
-3.8693377e-05	6.6279101e-08	-7.3255932e-06	-7.0059228e-06
-3.9486546e-05	1.6166330e-07	-7.1615402e-06	-6.9861752e-06
-4.0232434e-05	2.5474212e-07	-6.9904987e-06	-6.9668433e-06
-4.0930168e-05	3.4540839e-07	-6.8126803e-06	-6.9479145e-06
-4.1578935e-05	4.3355837e-07	-6.6283037e-06	-6.9293768e-06
-4.2177984e-05	5.1909182e-07	-6.4375944e-06	-6.9112183e-06
-4.2726621e-05	6.0191220e-07	-6.2407848e-06	-6.8934277e-06
-4.3224218e-05	6.8192673e-07	-6.0381135e-06	-6.8759940e-06
-4.3670207e-05	7.5904653e-07	-5.8298250e-06	-6.8589065e-06
-4.4064084e-05	8.3318672e-07	-5.6161696e-06	-6.8421553e-06
-4.4405410e-05	9.0426651e-07	-5.3974032e-06	-6.8257305e-06
-4.4693809e-05	9.7220930e-07	-5.1737865e-06	-6.8096230e-06
-4.4928969e-05	1.0369428e-06	-4.9455852e-06	-6.7938240e-06
-4.5110644e-05	1.0983990e-06	-4.7130695e-06	-6.7783253e-06
-4.5238655e-05	1.1565144e-06	-4.4765136e-06	-6.7631189e-06
-4.5312884e-05	1.2112299e-06	-4.2361958e-06	-6.7481975e-06
-4.5333283e-05	1.2624911e-06	-3.9923977e-06	-6.7335542e-06
-4.5299867e-05	1.3102480e-06	-3.7454042e-06	-6.7191825e-06
-4.5212717e-05	1.3544553e-06	-3.4955033e-06	-6.7050761e-06
-4.5071980e-05	1.3950726e-06	-3.2429852e-06	-6.6912295e-06
-4.4877865e-05	1.4320638e-06	-2.9881427e-06	-6.6776373e-06
-4.4630650e-05	1.4653979e-06	-2.7312703e-06	-6.6642945e-06
-4.4330675e-05	1.4950484e-06	-2.4726643e-06	-6.6511964e-06
-4.3978343e-05	1.5209936e-06	-2.2126222e-06	-6.6383386e-06
-4.3574123e-05	1.5432167e-06	-1.9514426e-06	-6.6257170e-06
-4.3118542e-05	1.5617055e-06	-1.6894246e-06	-6.6133277e-06
-4.2612194e-05	1.5764525e-06	-1.4268678e-06	-6.6011668e-06
-4.2055731e-05	1.5874550e-06	-1.1640717e-06	-6.5892309e-06
-4.1449866e-05	1.5947150e-06	-9.0133583e-07	-6.5775164e-06
-4.0795372e-05	1.5982390e-06	-6.3895877e-07	-6.5660199e-06
-4.0093079e-05	1.5980383e-06	-3.7723843e-07	-6.5547380e-06
-3.9343874e-05	1.5941288e-06	-1.1647146e-07	-6.5436673e-06
-3.8548703e-05	1.5865307e-06	1.4304696e-07	-6.5328042e-06
-3.7708563e-05	1.5752688e-06	4.0102348e-07	-6.5221452e-06
-3.6824506e-05	1.5603724e-06	6.5716682e-07	-6.5116865e-06
-3.5897639e-05	1.5418749e-06	9.1118810e-07	-6.5014241e-06
-3.4929115e-05	1.5198143e-06	1.1628011e-06	-6.4913540e-06
-3.3920140e-05	1.4942324e-06	1.4117227e-06	-6.4814716e-06
-3.2871966e-05	1.4651756e-06	1.6576729e-06	-6.4717721e-06
-3.1785893e-05	1.4326938e-06	1.9003753e-06	-6.4622504e-06
-3.0663263e-05	1.3968413e-06	2.1395573e-06	-6.4529011e-06
-2.9505464e-05	1.3576759e-06	2.3749505e-06	-6.4437180e-06
-2.8313923e-05	1.3152593e-06	2.6062908e-06	-6.4346948e-06
-2.7090108e-05	1.2696570e-06	2.8333187e-06	-6.4258245e-06
-2.5835523e-05	1.2209377e-06	3.0557797e-06	-6.4170997e-06
-2.4551708e-05	1.1691738e-06	3.2734245e-06	-6.4085124e-06
-2.3240239e-05	1.1144410e-06	3.4860091e-06	-6.4000538e-06
-2.1902721e-05	1.0568181e-06	3.6932953e-06	-6.3917149e-06
-2.0540791e-05	9.9638702e-07	3.8950508e-06	-6.3834857e-06
-1.9156113e-05	9.3323280e-07	4.0910495e-06	-6.3753557e-06
-1.7750377e-05	8.6744319e-07	4.2810715e-06	-6.3673138e-06
-1.6325296e-05	7.9910873e-07	4.4649039e-06	-6.3593482e-06
-1.4882606e-05	7.2832258e-07	4.6423404e-06	-6.3514462e-06
-1.3424062e-05	6.5518036e-07	4.8131819e-06	-6.3435949e-06
-1.1951437e-05	5.7978009e-07	4.9772366e-06	-6.3357802e-06
-1.0466517e-05	5.0222198e-07	5.1343202e-06	-6.3279876e-06
-8.9711041e-06	4.2260838e-07	5.2842562e-06	-6.3202019e-06
-7.4670091e-06	3.4104359e-07	5.4268758e-06	-6.3124073e-06
-5.9560522e-06	2.5763377e-07	5.5620187e-06	-6.3045872e-06
-4.4400603e-06	1.7248679e-07	5.6895325e-06	-6.2967245e-06
-2.9208643e-06	8.5712094e-08	5.8092736e-06	-6.2888014e-06
-1.4002972e-06	-2.5794167e-09	5.9211068e-06	-6.2807996e-06
1.1980830e-07	-9.2275521e-08	6.0249059e-06	-6.2727001e-06
1.6376216e-06	-1.8326281e-07	6.1205535e-06	-6.2644837e-06
3.1513169e-06	-2.7542681e-07	6.2079415e-06	-6.2561304e-06
4.6590749e-06	-3.6865214e-07	6.2869710e-06	-6.2476199e-06
6.1590856e-06	-4.6282260e-07	6.3575525e-06	-6.2389315e-06
7.6495498e-06	-5.5782133e-07	6.4196059e-06	-6.2300440e-06
9.1286817e-06	-6.5353093e-07	6.4730608e-06	-6.2209361e-06
1.0594711e-05	-7.4983359e-07	6.5178567e-06	-6.2115862e-06
1.2045884e-05	-8.4661120e-07	6.5539427e-06	-6.2019724e-06
1.3480468e-05	-9.4374553e-07	6.5812779e-06	-6.1920728e-06
1.4896752e-05	-1.0411183e-06	6.5998316e-06	-6.1818651e-06
1.6293046e-05	-1.1386112e-06	6.6095828e-06	-6.1713274e-06
1.7667689e-05	-1.2361064e-06	6.6105208e-06	-6.1604375e-06
1.9019046e-05	-1.3334861e-06	6.6026453e-06	-6.1491735e-06
2.0345512e-05	-1.4306332e-06	6.5859659e-06	-6.1375135e-06
2.1645512e-05	-1.5274310e-06	6.5605025e-06	-6.1254360e-06
2.2917506e-05	-1.6237635e-06	6.5262853e-06	-6.1129196e-06
2.4159989e-05	-1.7195157e-06	6.4833549e-06	-6.0999434e-06
2.5371493e-05	-1.8145733e-06	6.4317618e-06	-6.0864870e-06
2.6550586e-05	-1.9088230e-06	6.3715670e-06	-6.0725303e-06
2.7695881e-05	-2.0021529e-06	6.3028416e-06	-6.0580538e-06
2.8806028e-05	-2.0944520e-06	6.2256670e-06	-6.0430388e-06
2.9879723e-05	-2.1856110e-06	6.1401344e-06	-6.0274672e-06
3.0915708e-05	-2.2755218e-06	6.0463453e-06	-6.0113215e-06
3.1912768e-05	-2.3640779e-06	5.9444111e-06	-5.9945854e-06
3.2869738e-05	-2.4511747e-06	5.8344529e-06	-5.9772431e-06
3.3785504e-05	-2.5367091e-06	5.7166018e-06	-5.9592800e-06
3.4658998e-05	-2.6205799e-06	5.5909984e-06	-5.9406825e-06
3.5489207e-05	-2.7026879e-06	5.4577928e-06	-5.9214380e-06
3.6275170e-05	-2.7829361e-06	5.3171444e-06	-5.9015350e-06
3.7015979e-05	-2.8612294e-06	5.1692220e-06	-5.8809633e-06
3.7710783e-05	-2.9374752e-06	5.0142034e-06	-5.8597138e-06
3.8358784e-05	-3.0115829e-06	4.8522752e-06	-5.8377787e-06
3.8959244e-05	-3.0834646e-06	4.6836326e-06	-5.8151516e-06
3.9511480e-05	-3.1530348e-06	4.5084794e-06	-5.7918275e-06
4.0014868e-05	-3.2202106e-06	4.3270277e-06	-5.7678026e-06
4.0468845e-05	-3.2849117e-06	4.1394974e-06	-5.7430746e-06
4.0872906e-05	-3.3470607e-06	3.9461165e-06	-5.7176428e-06
4.1226605e-05	-3.4065828e-06	3.7471203e-06	-5.6915079e-06
4.1529560e-05	-3.4634062e-06	3.5427514e-06	-5.6646720e-06
4.1781448e-05	-3.5174622e-06	3.3332594e-06	-5.6371388e-06
4.1982007e-05	-3.5686850e-06	3.1189007e-06	-5.6089136e-06
4.2131039e-05	-3.6170118e-06	2.8999380e-06	-5.5800031e-06
4.2228405e-05	-3.6623833e-06	2.6766401e-06	-5.5504157e-06
4.2274030e-05	-3.7047431e-06	2.4492818e-06	-5.5201613e-06
4.2267901e-05	-3.7440383e-06	2.2181430e-06	-5.4892512e-06
4.2210067e-05	-3.7802192e-06	1.9835090e-06	-5.4576984e-06
4.2100637e-05	-3.8132398e-06	1.7456697e-06	-5.4255173e-06
4.1939785e-05	-3.8430573e-06	1.5049196e-06	-5.3927239e-06
4.1727744e-05	-3.8696324e-06	1.2615572e-06	-5.3593355e-06
4.1464810e-05	-3.8929295e-06	1.0158845e-06	-5.3253710e-06
4.1151338e-05	-3.9129167e-06	7.6820707e-07	-5.2908506e-06
4.0787744e-05	-3.9295655e-06	5.1883328e-07	-5.2557961e-06
4.0374504e-05	-3.9428513e-06	2.6807404e-07	-5.2202302e-06
3.9912154e-05	-3.9527532e-06	1.6242425e-08	-5.1841774e-06
3.9401286e-05	-3.9592539e-06	-2.3634676e-07	-5.1476630e-06
3.8842553e-05	-3.9623401e-06	-4.8937737e-07	-5.1107137e-06
3.8236662e-05	-3.9620021e-06	-7.4253234e-07	-5.0733573e-06
3.7584378e-05	-3.9582344e-06	-9.9549409e-07	-5.0356227e-06
3.6886520e-05	-3.9510350e-06	-1.2479449e-06	-4.9975397e-06
3.6143962e-05	-3.9404059e-06	-1.4995675e-06	-4.9591391e-06
3.5357631e-05	-3.9263531e-06	-1.7500453e-06	-4.9204526e-06
3.4528504e-05	-3.9088864e-06	-1.9990626e-06	-4.8815126e-06
3.3657612e-05	-3.8880195e-06	-2.2463058e-06	-4.8423523e-06
3.2746032e-05	-3.8637701e-06	-2.4914628e-06	-4.8030056e-06
3.1794891e-05	-3.8361597e-06	-2.7342241e-06	-4.7635069e-06
3.0805363e-05	-3.8052137e-06	-2.9742832e-06	-4.7238910e-06
2.9778667e-05	-3.7709614e-06	-3.2113367e-06	-4.6841932e-06
2.8716065e-05	-3.7334362e-06	-3.4450846e-06	-4.6444491e-06
2.7618862e-05	-3.6926749e-06	-3.6752313e-06	-4.6046946e-06
2.6488403e-05	-3.6487186e-06	-3.9014857e-06	-4.5649657e-06
2.5326075e-05	-3.6016118e-06	-4.1235611e-06	-4.5252985e-06
2.4133298e-05	-3.5514031e-06	-4.3411765e-06	-4.4857289e-06
2.2911531e-05	-3.4981447e-06	-4.5540564e-06	-4.4462930e-06
2.1662266e-05	-3.4418923e-06	-4.7619311e-06	-4.4070265e-06
2.0387026e-05	-3.3827056e-06	-4.9645375e-06	-4.3679649e-06
1.9087367e-05	-3.3206476e-06	-5.1616191e-06	-4.3291434e-06
1.7764871e-05	-3.2557850e-06	-5.3529265e-06	-4.2905965e-06
1.6421147e-05	-3.1881880e-06	-5.5382178e-06	-4.2523587e-06
1.5057830e-05	-3.1179299e-06	-5.7172588e-06	-4.2144633e-06
1.3676575e-05	-3.0450878e-06	-5.8898232e-06	-4.1769433e-06
1.2279061e-05	-2.9697417e-06	-6.0556933e-06	-4.1398309e-06
1.0866983e-05	-2.8919750e-06	-6.2146599e-06	-4.1031574e-06
9.4420533e-06	-2.8118741e-06	-6.3665229e-06	-4.0669532e-06
8.0059996e-06	-2.7295285e-06	-6.5110914e-06	-4.0312479e-06
6.5605610e-06	-2.6450304e-06	-6.6481838e-06	-3.9960700e-06
5.1074875e-06	-2.5584752e-06	-6.7776285e-06	-3.9614467e-06
3.6485370e-06	-2.4699606e-06	-6.8992635e-06	-3.9274043e-06
2.1854738e-06	-2.3795872e-06	-7.0129373e-06	-3.8939679e-06
7.2006618e-07	-2.2874581e-06	-7.1185087e-06	-3.8611612e-06
-7.4591572e-07	-2.1936786e-06	-7.2158468e-06	-3.8290068e-06
-2.2107020e-06	-2.0983564e-06	-7.3048317e-06	-3.7975258e-06
-3.6725250e-06	-2.0016013e-06	-7.3853542e-06	-3.7667380e-06
-5.1296218e-06	-1.9035252e-06	-7.4573163e-06	-3.7366617e-06
-6.5802357e-06	-1.8042418e-06	-7.5206309e-06	-3.7073139e-06
-8.0226191e-06	-1.7038666e-06	-7.5752223e-06	-3.6787101e-06
-9.4550350e-06	-1.6025166e-06	-7.6210261e-06	-3.6508641e-06
-1.0875759e-05	-1.5003104e-06	-7.6579892e-06	-3.6237885e-06
-1.2283083e-05	-1.3973679e-06	-7.6860700e-06	-3.5974943e-06
-1.3675314e-05	-1.2938102e-06	-7.7052385e-06	-3.5719907e-06
-1.5050779e-05	-1.1897594e-06	-7.7154760e-06	-3.5472857e-06
-1.6407826e-05	-1.0853383e-06	-7.7167755e-06	-3.5233855e-06
-1.7744827e-05	-9.8067083e-07	-7.7091414e-06	-3.5002951e-06
-1.9060178e-05	-8.7588111e-07	-7.6925896e-06	-3.4780177e-06
-2.0352301e-05	-7.7109384e-07	-7.6671475e-06	-3.4565550e-06
-2.1619649e-05	-6.6643392e-07	-7.6328536e-06	-3.4359073e-06
-2.2860704e-05	-5.6202634e-07	-7.5897582e-06	-3.4160734e-06
-2.4073981e-05	-4.5799600e-07	-7.5379222e-06	-3.3970507e-06
-2.5258031e-05	-3.5446757e-07	-7.4774180e-06	-3.3788350e-06
-2.6411437e-05	-2.5156529e-07	-7.4083288e-06	-3.3614209e-06
-2.7532825e-05	-1.4941283e-07	-7.3307488e-06	-3.3448016e-06
-2.8620856e-05	-4.8133114e-08	-7.2447825e-06	-3.3289690e-06
-2.9674233e-05	5.2151839e-08	-7.1505452e-06	-3.3139135e-06
-3.0691704e-05	1.5132108e-07	-7.0481626e-06	-3.2996246e-06
-3.1672059e-05	2.4925492e-07	-6.9377702e-06	-3.2860905e-06
-3.2614133e-05	3.4583504e-07	-6.8195136e-06	-3.2732981e-06
-3.3516809e-05	4.4094472e-07	-6.6935480e-06	-3.2612334e-06
-3.4379018e-05	5.3446893e-07	-6.5600382e-06	-3.2498813e-06
-3.5199741e-05	6.2629456e-07	-6.4191581e-06	-3.2392258e-06
-3.5978008e-05	7.1631051e-07	-6.2710904e-06	-3.2292499e-06
-3.6712904e-05	8.0440791e-07	-6.1160268e-06	-3.2199359e-06
-3.7403565e-05	8.9048021e-07	-5.9541671e-06	-3.2112650e-06
-3.8049180e-05	9.7442338e-07	-5.7857193e-06	-3.2032179e-06
-3.8648995e-05	1.0561360e-06	-5.6108991e-06	-3.1957747e-06
-3.9202310e-05	1.1355195e-06	-5.4299299e-06	-3.1889147e-06
-3.9708485e-05	1.2124782e-06	-5.2430421e-06	-3.1826168e-06
-4.0166934e-05	1.2869195e-06	-5.0504730e-06	-3.1768593e-06
-4.0577130e-05	1.3587539e-06	-4.8524662e-06	-3.1716201e-06
-4.0938607e-05	1.4278953e-06	-4.6492719e-06	-3.1668770e-06
-4.1250955e-05	1.4942611e-06	-4.4411457e-06	-3.1626071e-06
-4.1513826e-05	1.5577722e-06	-4.2283488e-06	-3.1587877e-06
-4.1726931e-05	1.6183531e-06	-4.0111477e-06	-3.1553955e-06
-4.1890044e-05	1.6759322e-06	-3.7898133e-06	-3.1524074e-06
-4.2002996e-05	1.7304418e-06	-3.5646212e-06	-3.1498003e-06
-4.2065681e-05	1.7818179e-06	-3.3358507e-06	-3.1475508e-06
-4.2078055e-05	1.8300009e-06	-3.1037851e-06	-3.1456359e-06
-4.2040133e-05	1.8749353e-06	-2.8687107e-06	-3.1440325e-06
-4.1951993e-05	1.9165695e-06	-2.6309168e-06	-3.1427177e-06
-4.1813772e-05	1.9548567e-06	-2.3906950e-06	-3.1416689e-06
-4.1625669e-05	1.9897540e-06	-2.1483395e-06	-3.1408638e-06
-4.1387943e-05	2.0212233e-06	-1.9041458e-06	-3.1402803e-06
-4.1100913e-05	2.0492307e-06	-1.6584110e-06	-3.1398966e-06
-4.0764958e-05	2.0737470e-06	-1.4114332e-06	-3.1396916e-06
-4.0380516e-05	2.0947474e-06	-1.1635112e-06	-3.1396443e-06
-3.9948084e-05	2.1122119e-06	-9.1494379e-07	-3.1397342e-06
-3.9468217e-05	2.1261248e-06	-6.6602998e-07	-3.1399416e-06
-3.8941525e-05	2.1364753e-06	-4.1706815e-07	-3.1402470e-06
-3.8368677e-05	2.1432573e-06	-1.6835588e-07	-3.1406315e-06
-3.7750398e-05	2.1464691e-06	7.9810429e-08	-3.1410769e-06
-3.7087466e-05	2.1461137e-06	3.2713594e-07	-3.1415655e-06
-3.6380713e-05	2.1421988e-06	5.7332768e-07	-3.1420802e-06
-3.5631025e-05	2.1347368e-06	8.1809493e-07	-3.1426045e-06
-3.4839338e-05	2.1237446e-06	1.0611495e-06	-3.1431226e-06
-3.4006638e-05	2.1092436e-06	1.3022063e-06	-3.1436193e-06
-3.3133963e-05	2.0912597e-06	1.5409831e-06	-3.1440800e-06
-3.2222396e-05	2.0698236e-06	1.7772015e-06	-3.1444908e-06
-3.1273068e-05	2.0449700e-06	2.0105869e-06	-3.1448383e-06
-3.0287154e-05	2.0167382e-06	2.2408690e-06	-3.1451098e-06
-2.9265874e-05	1.9851718e-06	2.4677816e-06	-3.1452934e-06
-2.8210488e-05	1.9503186e-06	2.6910637e-06	-3.1453776e-06
-2.7122299e-05	1.9122307e-06	2.9104590e-06	-3.1453514e-06
-2.6002648e-05	1.8709640e-06	3.1257167e-06	-3.1452048e-06
-2.4852912e-05	1.8265786e-06	3.3365914e-06	-3.1449278e-06
-2.3674505e-05	1.7791386e-06	3.5428439e-06	-3.1445115e-06
-2.2468875e-05	1.7287115e-06	3.7442407e-06	-3.1439472e-06
-2.1237500e-05	1.6753690e-06	3.9405547e-06	-3.1432268e-06
-1.9981890e-05	1.6191861e-06	4.1315657e-06	-3.1423426e-06
-1.8703582e-05	1.5602412e-06	4.3170598e-06	-3.1412875e-06
-1.7404141e-05	1.4986164e-06	4.4968304e-06	-3.1400547e-06
-1.6085156e-05	1.4343967e-06	4.6706780e-06	-3.1386379e-06
-1.4748237e-05	1.3676704e-06	4.8384105e-06	-3.1370311e-06
-1.3395016e-05	1.2985288e-06	4.9998434e-06	-3.1352286e-06
-1.2027143e-05	1.2270659e-06	5.1548000e-06	-3.1332252e-06
-1.0646284e-05	1.1533785e-06	5.3031114e-06	-3.1310157e-06
-9.2541213e-06	1.0775660e-06	5.4446170e-06	-3.1285955e-06
-7.8523470e-06	9.9973017e-07	5.5791641e-06	-3.1259599e-06
-6.4426650e-06	9.1997519e-07	5.7066086e-06	-3.1231046e-06
-5.0267871e-06	8.3840726e-07	5.8268148e-06	-3.1200253e-06
-3.6064312e-06	7.5513460e-07	5.9396557e-06	-3.1167180e-06
-2.1833192e-06	6.7026727e-07	6.0450131e-06	-3.1131788e-06
-7.5917488e-07	5.8391703e-07	6.1427772e-06	-3.1094036e-06
6.6427823e-07	4.9619716e-07	6.2328476e-06	-3.1053886e-06
2.0853189e-06	4.0722231e-07	6.3151327e-06	-3.1011301e-06
3.5022301e-06	3.1710837e-07	6.3895498e-06	-3.0966242e-06
4.9133017e-06	2.2597227e-07	6.4560256e-06	-3.0918671e-06
6.3168317e-06	1.3393188e-07	6.5144959e-06	-3.0868548e-06
7.7111291e-06	4.1105779e-08	6.5649056e-06	-3.0815834e-06
9.0945152e-06	-5.2386827e-08	6.6072089e-06	-3.0760489e-06
1.0465326e-05	-1.4642631e-07	6.6413695e-06	-3.0702471e-06
1.1821916e-05	-2.4089276e-07	6.6673600e-06	-3.0641738e-06
1.3162654e-05	-3.3566612e-07	6.6851626e-06	-3.0578246e-06
1.4485935e-05	-4.3062640e-07	6.6947687e-06	-3.0511950e-06
1.5790173e-05	-5.2565374e-07	6.6961791e-06	-3.0442804e-06
1.7073807e-05	-6.2062864e-07	6.6894037e-06	-3.0370760e-06
1.8335303e-05	-7.1543207e-07	6.6744618e-06	-3.0295769e-06
1.9573155e-05	-8.0994562e-07	6.6513818e-06	-3.0217780e-06
2.0785887e-05	-9.0405165e-07	6.6202013e-06	-3.0136741e-06
2.1972055e-05	-9.9763343e-07	6.5809670e-06	-3.0052598e-06
2.3130249e-05	-1.0905753e-06	6.5337346e-06	-2.9965297e-06
2.4259092e-05	-1.1827628e-06	6.4785690e-06	-2.9874781e-06
2.5357246e-05	-1.2740826e-06	6.4155436e-06	-2.9780993e-06
2.6423411e-05	-1.3644232e-06	6.3447410e-06	-2.9683876e-06
2.7456327e-05	-1.4536744e-06	6.2662523e-06	-2.9583370e-06
2.8454773e-05	-1.5417278e-06	6.1801772e-06	-2.9479415e-06
2.9417575e-05	-1.6284767e-06	6.0866240e-06	-2.9371952e-06
3.0343601e-05	-1.7138166e-06	5.9857093e-06	-2.9260920e-06
3.1231763e-05	-1.7976448e-06	5.8775580e-06	-2.9146260e-06
3.2081022e-05	-1.8798610e-06	5.7623031e-06	-2.9027911e-06
3.2890387e-05	-1.9603670e-06	5.6400855e-06	-2.8905814e-06
3.3658915e-05	-2.0390672e-06	5.5110541e-06	-2.8779912e-06
3.4385715e-05	-2.1158682e-06	5.3753652e-06	-2.8650146e-06
3.5069945e-05	-2.1906794e-06	5.2331828e-06	-2.8516461e-06
3.5710817e-05	-2.2634128e-06	5.0846782e-06	-2.8378803e-06
3.6307595e-05	-2.3339832e-06	4.9300299e-06	-2.8237122e-06
3.6859597e-05	-2.4023082e-06	4.7694231e-06	-2.8091367e-06
3.7366198e-05	-2.4683084e-06	4.6030500e-06	-2.7941493e-06
3.7826825e-05	-2.5319072e-06	4.4311093e-06	-2.7787457e-06
3.8240962e-05	-2.5930313e-06	4.2538061e-06	-2.7629219e-06
3.8608153e-05	-2.6516105e-06	4.0713516e-06	-2.7466745e-06
3.8927993e-05	-2.7075778e-06	3.8839628e-06	-2.7300004e-06
3.9200140e-05	-2.7608693e-06	3.6918625e-06	-2.7128970e-06
3.9424308e-05	-2.8114246e-06	3.4952790e-06	-2.6953622e-06
3.9600267e-05	-2.8591866e-06	3.2944458e-06	-2.6773944e-06
3.9727848e-05	-2.9041017e-06	3.0896013e-06	-2.6589926e-06
3.9806941e-05	-2.9461197e-06	2.8809885e-06	-2.6401567e-06
3.9837491e-05	-2.9851937e-06	2.6688551e-06	-2.6208868e-06
3.9819506e-05	-3.0212807e-06	2.4534529e-06	-2.6011840e-06
3.9753049e-05	-3.0543411e-06	2.2350376e-06	-2.5810499e-06
3.9638243e-05	-3.0843388e-06	2.0138684e-06	-2.5604871e-06
3.9475269e-05	-3.1112413e-06	1.7902081e-06	-2.5394987e-06
3.9264366e-05	-3.1350200e-06	1.5643225e-06	-2.5180888e-06
3.9005830e-05	-3.1556496e-06	1.3364801e-06	-2.4962622e-06
3.8700013e-05	-3.1731087e-06	1.1069520e-06	-2.4740246e-06
3.8347327e-05	-3.1873796e-06	8.7601139e-07	-2.4513825e-06
3.7948237e-05	-3.1984479e-06	6.4393347e-07	-2.4283434e-06
3.7503264e-05	-3.2063033e-06	4.1099495e-07	-2.4049157e-06
3.7012984e-05	-3.2109390e-06	1.7747382e-07	-2.3811084e-06
3.6478029e-05	-3.2123518e-06	-5.6350944e-08	-2.3569318e-06
3.5899080e-05	-3.2105422e-06	-2.9019974e-07	-2.3323969e-06
3.5276874e-05	-3.2055144e-06	-5.2379263e-07	-2.3075157e-06
3.4612197e-05	-3.1972761e-06	-7.5684967e-07	-2.2823010e-06
3.3905888e-05	-3.1858388e-06	-9.8909122e-07	-2.2567668e-06
3.3158832e-05	-3.1712173e-06	-1.2202383e-06	-2.2309277e-06
3.2371965e-05	-3.1534301e-06	-1.4500129e-06	-2.2047994e-06
3.1546269e-05	-3.1324993e-06	-1.6781382e-06	-2.1783984e-06
3.0682770e-05	-3.1084504e-06	-1.9043391e-06	-2.1517421e-06
2.9782543e-05	-3.0813123e-06	-2.1283425e-06	-2.1248489e-06
