   1.0000000e+00   0.0000000e+00   0.0000000e+00   1.0000000e+00
   9.9959585e-01   6.2459858e-05   6.2460365e-05   9.9985798e-01
   9.9841502e-01   2.4474744e-04   2.4475149e-04   9.9944227e-01
   9.9650323e-01   5.3949857e-04   5.3951230e-04   9.9876784e-01
   9.9390406e-01   9.3970060e-04   9.3973319e-04   9.9784895e-01
   9.9065897e-01   1.4386760e-03   1.4387397e-03   9.9669918e-01
   9.8680749e-01   2.0300666e-03   2.0301768e-03   9.9533148e-01
   9.8238724e-01   2.7078192e-03   2.7079942e-03   9.9375817e-01
   9.7743405e-01   3.4661708e-03   3.4664321e-03   9.9199100e-01
   9.7198205e-01   4.2996357e-03   4.3000076e-03   9.9004115e-01
   9.6606372e-01   5.2029923e-03   5.2035021e-03   9.8791927e-01
   9.5970999e-01   6.1712710e-03   6.1719489e-03   9.8563551e-01
   9.5295030e-01   7.1997425e-03   7.2006216e-03   9.8319952e-01
   9.4581267e-01   8.2839069e-03   8.2850228e-03   9.8062050e-01
   9.3832377e-01   9.4194829e-03   9.4208741e-03   9.7790720e-01
   9.3050898e-01   1.0602398e-02   1.0604105e-02   9.7506796e-01
   9.2239246e-01   1.1828778e-02   1.1830845e-02   9.7211071e-01
   9.1399718e-01   1.3094940e-02   1.3097412e-02   9.6904299e-01
   9.0534499e-01   1.4397380e-02   1.4400306e-02   9.6587198e-01
   8.9645667e-01   1.5732770e-02   1.5736200e-02   9.6260452e-01
   8.8735200e-01   1.7097944e-02   1.7101931e-02   9.5924711e-01
   8.7804975e-01   1.8489895e-02   1.8494493e-02   9.5580591e-01
   8.6856780e-01   1.9905766e-02   1.9911032e-02   9.5228682e-01
   8.5892310e-01   2.1342844e-02   2.1348836e-02   9.4869541e-01
   8.4913179e-01   2.2798551e-02   2.2805330e-02   9.4503699e-01
   8.3920918e-01   2.4270442e-02   2.4278068e-02   9.4131660e-01
   8.2916982e-01   2.5756196e-02   2.5764732e-02   9.3753904e-01
   8.1902751e-01   2.7253610e-02   2.7263121e-02   9.3370886e-01
   8.0879535e-01   2.8760596e-02   2.8771147e-02   9.2983037e-01
   7.9848577e-01   3.0275175e-02   3.0286832e-02   9.2590767e-01
   7.8811057e-01   3.1795469e-02   3.1808301e-02   9.2194466e-01
   7.7768091e-01   3.3319702e-02   3.3333776e-02   9.1794503e-01
   7.6720739e-01   3.4846192e-02   3.4861578e-02   9.1391227e-01
   7.5670003e-01   3.6373346e-02   3.6390113e-02   9.0984969e-01
   7.4616833e-01   3.7899658e-02   3.7917877e-02   9.0576044e-01
   7.3562129e-01   3.9423706e-02   3.9443446e-02   9.0164750e-01
   7.2506738e-01   4.0944143e-02   4.0965477e-02   8.9751367e-01
   7.1451465e-01   4.2459701e-02   4.2482699e-02   8.9336161e-01
   7.0397069e-01   4.3969183e-02   4.3993915e-02   8.8919385e-01
   6.9344265e-01   4.5471458e-02   4.5497997e-02   8.8501277e-01
   6.8293730e-01   4.6965465e-02   4.6993880e-02   8.8082060e-01
   6.7246099e-01   4.8450201e-02   4.8480563e-02   8.7661946e-01
   6.6201973e-01   4.9924727e-02   4.9957106e-02   8.7241136e-01
   6.5161916e-01   5.1388159e-02   5.1422625e-02   8.6819818e-01
   6.4126457e-01   5.2839668e-02   5.2876289e-02   8.6398169e-01
   6.3096096e-01   5.4278478e-02   5.4317322e-02   8.5976355e-01
   6.2071299e-01   5.5703861e-02   5.5744996e-02   8.5554533e-01
   6.1052504e-01   5.7115140e-02   5.7158632e-02   8.5132851e-01
   6.0040120e-01   5.8511680e-02   5.8557594e-02   8.4711446e-01
   5.9034530e-01   5.9892893e-02   5.9941294e-02   8.4290447e-01
   5.8036089e-01   6.1258230e-02   6.1309180e-02   8.3869975e-01
   5.7045129e-01   6.2607184e-02   6.2660745e-02   8.3450142e-01
   5.6061960e-01   6.3939283e-02   6.3995516e-02   8.3031055e-01
   5.5086867e-01   6.5254096e-02   6.5313059e-02   8.2612811e-01
   5.4120114e-01   6.6551221e-02   6.6612972e-02   8.2195500e-01
   5.3161945e-01   6.7830295e-02   6.7894889e-02   8.1779208e-01
   5.2212584e-01   6.9090983e-02   6.9158473e-02   8.1364012e-01
   5.1272237e-01   7.0332980e-02   7.0403420e-02   8.0949985e-01
   5.0341091e-01   7.1556013e-02   7.1629452e-02   8.0537192e-01
   4.9419318e-01   7.2759834e-02   7.2836321e-02   8.0125696e-01
   4.8507070e-01   7.3944222e-02   7.4023803e-02   7.9715550e-01
   4.7604488e-01   7.5108982e-02   7.5191701e-02   7.9306807e-01
   4.6711694e-01   7.6253942e-02   7.6339843e-02   7.8899512e-01
   4.5828798e-01   7.7378954e-02   7.7468075e-02   7.8493707e-01
   4.4955897e-01   7.8483890e-02   7.8576271e-02   7.8089429e-01
   4.4093073e-01   7.9568647e-02   7.9664322e-02   7.7686711e-01
   4.3240398e-01   8.0633136e-02   8.0732140e-02   7.7285584e-01
   4.2397931e-01   8.1677293e-02   8.1779656e-02   7.6886071e-01
   4.1565720e-01   8.2701067e-02   8.2806819e-02   7.6488196e-01
   4.0743803e-01   8.3704428e-02   8.3813594e-02   7.6091978e-01
   3.9932206e-01   8.4687361e-02   8.4799966e-02   7.5697431e-01
   3.9130947e-01   8.5649866e-02   8.5765931e-02   7.5304570e-01
   3.8340036e-01   8.6591960e-02   8.6711503e-02   7.4913405e-01
   3.7559472e-01   8.7513671e-02   8.7636710e-02   7.4523941e-01
   3.6789246e-01   8.8415043e-02   8.8541591e-02   7.4136185e-01
   3.6029342e-01   8.9296132e-02   8.9426201e-02   7.3750139e-01
   3.5279736e-01   9.0157007e-02   9.0290606e-02   7.3365802e-01
   3.4540398e-01   9.0997746e-02   9.1134882e-02   7.2983173e-01
   3.3811289e-01   9.1818442e-02   9.1959117e-02   7.2602249e-01
   3.3092367e-01   9.2619195e-02   9.2763411e-02   7.2223022e-01
   3.2383581e-01   9.3400116e-02   9.3547872e-02   7.1845486e-01
   3.1684875e-01   9.4161325e-02   9.4312616e-02   7.1469632e-01
   3.0996189e-01   9.4902951e-02   9.5057771e-02   7.1095448e-01
   3.0317457e-01   9.5625132e-02   9.5783472e-02   7.0722922e-01
   2.9648608e-01   9.6328012e-02   9.6489860e-02   7.0352042e-01
   2.8989566e-01   9.7011745e-02   9.7177087e-02   6.9982791e-01
   2.8340252e-01   9.7676489e-02   9.7845308e-02   6.9615155e-01
   2.7700583e-01   9.8322410e-02   9.8494687e-02   6.9249115e-01
   2.7070472e-01   9.8949681e-02   9.9125393e-02   6.8884654e-01
   2.6449828e-01   9.9558479e-02   9.9737603e-02   6.8521753e-01
   2.5838558e-01   1.0014899e-01   1.0033150e-01   6.8160392e-01
   2.5236564e-01   1.0072139e-01   1.0090726e-01   6.7800550e-01
   2.4643748e-01   1.0127589e-01   1.0146508e-01   6.7442206e-01
   2.4060007e-01   1.0181267e-01   1.0200515e-01   6.7085338e-01
   2.3485237e-01   1.0233194e-01   1.0252768e-01   6.6729924e-01
   2.2919332e-01   1.0283391e-01   1.0303285e-01   6.6375940e-01
   2.2362182e-01   1.0331877e-01   1.0352089e-01   6.6023364e-01
   2.1813677e-01   1.0378675e-01   1.0399200e-01   6.5672170e-01
   2.1273706e-01   1.0423805e-01   1.0444638e-01   6.5322336e-01
   2.0742155e-01   1.0467289e-01   1.0488426e-01   6.4973836e-01
   2.0218909e-01   1.0509149e-01   1.0530585e-01   6.4626646e-01
   1.9703852e-01   1.0549407e-01   1.0571136e-01   6.4280741e-01
   1.9196868e-01   1.0588084e-01   1.0610102e-01   6.3936096e-01
   1.8697839e-01   1.0625204e-01   1.0647504e-01   6.3592686e-01
   1.8206647e-01   1.0660789e-01   1.0683366e-01   6.3250485e-01
   1.7723171e-01   1.0694862e-01   1.0717709e-01   6.2909469e-01
   1.7247294e-01   1.0727444e-01   1.0750556e-01   6.2569612e-01
   1.6778895e-01   1.0758559e-01   1.0781929e-01   6.2230890e-01
   1.6317854e-01   1.0788229e-01   1.0811852e-01   6.1893277e-01
   1.5864052e-01   1.0816478e-01   1.0840345e-01   6.1556748e-01
   1.5417367e-01   1.0843328e-01   1.0867433e-01   6.1221279e-01
   1.4977680e-01   1.0868801e-01   1.0893138e-01   6.0886846e-01
   1.4544872e-01   1.0892921e-01   1.0917482e-01   6.0553424e-01
   1.4118823e-01   1.0915710e-01   1.0940488e-01   6.0220990e-01
   1.3699414e-01   1.0937191e-01   1.0962178e-01   5.9889519e-01
   1.3286526e-01   1.0957387e-01   1.0982575e-01   5.9558988e-01
   1.2880041e-01   1.0976319e-01   1.1001701e-01   5.9229374e-01
   1.2479843e-01   1.0994011e-01   1.1019579e-01   5.8900655e-01
   1.2085814e-01   1.1010484e-01   1.1036230e-01   5.8572808e-01
   1.1697840e-01   1.1025760e-01   1.1051677e-01   5.8245812e-01
   1.1315804e-01   1.1039863e-01   1.1065941e-01   5.7919644e-01
   1.0939593e-01   1.1052813e-01   1.1079045e-01   5.7594284e-01
   1.0569095e-01   1.1064632e-01   1.1091009e-01   5.7269712e-01
   1.0204197e-01   1.1075341e-01   1.1101856e-01   5.6945906e-01
   9.8447893e-02   1.1084963e-01   1.1111606e-01   5.6622847e-01
   9.4907614e-02   1.1093518e-01   1.1120280e-01   5.6300517e-01
   9.1420056e-02   1.1101027e-01   1.1127900e-01   5.5978896e-01
   8.7984148e-02   1.1107510e-01   1.1134486e-01   5.5657966e-01
   8.4598833e-02   1.1112989e-01   1.1140059e-01   5.5337710e-01
   8.1263069e-02   1.1117484e-01   1.1144638e-01   5.5018111e-01
   7.7975828e-02   1.1121015e-01   1.1148244e-01   5.4699151e-01
   7.4736095e-02   1.1123601e-01   1.1150897e-01   5.4380816e-01
   7.1542872e-02   1.1125262e-01   1.1152616e-01   5.4063089e-01
   6.8395174e-02   1.1126018e-01   1.1153421e-01   5.3745955e-01
   6.5292034e-02   1.1125887e-01   1.1153330e-01   5.3429400e-01
   6.2232500e-02   1.1124889e-01   1.1152363e-01   5.3113411e-01
   5.9215634e-02   1.1123041e-01   1.1150537e-01   5.2797975e-01
   5.6240518e-02   1.1120363e-01   1.1147872e-01   5.2483077e-01
   5.3306248e-02   1.1116872e-01   1.1144385e-01   5.2168708e-01
   5.0411937e-02   1.1112586e-01   1.1140094e-01   5.1854854e-01
   4.7556717e-02   1.1107523e-01   1.1135017e-01   5.1541505e-01
   4.4739734e-02   1.1101699e-01   1.1129170e-01   5.1228652e-01
   4.1960153e-02   1.1095132e-01   1.1122571e-01   5.0916283e-01
   3.9217157e-02   1.1087838e-01   1.1115236e-01   5.0604391e-01
   3.6509946e-02   1.1079833e-01   1.1107182e-01   5.0292966e-01
   3.3837737e-02   1.1071134e-01   1.1098424e-01   4.9982000e-01
   3.1199764e-02   1.1061756e-01   1.1088979e-01   4.9671487e-01
   2.8595281e-02   1.1051715e-01   1.1078862e-01   4.9361418e-01
   2.6023558e-02   1.1041025e-01   1.1068088e-01   4.9051788e-01
   2.3483884e-02   1.1029702e-01   1.1056671e-01   4.8742592e-01
   2.0975563e-02   1.1017760e-01   1.1044628e-01   4.8433823e-01
   1.8497920e-02   1.1005213e-01   1.1031971e-01   4.8125478e-01
   1.6050297e-02   1.0992076e-01   1.1018715e-01   4.7817551e-01
   1.3632052e-02   1.0978361e-01   1.1004874e-01   4.7510040e-01
   1.1242561e-02   1.0964082e-01   1.0990460e-01   4.7202942e-01
   8.8812203e-03   1.0949253e-01   1.0975488e-01   4.6896254e-01
   6.5474402e-03   1.0933886e-01   1.0959970e-01   4.6589974e-01
   4.2406503e-03   1.0917993e-01   1.0943919e-01   4.6284101e-01
   1.9602969e-03   1.0901587e-01   1.0927346e-01   4.5978633e-01
  -2.9415658e-04   1.0884679e-01   1.0910264e-01   4.5673571e-01
  -2.5232294e-03   1.0867281e-01   1.0892684e-01   4.5368914e-01
  -4.7274242e-03   1.0849405e-01   1.0874619e-01   4.5064662e-01
  -6.9072268e-03   1.0831060e-01   1.0856078e-01   4.4760817e-01
  -9.0631064e-03   1.0812259e-01   1.0837073e-01   4.4457379e-01
  -1.1195516e-02   1.0793011e-01   1.0817614e-01   4.4154352e-01
  -1.3304892e-02   1.0773326e-01   1.0797711e-01   4.3851737e-01
  -1.5391654e-02   1.0753214e-01   1.0777376e-01   4.3549536e-01
  -1.7456209e-02   1.0732686e-01   1.0756616e-01   4.3247754e-01
  -1.9498944e-02   1.0711749e-01   1.0735442e-01   4.2946392e-01
  -2.1520234e-02   1.0690414e-01   1.0713863e-01   4.2645456e-01
  -2.3520437e-02   1.0668689e-01   1.0691887e-01   4.2344950e-01
  -2.5499896e-02   1.0646582e-01   1.0669524e-01   4.2044878e-01
  -2.7458940e-02   1.0624102e-01   1.0646782e-01   4.1745245e-01
  -2.9397884e-02   1.0601256e-01   1.0623669e-01   4.1446057e-01
  -3.1317027e-02   1.0578053e-01   1.0600192e-01   4.1147320e-01
  -3.3216656e-02   1.0554500e-01   1.0576360e-01   4.0849039e-01
  -3.5097042e-02   1.0530604e-01   1.0552180e-01   4.0551221e-01
  -3.6958445e-02   1.0506372e-01   1.0527658e-01   4.0253872e-01
  -3.8801111e-02   1.0481810e-01   1.0502803e-01   3.9957000e-01
  -4.0625271e-02   1.0456926e-01   1.0477620e-01   3.9660611e-01
  -4.2431146e-02   1.0431726e-01   1.0452116e-01   3.9364714e-01
  -4.4218945e-02   1.0406216e-01   1.0426297e-01   3.9069316e-01
  -4.5988861e-02   1.0380401e-01   1.0400170e-01   3.8774424e-01
  -4.7741079e-02   1.0354287e-01   1.0373740e-01   3.8480048e-01
  -4.9475772e-02   1.0327880e-01   1.0347012e-01   3.8186196e-01
  -5.1193101e-02   1.0301185e-01   1.0319992e-01   3.7892876e-01
  -5.2893215e-02   1.0274206e-01   1.0292686e-01   3.7600097e-01
  -5.4576254e-02   1.0246950e-01   1.0265098e-01   3.7307869e-01
  -5.6242348e-02   1.0219419e-01   1.0237232e-01   3.7016200e-01
  -5.7891616e-02   1.0191619e-01   1.0209095e-01   3.6725100e-01
  -5.9524167e-02   1.0163554e-01   1.0180689e-01   3.6434578e-01
  -6.1140102e-02   1.0135229e-01   1.0152020e-01   3.6144645e-01
  -6.2739511e-02   1.0106646e-01   1.0123090e-01   3.5855309e-01
  -6.4322477e-02   1.0077809e-01   1.0093906e-01   3.5566582e-01
  -6.5889074e-02   1.0048723e-01   1.0064469e-01   3.5278472e-01
  -6.7439366e-02   1.0019390e-01   1.0034783e-01   3.4990990e-01
  -6.8973412e-02   9.9898145e-02   1.0004852e-01   3.4704147e-01
  -7.0491263e-02   9.9599985e-02   9.9746798e-02   3.4417952e-01
  -7.1992959e-02   9.9299454e-02   9.9442686e-02   3.4132416e-01
  -7.3478539e-02   9.8996580e-02   9.9136216e-02   3.3847549e-01
  -7.4948030e-02   9.8691389e-02   9.8827417e-02   3.3563362e-01
  -7.6401455e-02   9.8383906e-02   9.8516315e-02   3.3279865e-01
  -7.7838832e-02   9.8074156e-02   9.8202938e-02   3.2997069e-01
  -7.9260171e-02   9.7762161e-02   9.7887308e-02   3.2714984e-01
  -8.0665478e-02   9.7447944e-02   9.7569450e-02   3.2433620e-01
  -8.2054752e-02   9.7131525e-02   9.7249385e-02   3.2152989e-01
  -8.3427990e-02   9.6812923e-02   9.6927135e-02   3.1873100e-01
  -8.4785182e-02   9.6492157e-02   9.6602720e-02   3.1593964e-01
  -8.6126314e-02   9.6169245e-02   9.6276159e-02   3.1315592e-01
  -8.7451370e-02   9.5844202e-02   9.5947470e-02   3.1037993e-01
  -8.8760326e-02   9.5517046e-02   9.5616670e-02   3.0761179e-01
  -9.0053159e-02   9.5187790e-02   9.5283776e-02   3.0485158e-01
  -9.1329841e-02   9.4856448e-02   9.4948803e-02   3.0209942e-01
  -9.2590340e-02   9.4523035e-02   9.4611766e-02   2.9935541e-01
  -9.3834622e-02   9.4187561e-02   9.4272679e-02   2.9661964e-01
  -9.5062652e-02   9.3850041e-02   9.3931555e-02   2.9389221e-01
  -9.6274390e-02   9.3510484e-02   9.3588406e-02   2.9117323e-01
  -9.7469797e-02   9.3168901e-02   9.3243246e-02   2.8846278e-01
  -9.8648831e-02   9.2825303e-02   9.2896085e-02   2.8576097e-01
  -9.9811447e-02   9.2479698e-02   9.2546935e-02   2.8306788e-01
  -1.0095760e-01   9.2132097e-02   9.2195805e-02   2.8038361e-01
  -1.0208725e-01   9.1782509e-02   9.1842707e-02   2.7770826e-01
  -1.0320034e-01   9.1430940e-02   9.1487648e-02   2.7504190e-01
  -1.0429683e-01   9.1077400e-02   9.1130640e-02   2.7238464e-01
  -1.0537668e-01   9.0721896e-02   9.0771690e-02   2.6973655e-01
  -1.0643983e-01   9.0364435e-02   9.0410807e-02   2.6709773e-01
  -1.0748624e-01   9.0005025e-02   9.0047999e-02   2.6446825e-01
  -1.0851586e-01   8.9643672e-02   8.9683275e-02   2.6184819e-01
  -1.0952864e-01   8.9280384e-02   8.9316642e-02   2.5923765e-01
  -1.1052454e-01   8.8915167e-02   8.8948109e-02   2.5663669e-01
  -1.1150352e-01   8.8548027e-02   8.8577682e-02   2.5404539e-01
  -1.1246552e-01   8.8178972e-02   8.8205369e-02   2.5146382e-01
  -1.1341052e-01   8.7808007e-02   8.7831178e-02   2.4889206e-01
  -1.1433846e-01   8.7435138e-02   8.7455116e-02   2.4633018e-01
  -1.1524931e-01   8.7060374e-02   8.7077190e-02   2.4377825e-01
  -1.1614304e-01   8.6683718e-02   8.6697407e-02   2.4123633e-01
  -1.1701960e-01   8.6305180e-02   8.6315776e-02   2.3870448e-01
  -1.1787896e-01   8.5924764e-02   8.5932303e-02   2.3618277e-01
  -1.1872109e-01   8.5542477e-02   8.5546996e-02   2.3367126e-01
  -1.1954596e-01   8.5158328e-02   8.5159862e-02   2.3117000e-01
  -1.2035356e-01   8.4772322e-02   8.4770911e-02   2.2867905e-01
  -1.2114384e-01   8.4384468e-02   8.4380148e-02   2.2619847e-01
  -1.2191679e-01   8.3994771e-02   8.3987584e-02   2.2372830e-01
  -1.2267240e-01   8.3603242e-02   8.3593225e-02   2.2126858e-01
  -1.2341065e-01   8.3209886e-02   8.3197082e-02   2.1881938e-01
  -1.2413152e-01   8.2814713e-02   8.2799162e-02   2.1638073e-01
  -1.2483501e-01   8.2417732e-02   8.2399475e-02   2.1395267e-01
  -1.2552112e-01   8.2018950e-02   8.1998030e-02   2.1153524e-01
  -1.2618983e-01   8.1618378e-02   8.1594837e-02   2.0912848e-01
  -1.2684116e-01   8.1216026e-02   8.1189906e-02   2.0673242e-01
  -1.2747510e-01   8.0811902e-02   8.0783247e-02   2.0434709e-01
  -1.2809167e-01   8.0406017e-02   8.0374872e-02   2.0197253e-01
  -1.2869087e-01   7.9998383e-02   7.9964792e-02   1.9960876e-01
  -1.2927273e-01   7.9589010e-02   7.9553017e-02   1.9725581e-01
  -1.2983727e-01   7.9177911e-02   7.9139560e-02   1.9491369e-01
  -1.3038450e-01   7.8765096e-02   7.8724434e-02   1.9258243e-01
  -1.3091445e-01   7.8350579e-02   7.8307650e-02   1.9026205e-01
  -1.3142717e-01   7.7934372e-02   7.7889223e-02   1.8795256e-01
  -1.3192267e-01   7.7516489e-02   7.7469165e-02   1.8565398e-01
  -1.3240101e-01   7.7096945e-02   7.7047492e-02   1.8336631e-01
  -1.3286222e-01   7.6675752e-02   7.6624217e-02   1.8108957e-01
  -1.3330636e-01   7.6252926e-02   7.6199355e-02   1.7882376e-01
  -1.3373347e-01   7.5828483e-02   7.5772922e-02   1.7656888e-01
  -1.3414361e-01   7.5402438e-02   7.5344934e-02   1.7432494e-01
  -1.3453684e-01   7.4974808e-02   7.4915407e-02   1.7209194e-01
  -1.3491323e-01   7.4545609e-02   7.4484358e-02   1.6986987e-01
  -1.3527284e-01   7.4114859e-02   7.4051804e-02   1.6765873e-01
  -1.3561575e-01   7.3682576e-02   7.3617764e-02   1.6545851e-01
  -1.3594203e-01   7.3248778e-02   7.3182256e-02   1.6326921e-01
  -1.3625176e-01   7.2813484e-02   7.2745298e-02   1.6109081e-01
  -1.3654504e-01   7.2376714e-02   7.2306910e-02   1.5892329e-01
  -1.3682193e-01   7.1938488e-02   7.1867112e-02   1.5676666e-01
  -1.3708255e-01   7.1498825e-02   7.1425924e-02   1.5462087e-01
  -1.3732699e-01   7.1057748e-02   7.0983367e-02   1.5248593e-01
  -1.3755534e-01   7.0615277e-02   7.0539462e-02   1.5036180e-01
  -1.3776772e-01   7.0171434e-02   7.0094231e-02   1.4824847e-01
  -1.3796422e-01   6.9726243e-02   6.9647696e-02   1.4614590e-01
  -1.3814497e-01   6.9279725e-02   6.9199881e-02   1.4405408e-01
  -1.3831008e-01   6.8831905e-02   6.8750808e-02   1.4197297e-01
  -1.3845967e-01   6.8382807e-02   6.8300501e-02   1.3990254e-01
  -1.3859387e-01   6.7932455e-02   6.7848984e-02   1.3784276e-01
  -1.3871279e-01   6.7480874e-02   6.7396282e-02   1.3579360e-01
  -1.3881658e-01   6.7028089e-02   6.6942420e-02   1.3375503e-01
  -1.3890537e-01   6.6574127e-02   6.6487423e-02   1.3172699e-01
  -1.3897929e-01   6.6119013e-02   6.6031318e-02   1.2970947e-01
  -1.3903849e-01   6.5662775e-02   6.5574131e-02   1.2770240e-01
  -1.3908311e-01   6.5205440e-02   6.5115888e-02   1.2570577e-01
  -1.3911330e-01   6.4747035e-02   6.4656618e-02   1.2371951e-01
  -1.3912921e-01   6.4287589e-02   6.4196347e-02   1.2174359e-01
  -1.3913100e-01   6.3827130e-02   6.3735104e-02   1.1977796e-01
  -1.3911882e-01   6.3365687e-02   6.3272918e-02   1.1782258e-01
  -1.3909284e-01   6.2903289e-02   6.2809816e-02   1.1587739e-01
  -1.3905321e-01   6.2439966e-02   6.2345828e-02   1.1394235e-01
  -1.3900011e-01   6.1975748e-02   6.1880985e-02   1.1201740e-01
  -1.3893370e-01   6.1510665e-02   6.1415315e-02   1.1010250e-01
  -1.3885415e-01   6.1044749e-02   6.0948849e-02   1.0819758e-01
  -1.3876164e-01   6.0578030e-02   6.0481617e-02   1.0630260e-01
  -1.3865634e-01   6.0110540e-02   6.0013651e-02   1.0441751e-01
  -1.3853844e-01   5.9642310e-02   5.9544982e-02   1.0254223e-01
  -1.3840812e-01   5.9173373e-02   5.9075640e-02   1.0067673e-01
  -1.3826555e-01   5.8703760e-02   5.8605658e-02   9.8820932e-02
  -1.3811092e-01   5.8233504e-02   5.8135068e-02   9.6974787e-02
  -1.3794442e-01   5.7762639e-02   5.7663902e-02   9.5138234e-02
  -1.3776624e-01   5.7291197e-02   5.7192192e-02   9.3311212e-02
  -1.3757658e-01   5.6819211e-02   5.6719972e-02   9.1493660e-02
  -1.3737561e-01   5.6346715e-02   5.6247273e-02   8.9685517e-02
  -1.3716354e-01   5.5873742e-02   5.5774130e-02   8.7886720e-02
  -1.3694057e-01   5.5400328e-02   5.5300575e-02   8.6097207e-02
  -1.3670688e-01   5.4926504e-02   5.4826642e-02   8.4316914e-02
  -1.3646269e-01   5.4452307e-02   5.4352364e-02   8.2545777e-02
  -1.3620818e-01   5.3977769e-02   5.3877776e-02   8.0783733e-02
  -1.3594356e-01   5.3502926e-02   5.3402910e-02   7.9030717e-02
  -1.3566903e-01   5.3027812e-02   5.2927802e-02   7.7286664e-02
  -1.3538479e-01   5.2552462e-02   5.2452484e-02   7.5551508e-02
  -1.3509105e-01   5.2076911e-02   5.1976992e-02   7.3825184e-02
  -1.3478800e-01   5.1601193e-02   5.1501359e-02   7.2107626e-02
  -1.3447586e-01   5.1125343e-02   5.1025620e-02   7.0398769e-02
  -1.3415484e-01   5.0649397e-02   5.0549809e-02   6.8698545e-02
  -1.3382512e-01   5.0173388e-02   5.0073960e-02   6.7006890e-02
  -1.3348693e-01   4.9697353e-02   4.9598108e-02   6.5323736e-02
  -1.3314046e-01   4.9221326e-02   4.9122286e-02   6.3649018e-02
  -1.3278593e-01   4.8745342e-02   4.8646530e-02   6.1982668e-02
  -1.3242353e-01   4.8269435e-02   4.8170874e-02   6.0324622e-02
  -1.3205348e-01   4.7793642e-02   4.7695351e-02   5.8674812e-02
  -1.3167598e-01   4.7317996e-02   4.7219996e-02   5.7033172e-02
  -1.3129123e-01   4.6842532e-02   4.6744844e-02   5.5399638e-02
  -1.3089945e-01   4.6367284e-02   4.6269927e-02   5.3774142e-02
  -1.3050083e-01   4.5892289e-02   4.5795280e-02   5.2156619e-02
  -1.3009558e-01   4.5417578e-02   4.5320937e-02   5.0547005e-02
  -1.2968390e-01   4.4943188e-02   4.4846932e-02   4.8945235e-02
  -1.2926600e-01   4.4469152e-02   4.4373297e-02   4.7351242e-02
  -1.2884208e-01   4.3995503e-02   4.3900066e-02   4.5764964e-02
  -1.2841234e-01   4.3522277e-02   4.3427274e-02   4.4186337e-02
  -1.2797697e-01   4.3049506e-02   4.2954951e-02   4.2615297e-02
  -1.2753618e-01   4.2577223e-02   4.2483132e-02   4.1051780e-02
  -1.2709017e-01   4.2105462e-02   4.2011849e-02   3.9495725e-02
  -1.2663913e-01   4.1634256e-02   4.1541134e-02   3.7947068e-02
  -1.2618325e-01   4.1163638e-02   4.1071020e-02   3.6405750e-02
  -1.2572274e-01   4.0693640e-02   4.0601539e-02   3.4871708e-02
  -1.2525778e-01   4.0224294e-02   4.0132721e-02   3.3344882e-02
  -1.2478857e-01   3.9755632e-02   3.9664599e-02   3.1825212e-02
  -1.2431529e-01   3.9287686e-02   3.9197204e-02   3.0312639e-02
  -1.2383813e-01   3.8820488e-02   3.8730567e-02   2.8807104e-02
  -1.2335727e-01   3.8354067e-02   3.8264717e-02   2.7308550e-02
  -1.2287291e-01   3.7888456e-02   3.7799686e-02   2.5816918e-02
  -1.2238522e-01   3.7423684e-02   3.7335504e-02   2.4332154e-02
  -1.2189439e-01   3.6959782e-02   3.6872200e-02   2.2854199e-02
  -1.2140059e-01   3.6496779e-02   3.6409803e-02   2.1383000e-02
  -1.2090400e-01   3.6034705e-02   3.5948342e-02   1.9918502e-02
  -1.2040479e-01   3.5573588e-02   3.5487846e-02   1.8460652e-02
  -1.1990313e-01   3.5113459e-02   3.5028344e-02   1.7009396e-02
  -1.1939920e-01   3.4654343e-02   3.4569862e-02   1.5564683e-02
  -1.1889317e-01   3.4196271e-02   3.4112429e-02   1.4126461e-02
  -1.1838518e-01   3.3739269e-02   3.3656072e-02   1.2694680e-02
  -1.1787542e-01   3.3283364e-02   3.3200817e-02   1.1269291e-02
  -1.1736405e-01   3.2828583e-02   3.2746691e-02   9.8502439e-03
  -1.1685120e-01   3.2374952e-02   3.2293720e-02   8.4374920e-03
  -1.1633706e-01   3.1922498e-02   3.1841928e-02   7.0309881e-03
  -1.1582176e-01   3.1471245e-02   3.1391342e-02   5.6306860e-03
  -1.1530546e-01   3.1021219e-02   3.0941986e-02   4.2365406e-03
  -1.1478831e-01   3.0572445e-02   3.0493884e-02   2.8485076e-03
  -1.1427045e-01   3.0124945e-02   3.0047060e-02   1.4665435e-03
  -1.1375202e-01   2.9678745e-02   2.9601537e-02   9.0605878e-05
  -1.1323316e-01   2.9233867e-02   2.9157338e-02  -1.2793469e-03
  -1.1271402e-01   2.8790334e-02   2.8714486e-02  -2.6433554e-03
  -1.1219472e-01   2.8348168e-02   2.8273003e-02  -4.0014594e-03
  -1.1167541e-01   2.7907391e-02   2.7832910e-02  -5.3536977e-03
  -1.1115619e-01   2.7468025e-02   2.7394229e-02  -6.7001082e-03
  -1.1063721e-01   2.7030091e-02   2.6956979e-02  -8.0407280e-03
  -1.1011859e-01   2.6593608e-02   2.6521182e-02  -9.3755929e-03
  -1.0960045e-01   2.6158597e-02   2.6086856e-02  -1.0704738e-02
  -1.0908289e-01   2.5725077e-02   2.5654022e-02  -1.2028198e-02
  -1.0856605e-01   2.5293067e-02   2.5222697e-02  -1.3346005e-02
  -1.0805003e-01   2.4862586e-02   2.4792901e-02  -1.4658193e-02
  -1.0753494e-01   2.4433651e-02   2.4364650e-02  -1.5964792e-02
  -1.0702089e-01   2.4006280e-02   2.3937963e-02  -1.7265833e-02
  -1.0650798e-01   2.3580491e-02   2.3512855e-02  -1.8561346e-02
  -1.0599631e-01   2.3156299e-02   2.3089344e-02  -1.9851359e-02
  -1.0548598e-01   2.2733721e-02   2.2667446e-02  -2.1135900e-02
  -1.0497708e-01   2.2312772e-02   2.2247174e-02  -2.2414996e-02
  -1.0446971e-01   2.1893467e-02   2.1828546e-02  -2.3688673e-02
  -1.0396395e-01   2.1475821e-02   2.1411574e-02  -2.4956955e-02
  -1.0345989e-01   2.1059848e-02   2.0996274e-02  -2.6219868e-02
  -1.0295762e-01   2.0645561e-02   2.0582657e-02  -2.7477435e-02
  -1.0245721e-01   2.0232974e-02   2.0170738e-02  -2.8729677e-02
  -1.0195874e-01   1.9822099e-02   1.9760529e-02  -2.9976617e-02
  -1.0146229e-01   1.9412948e-02   1.9352042e-02  -3.1218276e-02
  -1.0096793e-01   1.9005533e-02   1.8945288e-02  -3.2454673e-02
  -1.0047573e-01   1.8599865e-02   1.8540279e-02  -3.3685828e-02
  -9.9985757e-02   1.8195955e-02   1.8137025e-02  -3.4911758e-02
  -9.9498070e-02   1.7793813e-02   1.7735537e-02  -3.6132483e-02
  -9.9012732e-02   1.7393448e-02   1.7335823e-02  -3.7348017e-02
  -9.8529802e-02   1.6994870e-02   1.6937894e-02  -3.8558377e-02
  -9.8049336e-02   1.6598088e-02   1.6541757e-02  -3.9763579e-02
  -9.7571387e-02   1.6203110e-02   1.6147422e-02  -4.0963636e-02
  -9.7096005e-02   1.5809944e-02   1.5754897e-02  -4.2158564e-02
  -9.6623238e-02   1.5418597e-02   1.5364188e-02  -4.3348373e-02
  -9.6153130e-02   1.5029077e-02   1.4975302e-02  -4.4533078e-02
  -9.5685725e-02   1.4641389e-02   1.4588247e-02  -4.5712689e-02
  -9.5221063e-02   1.4255541e-02   1.4203027e-02  -4.6887217e-02
  -9.4759181e-02   1.3871537e-02   1.3819650e-02  -4.8056673e-02
  -9.4300114e-02   1.3489383e-02   1.3438120e-02  -4.9221066e-02
  -9.3843895e-02   1.3109083e-02   1.3058442e-02  -5.0380405e-02
  -9.3390555e-02   1.2730643e-02   1.2680620e-02  -5.1534698e-02
  -9.2940120e-02   1.2354065e-02   1.2304659e-02  -5.2683954e-02
  -9.2492618e-02   1.1979354e-02   1.1930562e-02  -5.3828179e-02
  -9.2048071e-02   1.1606513e-02   1.1558331e-02  -5.4967379e-02
  -9.1606500e-02   1.1235544e-02   1.1187971e-02  -5.6101562e-02
  -9.1167924e-02   1.0866450e-02   1.0819484e-02  -5.7230732e-02
  -9.0732361e-02   1.0499233e-02   1.0452871e-02  -5.8354894e-02
  -9.0299823e-02   1.0133894e-02   1.0088134e-02  -5.9474053e-02
  -8.9870325e-02   9.7704350e-03   9.7252742e-03  -6.0588212e-02
  -8.9443877e-02   9.4088562e-03   9.3642931e-03  -6.1697375e-02
  -8.9020487e-02   9.0491584e-03   9.0051909e-03  -6.2801545e-02
  -8.8600161e-02   8.6913416e-03   8.6479679e-03  -6.3900725e-02
  -8.8182904e-02   8.3354056e-03   8.2926239e-03  -6.4994917e-02
  -8.7768718e-02   7.9813500e-03   7.9391586e-03  -6.6084122e-02
  -8.7357606e-02   7.6291739e-03   7.5875711e-03  -6.7168341e-02
  -8.6949565e-02   7.2788759e-03   7.2378603e-03  -6.8247576e-02
  -8.6544593e-02   6.9304547e-03   6.8900248e-03  -6.9321828e-02
  -8.6142686e-02   6.5839082e-03   6.5440628e-03  -7.0391096e-02
  -8.5743837e-02   6.2392346e-03   6.1999723e-03  -7.1455380e-02
  -8.5348039e-02   5.8964311e-03   5.8577511e-03  -7.2514680e-02
  -8.4955283e-02   5.5554952e-03   5.5173963e-03  -7.3568996e-02
  -8.4565558e-02   5.2164238e-03   5.1789052e-03  -7.4618326e-02
  -8.4178851e-02   4.8792136e-03   4.8422746e-03  -7.5662669e-02
  -8.3795150e-02   4.5438610e-03   4.5075010e-03  -7.6702024e-02
  -8.3414439e-02   4.2103623e-03   4.1745807e-03  -7.7736389e-02
  -8.3036701e-02   3.8787133e-03   3.8435098e-03  -7.8765762e-02
  -8.2661919e-02   3.5489096e-03   3.5142840e-03  -7.9790141e-02
  -8.2290075e-02   3.2209469e-03   3.1868989e-03  -8.0809524e-02
  -8.1921147e-02   2.8948201e-03   2.8613498e-03  -8.1823908e-02
  -8.1555115e-02   2.5705244e-03   2.5376319e-03  -8.2833291e-02
  -8.1191956e-02   2.2480545e-03   2.2157400e-03  -8.3837670e-02
  -8.0831648e-02   1.9274048e-03   1.8956687e-03  -8.4837042e-02
  -8.0474164e-02   1.6085699e-03   1.5774126e-03  -8.5831404e-02
  -8.0119480e-02   1.2915437e-03   1.2609659e-03  -8.6820754e-02
  -7.9767570e-02   9.7632035e-04   9.4632280e-04  -8.7805088e-02
  -7.9418407e-02   6.6289354e-04   6.3347708e-04  -8.8784403e-02
  -7.9071961e-02   3.5125691e-04   3.2242252e-04  -8.9758697e-02
  -7.8728204e-02   4.1403896e-05   1.3152698e-05  -9.0727965e-02
  -7.8387108e-02  -2.6667222e-04  -2.9433899e-04  -9.1692204e-02
  -7.8048640e-02  -5.7297829e-04  -6.0005928e-04  -9.2651412e-02
  -7.7712770e-02  -8.7752135e-04  -9.0401506e-04  -9.3605585e-02
  -7.7379467e-02  -1.1803085e-03  -1.2062134e-03  -9.4554720e-02
  -7.7048698e-02  -1.4813471e-03  -1.5066614e-03  -9.5498814e-02
  -7.6720430e-02  -1.7806445e-03  -1.8053663e-03  -9.6437864e-02
  -7.6394631e-02  -2.0782082e-03  -2.1023356e-03  -9.7371867e-02
  -7.6071266e-02  -2.3740459e-03  -2.3975768e-03  -9.8300820e-02
  -7.5750300e-02  -2.6681652e-03  -2.6910975e-03  -9.9224719e-02
  -7.5431701e-02  -2.9605741e-03  -2.9829055e-03  -1.0014356e-01
  -7.5115432e-02  -3.2512804e-03  -3.2730084e-03  -1.0105735e-01
  -7.4801458e-02  -3.5402922e-03  -3.5614143e-03  -1.0196607e-01
  -7.4489744e-02  -3.8276175e-03  -3.8481310e-03  -1.0286974e-01
  -7.4180254e-02  -4.1132644e-03  -4.1331667e-03  -1.0376833e-01
  -7.3872953e-02  -4.3972413e-03  -4.4165295e-03  -1.0466186e-01
  -7.3567804e-02  -4.6795563e-03  -4.6982275e-03  -1.0555032e-01
  -7.3264770e-02  -4.9602178e-03  -4.9782689e-03  -1.0643371e-01
  -7.2963816e-02  -5.2392341e-03  -5.2566621e-03  -1.0731203e-01
  -7.2664906e-02  -5.5166138e-03  -5.5334154e-03  -1.0818527e-01
  -7.2368002e-02  -5.7923652e-03  -5.8085371e-03  -1.0905344e-01
  -7.2073069e-02  -6.0664967e-03  -6.0820356e-03  -1.0991653e-01
  -7.1780070e-02  -6.3390170e-03  -6.3539193e-03  -1.1077454e-01
  -7.1488969e-02  -6.6099346e-03  -6.6241967e-03  -1.1162748e-01
  -7.1199730e-02  -6.8792579e-03  -6.8928762e-03  -1.1247534e-01
  -7.0912317e-02  -7.1469955e-03  -7.1599664e-03  -1.1331812e-01
  -7.0626693e-02  -7.4131560e-03  -7.4254756e-03  -1.1415583e-01
  -7.0342824e-02  -7.6777479e-03  -7.6894123e-03  -1.1498846e-01
  -7.0060674e-02  -7.9407798e-03  -7.9517851e-03  -1.1581601e-01
  -6.9780208e-02  -8.2022601e-03  -8.2126024e-03  -1.1663849e-01
  -6.9501390e-02  -8.4621974e-03  -8.4718725e-03  -1.1745589e-01
  -6.9224186e-02  -8.7206002e-03  -8.7296041e-03  -1.1826823e-01
  -6.8948562e-02  -8.9774769e-03  -8.9858054e-03  -1.1907549e-01
  -6.8674484e-02  -9.2328361e-03  -9.2404849e-03  -1.1987768e-01
  -6.8401918e-02  -9.4866860e-03  -9.4936510e-03  -1.2067481e-01
  -6.8130831e-02  -9.7390350e-03  -9.7453118e-03  -1.2146688e-01
  -6.7861191e-02  -9.9898916e-03  -9.9954758e-03  -1.2225388e-01
  -6.7592964e-02  -1.0239264e-02  -1.0244151e-02  -1.2303583e-01
  -6.7326119e-02  -1.0487160e-02  -1.0491346e-02  -1.2381272e-01
  -6.7060624e-02  -1.0733589e-02  -1.0737069e-02  -1.2458457e-01
  -6.6796449e-02  -1.0978557e-02  -1.0981327e-02  -1.2535137e-01
  -6.6533562e-02  -1.1222075e-02  -1.1224130e-02  -1.2611313e-01
  -6.6271935e-02  -1.1464148e-02  -1.1465484e-02  -1.2686986e-01
  -6.6011537e-02  -1.1704786e-02  -1.1705398e-02  -1.2762155e-01
  -6.5752339e-02  -1.1943996e-02  -1.1943879e-02  -1.2836822e-01
  -6.5494314e-02  -1.2181786e-02  -1.2180936e-02  -1.2910988e-01
  -6.5237434e-02  -1.2418164e-02  -1.2416576e-02  -1.2984651e-01
  -6.4981670e-02  -1.2653137e-02  -1.2650807e-02  -1.3057815e-01
  -6.4726998e-02  -1.2886713e-02  -1.2883637e-02  -1.3130478e-01
  -6.4473390e-02  -1.3118900e-02  -1.3115072e-02  -1.3202642e-01
  -6.4220822e-02  -1.3349704e-02  -1.3345120e-02  -1.3274307e-01
  -6.3969269e-02  -1.3579134e-02  -1.3573790e-02  -1.3345475e-01
  -6.3718706e-02  -1.3807196e-02  -1.3801087e-02  -1.3416146e-01
  -6.3469111e-02  -1.4033898e-02  -1.4027019e-02  -1.3486321e-01
  -6.3220460e-02  -1.4259246e-02  -1.4251593e-02  -1.3556000e-01
  -6.2972731e-02  -1.4483249e-02  -1.4474816e-02  -1.3625185e-01
  -6.2725904e-02  -1.4705911e-02  -1.4696696e-02  -1.3693877e-01
  -6.2479956e-02  -1.4927242e-02  -1.4917238e-02  -1.3762076e-01
  -6.2234869e-02  -1.5147246e-02  -1.5136450e-02  -1.3829784e-01
  -6.1990622e-02  -1.5365931e-02  -1.5354339e-02  -1.3897002e-01
  -6.1747198e-02  -1.5583303e-02  -1.5570910e-02  -1.3963730e-01
  -6.1504577e-02  -1.5799368e-02  -1.5786170e-02  -1.4029969e-01
  -6.1262742e-02  -1.6014134e-02  -1.6000126e-02  -1.4095722e-01
  -6.1021678e-02  -1.6227606e-02  -1.6212784e-02  -1.4160988e-01
  -6.0781367e-02  -1.6439789e-02  -1.6424150e-02  -1.4225770e-01
  -6.0541794e-02  -1.6650692e-02  -1.6634230e-02  -1.4290068e-01
  -6.0302946e-02  -1.6860318e-02  -1.6843030e-02  -1.4353884e-01
  -6.0064807e-02  -1.7068674e-02  -1.7050556e-02  -1.4417218e-01
  -5.9827365e-02  -1.7275766e-02  -1.7256814e-02  -1.4480073e-01
  -5.9590607e-02  -1.7481599e-02  -1.7461809e-02  -1.4542449e-01
  -5.9354522e-02  -1.7686179e-02  -1.7665547e-02  -1.4604347e-01
  -5.9119097e-02  -1.7889512e-02  -1.7868033e-02  -1.4665770e-01
  -5.8884323e-02  -1.8091601e-02  -1.8069273e-02  -1.4726719e-01
  -5.8650189e-02  -1.8292454e-02  -1.8269273e-02  -1.4787194e-01
  -5.8416686e-02  -1.8492074e-02  -1.8468036e-02  -1.4847198e-01
  -5.8183806e-02  -1.8690467e-02  -1.8665569e-02  -1.4906731e-01
  -5.7951541e-02  -1.8887638e-02  -1.8861876e-02  -1.4965796e-01
  -5.7719884e-02  -1.9083592e-02  -1.9056962e-02  -1.5024394e-01
  -5.7488827e-02  -1.9278332e-02  -1.9250832e-02  -1.5082526e-01
  -5.7258365e-02  -1.9471865e-02  -1.9443491e-02  -1.5140195e-01
  -5.7028492e-02  -1.9664194e-02  -1.9634944e-02  -1.5197400e-01
  -5.6799204e-02  -1.9855324e-02  -1.9825194e-02  -1.5254145e-01
  -5.6570497e-02  -2.0045259e-02  -2.0014246e-02  -1.5310431e-01
  -5.6342366e-02  -2.0234004e-02  -2.0202105e-02  -1.5366259e-01
  -5.6114809e-02  -2.0421562e-02  -2.0388774e-02  -1.5421631e-01
  -5.5887823e-02  -2.0607937e-02  -2.0574259e-02  -1.5476549e-01
  -5.5661407e-02  -2.0793135e-02  -2.0758562e-02  -1.5531014e-01
  -5.5435559e-02  -2.0977158e-02  -2.0941689e-02  -1.5585029e-01
  -5.5210279e-02  -2.1160010e-02  -2.1123642e-02  -1.5638594e-01
  -5.4985565e-02  -2.1341695e-02  -2.1304427e-02  -1.5691712e-01
  -5.4761419e-02  -2.1522217e-02  -2.1484045e-02  -1.5744385e-01
  -5.4537842e-02  -2.1701579e-02  -2.1662502e-02  -1.5796614e-01
  -5.4314833e-02  -2.1879784e-02  -2.1839800e-02  -1.5848401e-01
  -5.4092396e-02  -2.2056837e-02  -2.2015943e-02  -1.5899747e-01
  -5.3870533e-02  -2.2232740e-02  -2.2190935e-02  -1.5950656e-01
  -5.3649246e-02  -2.2407496e-02  -2.2364779e-02  -1.6001127e-01
  -5.3428538e-02  -2.2581109e-02  -2.2537477e-02  -1.6051165e-01
  -5.3208413e-02  -2.2753582e-02  -2.2709034e-02  -1.6100769e-01
  -5.2988875e-02  -2.2924918e-02  -2.2879453e-02  -1.6149943e-01
  -5.2769928e-02  -2.3095120e-02  -2.3048736e-02  -1.6198687e-01
  -5.2551578e-02  -2.3264190e-02  -2.3216886e-02  -1.6247004e-01
  -5.2333829e-02  -2.3432132e-02  -2.3383907e-02  -1.6294896e-01
  -5.2116687e-02  -2.3598948e-02  -2.3549801e-02  -1.6342365e-01
  -5.1900157e-02  -2.3764640e-02  -2.3714570e-02  -1.6389413e-01
  -5.1684247e-02  -2.3929213e-02  -2.3878219e-02  -1.6436040e-01
  -5.1468963e-02  -2.4092667e-02  -2.4040749e-02  -1.6482251e-01
  -5.1254312e-02  -2.4255006e-02  -2.4202164e-02  -1.6528046e-01
  -5.1040300e-02  -2.4416233e-02  -2.4362464e-02  -1.6573427e-01
  -5.0826936e-02  -2.4576349e-02  -2.4521654e-02  -1.6618396e-01
  -5.0614227e-02  -2.4735356e-02  -2.4679736e-02  -1.6662956e-01
  -5.0402181e-02  -2.4893258e-02  -2.4836712e-02  -1.6707108e-01
  -5.0190806e-02  -2.5050056e-02  -2.4992584e-02  -1.6750854e-01
  -4.9980112e-02  -2.5205754e-02  -2.5147355e-02  -1.6794196e-01
  -4.9770106e-02  -2.5360352e-02  -2.5301027e-02  -1.6837136e-01
  -4.9560798e-02  -2.5513853e-02  -2.5453602e-02  -1.6879677e-01
  -4.9352197e-02  -2.5666259e-02  -2.5605083e-02  -1.6921819e-01
  -4.9144312e-02  -2.5817573e-02  -2.5755472e-02  -1.6963565e-01
  -4.8937153e-02  -2.5967795e-02  -2.5904770e-02  -1.7004918e-01
  -4.8730728e-02  -2.6116930e-02  -2.6052981e-02  -1.7045878e-01
  -4.8525049e-02  -2.6264977e-02  -2.6200106e-02  -1.7086448e-01
  -4.8320124e-02  -2.6411940e-02  -2.6346147e-02  -1.7126630e-01
  -4.8115964e-02  -2.6557820e-02  -2.6491106e-02  -1.7166426e-01
  -4.7912579e-02  -2.6702619e-02  -2.6634985e-02  -1.7205838e-01
  -4.7709979e-02  -2.6846339e-02  -2.6777786e-02  -1.7244867e-01
  -4.7508174e-02  -2.6988983e-02  -2.6919512e-02  -1.7283516e-01
  -4.7307175e-02  -2.7130551e-02  -2.7060164e-02  -1.7321787e-01
  -4.7106991e-02  -2.7271045e-02  -2.7199744e-02  -1.7359681e-01
  -4.6907634e-02  -2.7410468e-02  -2.7338253e-02  -1.7397201e-01
  -4.6709114e-02  -2.7548821e-02  -2.7475695e-02  -1.7434348e-01
  -4.6511440e-02  -2.7686106e-02  -2.7612071e-02  -1.7471124e-01
  -4.6314624e-02  -2.7822326e-02  -2.7747382e-02  -1.7507532e-01
  -4.6118676e-02  -2.7957480e-02  -2.7881631e-02  -1.7543573e-01
  -4.5923605e-02  -2.8091573e-02  -2.8014819e-02  -1.7579249e-01
  -4.5729423e-02  -2.8224604e-02  -2.8146949e-02  -1.7614562e-01
  -4.5536140e-02  -2.8356577e-02  -2.8278022e-02  -1.7649514e-01
  -4.5343766e-02  -2.8487492e-02  -2.8408040e-02  -1.7684106e-01
  -4.5152310e-02  -2.8617353e-02  -2.8537005e-02  -1.7718342e-01
  -4.4961784e-02  -2.8746159e-02  -2.8664919e-02  -1.7752221e-01
  -4.4772197e-02  -2.8873914e-02  -2.8791784e-02  -1.7785747e-01
  -4.4583558e-02  -2.9000619e-02  -2.8917601e-02  -1.7818922e-01
  -4.4395878e-02  -2.9126275e-02  -2.9042373e-02  -1.7851746e-01
  -4.4209166e-02  -2.9250886e-02  -2.9166101e-02  -1.7884222e-01
  -4.4023432e-02  -2.9374452e-02  -2.9288788e-02  -1.7916351e-01
  -4.3838685e-02  -2.9496975e-02  -2.9410435e-02  -1.7948136e-01
  -4.3654934e-02  -2.9618458e-02  -2.9531045e-02  -1.7979579e-01
  -4.3472188e-02  -2.9738902e-02  -2.9650618e-02  -1.8010680e-01
  -4.3290456e-02  -2.9858309e-02  -2.9769158e-02  -1.8041442e-01
  -4.3109747e-02  -2.9976681e-02  -2.9886666e-02  -1.8071866e-01
  -4.2930069e-02  -3.0094021e-02  -3.0003145e-02  -1.8101955e-01
  -4.2751431e-02  -3.0210329e-02  -3.0118595e-02  -1.8131709e-01
  -4.2573840e-02  -3.0325608e-02  -3.0233020e-02  -1.8161132e-01
  -4.2397305e-02  -3.0439860e-02  -3.0346422e-02  -1.8190223e-01
  -4.2221834e-02  -3.0553087e-02  -3.0458801e-02  -1.8218986e-01
  -4.2047433e-02  -3.0665291e-02  -3.0570162e-02  -1.8247422e-01
  -4.1874110e-02  -3.0776475e-02  -3.0680505e-02  -1.8275531e-01
  -4.1701872e-02  -3.0886640e-02  -3.0789834e-02  -1.8303317e-01
  -4.1530726e-02  -3.0995788e-02  -3.0898149e-02  -1.8330781e-01
  -4.1360678e-02  -3.1103922e-02  -3.1005454e-02  -1.8357924e-01
  -4.1191735e-02  -3.1211044e-02  -3.1111751e-02  -1.8384747e-01
  -4.1023903e-02  -3.1317156e-02  -3.1217042e-02  -1.8411254e-01
  -4.0857188e-02  -3.1422260e-02  -3.1321329e-02  -1.8437444e-01
  -4.0691594e-02  -3.1526360e-02  -3.1424615e-02  -1.8463320e-01
  -4.0527128e-02  -3.1629456e-02  -3.1526902e-02  -1.8488883e-01
  -4.0363794e-02  -3.1731552e-02  -3.1628192e-02  -1.8514134e-01
  -4.0201598e-02  -3.1832650e-02  -3.1728489e-02  -1.8539076e-01
  -4.0040542e-02  -3.1932752e-02  -3.1827794e-02  -1.8563710e-01
  -3.9880633e-02  -3.2031861e-02  -3.1926110e-02  -1.8588037e-01
  -3.9721873e-02  -3.2129979e-02  -3.2023439e-02  -1.8612059e-01
  -3.9564267e-02  -3.2227110e-02  -3.2119785e-02  -1.8635776e-01
  -3.9407817e-02  -3.2323255e-02  -3.2215150e-02  -1.8659192e-01
  -3.9252527e-02  -3.2418417e-02  -3.2309536e-02  -1.8682306e-01
  -3.9098399e-02  -3.2512599e-02  -3.2402946e-02  -1.8705121e-01
  -3.8945436e-02  -3.2605804e-02  -3.2495383e-02  -1.8727638e-01
  -3.8793640e-02  -3.2698035e-02  -3.2586851e-02  -1.8749858e-01
  -3.8643013e-02  -3.2789293e-02  -3.2677350e-02  -1.8771783e-01
  -3.8493557e-02  -3.2879583e-02  -3.2766885e-02  -1.8793413e-01
  -3.8345272e-02  -3.2968906e-02  -3.2855459e-02  -1.8814751e-01
  -3.8198160e-02  -3.3057266e-02  -3.2943074e-02  -1.8835798e-01
  -3.8052222e-02  -3.3144667e-02  -3.3029733e-02  -1.8856555e-01
  -3.7907457e-02  -3.3231109e-02  -3.3115439e-02  -1.8877023e-01
  -3.7763866e-02  -3.3316598e-02  -3.3200196e-02  -1.8897203e-01
  -3.7621450e-02  -3.3401136e-02  -3.3284006e-02  -1.8917097e-01
  -3.7480206e-02  -3.3484726e-02  -3.3366873e-02  -1.8936707e-01
  -3.7340135e-02  -3.3567371e-02  -3.3448799e-02  -1.8956033e-01
  -3.7201236e-02  -3.3649074e-02  -3.3529789e-02  -1.8975076e-01
  -3.7063507e-02  -3.3729839e-02  -3.3609844e-02  -1.8993839e-01
  -3.6926946e-02  -3.3809669e-02  -3.3688969e-02  -1.9012321e-01
  -3.6791553e-02  -3.3888568e-02  -3.3767167e-02  -1.9030525e-01
  -3.6657323e-02  -3.3966538e-02  -3.3844441e-02  -1.9048451e-01
  -3.6524256e-02  -3.4043582e-02  -3.3920795e-02  -1.9066101e-01
  -3.6392348e-02  -3.4119706e-02  -3.3996232e-02  -1.9083475e-01
  -3.6261596e-02  -3.4194911e-02  -3.4070755e-02  -1.9100576e-01
  -3.6131997e-02  -3.4269202e-02  -3.4144368e-02  -1.9117403e-01
  -3.6003548e-02  -3.4342581e-02  -3.4217075e-02  -1.9133959e-01
  -3.5876244e-02  -3.4415053e-02  -3.4288878e-02  -1.9150244e-01
  -3.5750081e-02  -3.4486622e-02  -3.4359783e-02  -1.9166259e-01
  -3.5625056e-02  -3.4557290e-02  -3.4429792e-02  -1.9182006e-01
  -3.5501163e-02  -3.4627062e-02  -3.4498909e-02  -1.9197486e-01
  -3.5378397e-02  -3.4695940e-02  -3.4567137e-02  -1.9212699e-01
  -3.5256754e-02  -3.4763930e-02  -3.4634481e-02  -1.9227646e-01
  -3.5136229e-02  -3.4831035e-02  -3.4700945e-02  -1.9242330e-01
  -3.5016815e-02  -3.4897258e-02  -3.4766531e-02  -1.9256750e-01
  -3.4898506e-02  -3.4962604e-02  -3.4831245e-02  -1.9270908e-01
  -3.4781298e-02  -3.5027075e-02  -3.4895089e-02  -1.9284805e-01
  -3.4665183e-02  -3.5090678e-02  -3.4958068e-02  -1.9298442e-01
  -3.4550154e-02  -3.5153414e-02  -3.5020186e-02  -1.9311819e-01
  -3.4436206e-02  -3.5215288e-02  -3.5081446e-02  -1.9324938e-01
  -3.4323331e-02  -3.5276305e-02  -3.5141852e-02  -1.9337800e-01
  -3.4211523e-02  -3.5336468e-02  -3.5201410e-02  -1.9350406e-01
  -3.4100773e-02  -3.5395781e-02  -3.5260122e-02  -1.9362756e-01
  -3.3991074e-02  -3.5454248e-02  -3.5317993e-02  -1.9374852e-01
  -3.3882419e-02  -3.5511874e-02  -3.5375026e-02  -1.9386695e-01
  -3.3774799e-02  -3.5568663e-02  -3.5431227e-02  -1.9398285e-01
  -3.3668207e-02  -3.5624618e-02  -3.5486598e-02  -1.9409624e-01
  -3.3562634e-02  -3.5679744e-02  -3.5541145e-02  -1.9420712e-01
  -3.3458072e-02  -3.5734045e-02  -3.5594871e-02  -1.9431550e-01
  -3.3354512e-02  -3.5787525e-02  -3.5647781e-02  -1.9442139e-01
  -3.3251946e-02  -3.5840189e-02  -3.5699878e-02  -1.9452481e-01
  -3.3150363e-02  -3.5892041e-02  -3.5751168e-02  -1.9462575e-01
  -3.3049757e-02  -3.5943085e-02  -3.5801654e-02  -1.9472423e-01
  -3.2950116e-02  -3.5993326e-02  -3.5851340e-02  -1.9482026e-01
  -3.2851433e-02  -3.6042767e-02  -3.5900232e-02  -1.9491385e-01
  -3.2753697e-02  -3.6091413e-02  -3.5948332e-02  -1.9500500e-01
  -3.2656898e-02  -3.6139269e-02  -3.5995646e-02  -1.9509373e-01
  -3.2561028e-02  -3.6186338e-02  -3.6042178e-02  -1.9518003e-01
  -3.2466076e-02  -3.6232626e-02  -3.6087932e-02  -1.9526393e-01
  -3.2372032e-02  -3.6278136e-02  -3.6132913e-02  -1.9534542e-01
  -3.2278886e-02  -3.6322873e-02  -3.6177125e-02  -1.9542453e-01
  -3.2186629e-02  -3.6366842e-02  -3.6220572e-02  -1.9550124e-01
  -3.2095250e-02  -3.6410046e-02  -3.6263259e-02  -1.9557559e-01
  -3.2004738e-02  -3.6452490e-02  -3.6305190e-02  -1.9564756e-01
  -3.1915083e-02  -3.6494180e-02  -3.6346369e-02  -1.9571718e-01
  -3.1826275e-02  -3.6535118e-02  -3.6386801e-02  -1.9578444e-01
  -3.1738303e-02  -3.6575309e-02  -3.6426491e-02  -1.9584936e-01
  -3.1651157e-02  -3.6614759e-02  -3.6465443e-02  -1.9591194e-01
  -3.1564825e-02  -3.6653471e-02  -3.6503661e-02  -1.9597220e-01
  -3.1479298e-02  -3.6691450e-02  -3.6541149e-02  -1.9603014e-01
  -3.1394565e-02  -3.6728701e-02  -3.6577913e-02  -1.9608577e-01
  -3.1310614e-02  -3.6765227e-02  -3.6613956e-02  -1.9613910e-01
  -3.1227435e-02  -3.6801034e-02  -3.6649283e-02  -1.9619013e-01
  -3.1145017e-02  -3.6836125e-02  -3.6683899e-02  -1.9623887e-01
  -3.1063349e-02  -3.6870506e-02  -3.6717807e-02  -1.9628534e-01
  -3.0982421e-02  -3.6904180e-02  -3.6751013e-02  -1.9632953e-01
  -3.0902221e-02  -3.6937153e-02  -3.6783520e-02  -1.9637147e-01
  -3.0822739e-02  -3.6969428e-02  -3.6815334e-02  -1.9641114e-01
  -3.0743963e-02  -3.7001010e-02  -3.6846458e-02  -1.9644857e-01
  -3.0665883e-02  -3.7031904e-02  -3.6876898e-02  -1.9648376e-01
  -3.0588488e-02  -3.7062113e-02  -3.6906656e-02  -1.9651672e-01
  -3.0511766e-02  -3.7091643e-02  -3.6935739e-02  -1.9654746e-01
  -3.0435708e-02  -3.7120498e-02  -3.6964150e-02  -1.9657598e-01
  -3.0360302e-02  -3.7148682e-02  -3.6991893e-02  -1.9660230e-01
  -3.0285537e-02  -3.7176200e-02  -3.7018974e-02  -1.9662641e-01
  -3.0211404e-02  -3.7203056e-02  -3.7045396e-02  -1.9664833e-01
  -3.0137890e-02  -3.7229254e-02  -3.7071163e-02  -1.9666807e-01
  -3.0064985e-02  -3.7254799e-02  -3.7096281e-02  -1.9668563e-01
  -2.9992679e-02  -3.7279695e-02  -3.7120753e-02  -1.9670103e-01
  -2.9920960e-02  -3.7303947e-02  -3.7144584e-02  -1.9671426e-01
  -2.9849819e-02  -3.7327559e-02  -3.7167778e-02  -1.9672535e-01
  -2.9779245e-02  -3.7350535e-02  -3.7190340e-02  -1.9673428e-01
  -2.9709228e-02  -3.7372879e-02  -3.7212273e-02  -1.9674108e-01
  -2.9639757e-02  -3.7394596e-02  -3.7233582e-02  -1.9674576e-01
  -2.9570821e-02  -3.7415690e-02  -3.7254271e-02  -1.9674831e-01
  -2.9502411e-02  -3.7436166e-02  -3.7274345e-02  -1.9674875e-01
  -2.9434517e-02  -3.7456027e-02  -3.7293807e-02  -1.9674708e-01
  -2.9367128e-02  -3.7475278e-02  -3.7312663e-02  -1.9674332e-01
  -2.9300234e-02  -3.7493923e-02  -3.7330915e-02  -1.9673747e-01
  -2.9233826e-02  -3.7511966e-02  -3.7348569e-02  -1.9672954e-01
  -2.9167894e-02  -3.7529411e-02  -3.7365627e-02  -1.9671954e-01
  -2.9102427e-02  -3.7546263e-02  -3.7382096e-02  -1.9670747e-01
  -2.9037418e-02  -3.7562526e-02  -3.7397978e-02  -1.9669334e-01
  -2.8972855e-02  -3.7578203e-02  -3.7413277e-02  -1.9667717e-01
  -2.8908729e-02  -3.7593299e-02  -3.7427999e-02  -1.9665895e-01
  -2.8845032e-02  -3.7607818e-02  -3.7442146e-02  -1.9663871e-01
  -2.8781754e-02  -3.7621764e-02  -3.7455723e-02  -1.9661643e-01
  -2.8718886e-02  -3.7635141e-02  -3.7468733e-02  -1.9659215e-01
  -2.8656418e-02  -3.7647953e-02  -3.7481182e-02  -1.9656585e-01
  -2.8594343e-02  -3.7660203e-02  -3.7493072e-02  -1.9653756e-01
  -2.8532652e-02  -3.7671897e-02  -3.7504408e-02  -1.9650727e-01
  -2.8471335e-02  -3.7683037e-02  -3.7515193e-02  -1.9647500e-01
  -2.8410384e-02  -3.7693628e-02  -3.7525432e-02  -1.9644075e-01
  -2.8349791e-02  -3.7703673e-02  -3.7535128e-02  -1.9640454e-01
  -2.8289548e-02  -3.7713177e-02  -3.7544285e-02  -1.9636637e-01
  -2.8229646e-02  -3.7722142e-02  -3.7552907e-02  -1.9632625e-01
  -2.8170078e-02  -3.7730574e-02  -3.7560998e-02  -1.9628419e-01
  -2.8110836e-02  -3.7738475e-02  -3.7568561e-02  -1.9624019e-01
  -2.8051911e-02  -3.7745850e-02  -3.7575601e-02  -1.9619427e-01
  -2.7993297e-02  -3.7752702e-02  -3.7582120e-02  -1.9614643e-01
  -2.7934986e-02  -3.7759035e-02  -3.7588122e-02  -1.9609668e-01
  -2.7876970e-02  -3.7764852e-02  -3.7593612e-02  -1.9604504e-01
  -2.7819243e-02  -3.7770158e-02  -3.7598593e-02  -1.9599150e-01
  -2.7761796e-02  -3.7774955e-02  -3.7603067e-02  -1.9593608e-01
  -2.7704625e-02  -3.7779247e-02  -3.7607040e-02  -1.9587878e-01
  -2.7647720e-02  -3.7783038e-02  -3.7610515e-02  -1.9581962e-01
  -2.7591077e-02  -3.7786332e-02  -3.7613494e-02  -1.9575860e-01
  -2.7534687e-02  -3.7789131e-02  -3.7615981e-02  -1.9569574e-01
  -2.7478546e-02  -3.7791439e-02  -3.7617981e-02  -1.9563103e-01
  -2.7422647e-02  -3.7793261e-02  -3.7619495e-02  -1.9556449e-01
  -2.7366983e-02  -3.7794598e-02  -3.7620529e-02  -1.9549613e-01
  -2.7311548e-02  -3.7795455e-02  -3.7621084e-02  -1.9542596e-01
  -2.7256338e-02  -3.7795834e-02  -3.7621165e-02  -1.9535398e-01
  -2.7201345e-02  -3.7795740e-02  -3.7620775e-02  -1.9528020e-01
  -2.7146566e-02  -3.7795175e-02  -3.7619916e-02  -1.9520463e-01
  -2.7091993e-02  -3.7794143e-02  -3.7618593e-02  -1.9512729e-01
  -2.7037622e-02  -3.7792647e-02  -3.7616808e-02  -1.9504817e-01
  -2.6983448e-02  -3.7790690e-02  -3.7614565e-02  -1.9496730e-01
  -2.6929466e-02  -3.7788275e-02  -3.7611866e-02  -1.9488467e-01
  -2.6875670e-02  -3.7785405e-02  -3.7608716e-02  -1.9480029e-01
  -2.6822057e-02  -3.7782084e-02  -3.7605116e-02  -1.9471419e-01
  -2.6768621e-02  -3.7778315e-02  -3.7601071e-02  -1.9462635e-01
  -2.6715358e-02  -3.7774100e-02  -3.7596583e-02  -1.9453680e-01
  -2.6662264e-02  -3.7769443e-02  -3.7591655e-02  -1.9444554e-01
  -2.6609334e-02  -3.7764347e-02  -3.7586290e-02  -1.9435258e-01
  -2.6556565e-02  -3.7758814e-02  -3.7580492e-02  -1.9425793e-01
  -2.6503952e-02  -3.7752848e-02  -3.7574262e-02  -1.9416159e-01
  -2.6451492e-02  -3.7746452e-02  -3.7567605e-02  -1.9406359e-01
  -2.6399181e-02  -3.7739627e-02  -3.7560522e-02  -1.9396392e-01
  -2.6347015e-02  -3.7732379e-02  -3.7553018e-02  -1.9386259e-01
  -2.6294991e-02  -3.7724708e-02  -3.7545093e-02  -1.9375962e-01
  -2.6243106e-02  -3.7716618e-02  -3.7536753e-02  -1.9365501e-01
  -2.6191357e-02  -3.7708112e-02  -3.7527998e-02  -1.9354878e-01
  -2.6139739e-02  -3.7699193e-02  -3.7518833e-02  -1.9344092e-01
  -2.6088251e-02  -3.7689862e-02  -3.7509259e-02  -1.9333146e-01
  -2.6036890e-02  -3.7680124e-02  -3.7499280e-02  -1.9322039e-01
  -2.5985652e-02  -3.7669980e-02  -3.7488897e-02  -1.9310773e-01
  -2.5934536e-02  -3.7659434e-02  -3.7478115e-02  -1.9299349e-01
  -2.5883538e-02  -3.7648487e-02  -3.7466935e-02  -1.9287768e-01
  -2.5832657e-02  -3.7637143e-02  -3.7455360e-02  -1.9276030e-01
  -2.5781890e-02  -3.7625404e-02  -3.7443392e-02  -1.9264136e-01
  -2.5731234e-02  -3.7613272e-02  -3.7431034e-02  -1.9252088e-01
  -2.5680688e-02  -3.7600751e-02  -3.7418290e-02  -1.9239886e-01
  -2.5630251e-02  -3.7587842e-02  -3.7405160e-02  -1.9227531e-01
  -2.5579918e-02  -3.7574549e-02  -3.7391648e-02  -1.9215024e-01
  -2.5529691e-02  -3.7560873e-02  -3.7377756e-02  -1.9202366e-01
  -2.5479565e-02  -3.7546817e-02  -3.7363486e-02  -1.9189558e-01
  -2.5429540e-02  -3.7532384e-02  -3.7348842e-02  -1.9176600e-01
  -2.5379615e-02  -3.7517575e-02  -3.7333825e-02  -1.9163494e-01
  -2.5329788e-02  -3.7502394e-02  -3.7318437e-02  -1.9150241e-01
  -2.5280057e-02  -3.7486842e-02  -3.7302682e-02  -1.9136841e-01
  -2.5230422e-02  -3.7470923e-02  -3.7286561e-02  -1.9123295e-01
  -2.5180881e-02  -3.7454637e-02  -3.7270077e-02  -1.9109605e-01
  -2.5131433e-02  -3.7437988e-02  -3.7253232e-02  -1.9095771e-01
  -2.5082077e-02  -3.7420978e-02  -3.7236028e-02  -1.9081794e-01
  -2.5032813e-02  -3.7403609e-02  -3.7218468e-02  -1.9067674e-01
  -2.4983639e-02  -3.7385883e-02  -3.7200553e-02  -1.9053414e-01
  -2.4934555e-02  -3.7367802e-02  -3.7182287e-02  -1.9039013e-01
  -2.4885559e-02  -3.7349370e-02  -3.7163671e-02  -1.9024473e-01
  -2.4836652e-02  -3.7330587e-02  -3.7144707e-02  -1.9009794e-01
  -2.4787833e-02  -3.7311456e-02  -3.7125397e-02  -1.8994978e-01
  -2.4739101e-02  -3.7291979e-02  -3.7105744e-02  -1.8980025e-01
  -2.4690456e-02  -3.7272158e-02  -3.7085750e-02  -1.8964936e-01
  -2.4641897e-02  -3.7251996e-02  -3.7065417e-02  -1.8949712e-01
  -2.4593425e-02  -3.7231494e-02  -3.7044747e-02  -1.8934354e-01
  -2.4545039e-02  -3.7210655e-02  -3.7023741e-02  -1.8918863e-01
  -2.4496738e-02  -3.7189480e-02  -3.7002403e-02  -1.8903239e-01
  -2.4448522e-02  -3.7167972e-02  -3.6980734e-02  -1.8887484e-01
  -2.4400392e-02  -3.7146132e-02  -3.6958736e-02  -1.8871599e-01
  -2.4352348e-02  -3.7123963e-02  -3.6936412e-02  -1.8855584e-01
  -2.4304389e-02  -3.7101467e-02  -3.6913762e-02  -1.8839440e-01
  -2.4256515e-02  -3.7078645e-02  -3.6890790e-02  -1.8823168e-01
  -2.4208726e-02  -3.7055500e-02  -3.6867496e-02  -1.8806769e-01
  -2.4161024e-02  -3.7032033e-02  -3.6843884e-02  -1.8790243e-01
  -2.4113406e-02  -3.7008247e-02  -3.6819955e-02  -1.8773593e-01
  -2.4065875e-02  -3.6984143e-02  -3.6795710e-02  -1.8756817e-01
  -2.4018429e-02  -3.6959724e-02  -3.6771153e-02  -1.8739918e-01
  -2.3971070e-02  -3.6934990e-02  -3.6746284e-02  -1.8722897e-01
  -2.3923798e-02  -3.6909945e-02  -3.6721105e-02  -1.8705753e-01
  -2.3876612e-02  -3.6884589e-02  -3.6695620e-02  -1.8688488e-01
  -2.3829513e-02  -3.6858926e-02  -3.6669828e-02  -1.8671103e-01
  -2.3782502e-02  -3.6832956e-02  -3.6643733e-02  -1.8653599e-01
  -2.3735579e-02  -3.6806681e-02  -3.6617336e-02  -1.8635976e-01
  -2.3688743e-02  -3.6780104e-02  -3.6590638e-02  -1.8618235e-01
  -2.3641997e-02  -3.6753226e-02  -3.6563643e-02  -1.8600377e-01
  -2.3595339e-02  -3.6726049e-02  -3.6536351e-02  -1.8582404e-01
  -2.3548771e-02  -3.6698575e-02  -3.6508764e-02  -1.8564315e-01
  -2.3502293e-02  -3.6670805e-02  -3.6480884e-02  -1.8546111e-01
  -2.3455905e-02  -3.6642742e-02  -3.6452713e-02  -1.8527794e-01
  -2.3409607e-02  -3.6614387e-02  -3.6424253e-02  -1.8509364e-01
  -2.3363401e-02  -3.6585742e-02  -3.6395505e-02  -1.8490822e-01
  -2.3317287e-02  -3.6556808e-02  -3.6366472e-02  -1.8472169e-01
  -2.3271264e-02  -3.6527588e-02  -3.6337154e-02  -1.8453406e-01
  -2.3225334e-02  -3.6498083e-02  -3.6307554e-02  -1.8434533e-01
  -2.3179498e-02  -3.6468294e-02  -3.6277674e-02  -1.8415551e-01
  -2.3133754e-02  -3.6438225e-02  -3.6247514e-02  -1.8396461e-01
  -2.3088105e-02  -3.6407875e-02  -3.6217078e-02  -1.8377265e-01
  -2.3042550e-02  -3.6377248e-02  -3.6186366e-02  -1.8357961e-01
  -2.2997090e-02  -3.6346345e-02  -3.6155380e-02  -1.8338552e-01
  -2.2951726e-02  -3.6315167e-02  -3.6124123e-02  -1.8319039e-01
  -2.2906457e-02  -3.6283716e-02  -3.6092595e-02  -1.8299421e-01
  -2.2861284e-02  -3.6251994e-02  -3.6060798e-02  -1.8279700e-01
  -2.2816208e-02  -3.6220003e-02  -3.6028735e-02  -1.8259877e-01
  -2.2771230e-02  -3.6187743e-02  -3.5996406e-02  -1.8239951e-01
  -2.2726348e-02  -3.6155218e-02  -3.5963814e-02  -1.8219925e-01
  -2.2681565e-02  -3.6122428e-02  -3.5930960e-02  -1.8199799e-01
  -2.2636879e-02  -3.6089376e-02  -3.5897845e-02  -1.8179573e-01
  -2.2592293e-02  -3.6056063e-02  -3.5864472e-02  -1.8159248e-01
  -2.2547805e-02  -3.6022490e-02  -3.5830842e-02  -1.8138826e-01
  -2.2503416e-02  -3.5988659e-02  -3.5796957e-02  -1.8118306e-01
  -2.2459127e-02  -3.5954572e-02  -3.5762818e-02  -1.8097690e-01
  -2.2414938e-02  -3.5920231e-02  -3.5728427e-02  -1.8076978e-01
  -2.2370849e-02  -3.5885637e-02  -3.5693785e-02  -1.8056171e-01
  -2.2326861e-02  -3.5850791e-02  -3.5658895e-02  -1.8035270e-01
  -2.2282972e-02  -3.5815696e-02  -3.5623758e-02  -1.8014275e-01
  -2.2239185e-02  -3.5780353e-02  -3.5588375e-02  -1.7993188e-01
  -2.2195499e-02  -3.5744764e-02  -3.5552749e-02  -1.7972008e-01
  -2.2151914e-02  -3.5708931e-02  -3.5516880e-02  -1.7950737e-01
  -2.2108430e-02  -3.5672854e-02  -3.5480771e-02  -1.7929375e-01
  -2.2065048e-02  -3.5636535e-02  -3.5444423e-02  -1.7907924e-01
  -2.2021767e-02  -3.5599977e-02  -3.5407837e-02  -1.7886383e-01
  -2.1978587e-02  -3.5563181e-02  -3.5371015e-02  -1.7864753e-01
  -2.1935510e-02  -3.5526148e-02  -3.5333960e-02  -1.7843036e-01
  -2.1892533e-02  -3.5488881e-02  -3.5296672e-02  -1.7821231e-01
  -2.1849659e-02  -3.5451380e-02  -3.5259153e-02  -1.7799340e-01
  -2.1806886e-02  -3.5413647e-02  -3.5221404e-02  -1.7777363e-01
  -2.1764214e-02  -3.5375684e-02  -3.5183428e-02  -1.7755301e-01
  -2.1721644e-02  -3.5337492e-02  -3.5145225e-02  -1.7733154e-01
  -2.1679175e-02  -3.5299074e-02  -3.5106798e-02  -1.7710924e-01
  -2.1636807e-02  -3.5260430e-02  -3.5068149e-02  -1.7688611e-01
  -2.1594541e-02  -3.5221563e-02  -3.5029277e-02  -1.7666215e-01
  -2.1552375e-02  -3.5182473e-02  -3.4990186e-02  -1.7643737e-01
  -2.1510309e-02  -3.5143163e-02  -3.4950877e-02  -1.7621178e-01
  -2.1468344e-02  -3.5103634e-02  -3.4911351e-02  -1.7598539e-01
  -2.1426479e-02  -3.5063888e-02  -3.4871610e-02  -1.7575819e-01
  -2.1384713e-02  -3.5023925e-02  -3.4831655e-02  -1.7553021e-01
  -2.1343047e-02  -3.4983749e-02  -3.4791489e-02  -1.7530144e-01
  -2.1301479e-02  -3.4943360e-02  -3.4751112e-02  -1.7507189e-01
  -2.1260011e-02  -3.4902760e-02  -3.4710527e-02  -1.7484156e-01
  -2.1218640e-02  -3.4861951e-02  -3.4669734e-02  -1.7461048e-01
  -2.1177367e-02  -3.4820934e-02  -3.4628736e-02  -1.7437863e-01
  -2.1136192e-02  -3.4779710e-02  -3.4587534e-02  -1.7414602e-01
  -2.1095113e-02  -3.4738282e-02  -3.4546130e-02  -1.7391267e-01
  -2.1054130e-02  -3.4696651e-02  -3.4504524e-02  -1.7367858e-01
  -2.1013243e-02  -3.4654818e-02  -3.4462719e-02  -1.7344375e-01
  -2.0972451e-02  -3.4612786e-02  -3.4420717e-02  -1.7320819e-01
  -2.0931753e-02  -3.4570554e-02  -3.4378518e-02  -1.7297191e-01
  -2.0891149e-02  -3.4528127e-02  -3.4336124e-02  -1.7273491e-01
  -2.0850638e-02  -3.4485503e-02  -3.4293538e-02  -1.7249719e-01
  -2.0810220e-02  -3.4442687e-02  -3.4250760e-02  -1.7225878e-01
  -2.0769894e-02  -3.4399678e-02  -3.4207792e-02  -1.7201966e-01
  -2.0729658e-02  -3.4356478e-02  -3.4164635e-02  -1.7177985e-01
  -2.0689513e-02  -3.4313090e-02  -3.4121292e-02  -1.7153935e-01
  -2.0649458e-02  -3.4269514e-02  -3.4077764e-02  -1.7129817e-01
  -2.0609491e-02  -3.4225752e-02  -3.4034051e-02  -1.7105632e-01
  -2.0569612e-02  -3.4181806e-02  -3.3990156e-02  -1.7081379e-01
  -2.0529820e-02  -3.4137677e-02  -3.3946081e-02  -1.7057060e-01
  -2.0490114e-02  -3.4093367e-02  -3.3901827e-02  -1.7032675e-01
  -2.0450494e-02  -3.4048877e-02  -3.3857394e-02  -1.7008225e-01
  -2.0410958e-02  -3.4004209e-02  -3.3812786e-02  -1.6983710e-01
  -2.0371505e-02  -3.3959365e-02  -3.3768003e-02  -1.6959130e-01
  -2.0332135e-02  -3.3914345e-02  -3.3723048e-02  -1.6934487e-01
  -2.0292847e-02  -3.3869152e-02  -3.3677920e-02  -1.6909781e-01
  -2.0253639e-02  -3.3823788e-02  -3.3632623e-02  -1.6885013e-01
  -2.0214511e-02  -3.3778252e-02  -3.3587157e-02  -1.6860182e-01
  -2.0175462e-02  -3.3732548e-02  -3.3541525e-02  -1.6835290e-01
  -2.0136490e-02  -3.3686676e-02  -3.3495727e-02  -1.6810337e-01
  -2.0097594e-02  -3.3640639e-02  -3.3449765e-02  -1.6785324e-01
  -2.0058774e-02  -3.3594437e-02  -3.3403640e-02  -1.6760251e-01
  -2.0020029e-02  -3.3548072e-02  -3.3357355e-02  -1.6735119e-01
  -1.9981357e-02  -3.3501547e-02  -3.3310910e-02  -1.6709928e-01
  -1.9942757e-02  -3.3454861e-02  -3.3264308e-02  -1.6684679e-01
  -1.9904228e-02  -3.3408017e-02  -3.3217549e-02  -1.6659372e-01
  -1.9865769e-02  -3.3361016e-02  -3.3170635e-02  -1.6634008e-01
  -1.9827380e-02  -3.3313861e-02  -3.3123568e-02  -1.6608587e-01
  -1.9789058e-02  -3.3266551e-02  -3.3076349e-02  -1.6583110e-01
  -1.9750802e-02  -3.3219089e-02  -3.3028979e-02  -1.6557578e-01
  -1.9712612e-02  -3.3171476e-02  -3.2981460e-02  -1.6531990e-01
  -1.9674487e-02  -3.3123714e-02  -3.2933794e-02  -1.6506348e-01
  -1.9636425e-02  -3.3075805e-02  -3.2885982e-02  -1.6480652e-01
  -1.9598424e-02  -3.3027749e-02  -3.2838026e-02  -1.6454902e-01
  -1.9560485e-02  -3.2979548e-02  -3.2789926e-02  -1.6429100e-01
  -1.9522605e-02  -3.2931203e-02  -3.2741685e-02  -1.6403245e-01
  -1.9484783e-02  -3.2882717e-02  -3.2693303e-02  -1.6377337e-01
  -1.9447019e-02  -3.2834091e-02  -3.2644783e-02  -1.6351379e-01
  -1.9409311e-02  -3.2785325e-02  -3.2596126e-02  -1.6325369e-01
  -1.9371657e-02  -3.2736422e-02  -3.2547332e-02  -1.6299309e-01
  -1.9334058e-02  -3.2687383e-02  -3.2498405e-02  -1.6273199e-01
  -1.9296510e-02  -3.2638209e-02  -3.2449344e-02  -1.6247039e-01
  -1.9259014e-02  -3.2588902e-02  -3.2400152e-02  -1.6220830e-01
  -1.9221568e-02  -3.2539463e-02  -3.2350830e-02  -1.6194573e-01
  -1.9184171e-02  -3.2489894e-02  -3.2301379e-02  -1.6168267e-01
  -1.9146822e-02  -3.2440196e-02  -3.2251801e-02  -1.6141914e-01
  -1.9109519e-02  -3.2390371e-02  -3.2202096e-02  -1.6115514e-01
  -1.9072262e-02  -3.2340420e-02  -3.2152268e-02  -1.6089068e-01
  -1.9035048e-02  -3.2290343e-02  -3.2102316e-02  -1.6062575e-01
  -1.8997878e-02  -3.2240144e-02  -3.2052243e-02  -1.6036036e-01
  -1.8960749e-02  -3.2189823e-02  -3.2002049e-02  -1.6009453e-01
  -1.8923661e-02  -3.2139381e-02  -3.1951737e-02  -1.5982824e-01
  -1.8886612e-02  -3.2088820e-02  -3.1901307e-02  -1.5956152e-01
  -1.8849601e-02  -3.2038142e-02  -3.1850761e-02  -1.5929435e-01
  -1.8812628e-02  -3.1987347e-02  -3.1800100e-02  -1.5902676e-01
  -1.8775690e-02  -3.1936438e-02  -3.1749325e-02  -1.5875873e-01
  -1.8738788e-02  -3.1885414e-02  -3.1698439e-02  -1.5849028e-01
  -1.8701919e-02  -3.1834279e-02  -3.1647441e-02  -1.5822142e-01
  -1.8665083e-02  -3.1783032e-02  -3.1596334e-02  -1.5795214e-01
  -1.8628278e-02  -3.1731676e-02  -3.1545120e-02  -1.5768244e-01
  -1.8591503e-02  -3.1680212e-02  -3.1493798e-02  -1.5741235e-01
  -1.8554758e-02  -3.1628641e-02  -3.1442371e-02  -1.5714185e-01
  -1.8518041e-02  -3.1576965e-02  -3.1390840e-02  -1.5687096e-01
  -1.8481352e-02  -3.1525184e-02  -3.1339206e-02  -1.5659968e-01
  -1.8444688e-02  -3.1473301e-02  -3.1287471e-02  -1.5632800e-01
  -1.8408049e-02  -3.1421315e-02  -3.1235635e-02  -1.5605595e-01
  -1.8371435e-02  -3.1369230e-02  -3.1183701e-02  -1.5578352e-01
  -1.8334844e-02  -3.1317045e-02  -3.1131668e-02  -1.5551072e-01
  -1.8298274e-02  -3.1264763e-02  -3.1079540e-02  -1.5523754e-01
  -1.8261726e-02  -3.1212385e-02  -3.1027316e-02  -1.5496401e-01
  -1.8225198e-02  -3.1159911e-02  -3.0974999e-02  -1.5469011e-01
  -1.8188689e-02  -3.1107343e-02  -3.0922588e-02  -1.5441586e-01
  -1.8152198e-02  -3.1054683e-02  -3.0870087e-02  -1.5414125e-01
  -1.8115725e-02  -3.1001931e-02  -3.0817496e-02  -1.5386630e-01
  -1.8079268e-02  -3.0949089e-02  -3.0764815e-02  -1.5359101e-01
  -1.8042826e-02  -3.0896158e-02  -3.0712047e-02  -1.5331538e-01
  -1.8006400e-02  -3.0843140e-02  -3.0659193e-02  -1.5303942e-01
  -1.7969987e-02  -3.0790035e-02  -3.0606253e-02  -1.5276313e-01
  -1.7933586e-02  -3.0736845e-02  -3.0553229e-02  -1.5248651e-01
  -1.7897199e-02  -3.0683570e-02  -3.0500123e-02  -1.5220957e-01
  -1.7860822e-02  -3.0630213e-02  -3.0446935e-02  -1.5193232e-01
  -1.7824456e-02  -3.0576775e-02  -3.0393667e-02  -1.5165475e-01
  -1.7788100e-02  -3.0523255e-02  -3.0340319e-02  -1.5137688e-01
  -1.7751753e-02  -3.0469657e-02  -3.0286893e-02  -1.5109871e-01
  -1.7715414e-02  -3.0415981e-02  -3.0233390e-02  -1.5082023e-01
  -1.7679083e-02  -3.0362227e-02  -3.0179812e-02  -1.5054146e-01
  -1.7642759e-02  -3.0308398e-02  -3.0126159e-02  -1.5026240e-01
  -1.7606441e-02  -3.0254494e-02  -3.0072432e-02  -1.4998306e-01
  -1.7570129e-02  -3.0200517e-02  -3.0018633e-02  -1.4970343e-01
  -1.7533821e-02  -3.0146467e-02  -2.9964763e-02  -1.4942353e-01
  -1.7497518e-02  -3.0092346e-02  -2.9910823e-02  -1.4914335e-01
  -1.7461219e-02  -3.0038155e-02  -2.9856814e-02  -1.4886290e-01
  -1.7424924e-02  -2.9983895e-02  -2.9802737e-02  -1.4858219e-01
  -1.7388630e-02  -2.9929567e-02  -2.9748593e-02  -1.4830122e-01
  -1.7352339e-02  -2.9875172e-02  -2.9694383e-02  -1.4801999e-01
  -1.7316050e-02  -2.9820711e-02  -2.9640109e-02  -1.4773851e-01
  -1.7279762e-02  -2.9766186e-02  -2.9585771e-02  -1.4745678e-01
  -1.7243474e-02  -2.9711598e-02  -2.9531371e-02  -1.4717480e-01
  -1.7207187e-02  -2.9656946e-02  -2.9476909e-02  -1.4689259e-01
  -1.7170900e-02  -2.9602234e-02  -2.9422387e-02  -1.4661014e-01
  -1.7134612e-02  -2.9547461e-02  -2.9367806e-02  -1.4632746e-01
  -1.7098323e-02  -2.9492629e-02  -2.9313166e-02  -1.4604455e-01
  -1.7062032e-02  -2.9437738e-02  -2.9258469e-02  -1.4576141e-01
  -1.7025740e-02  -2.9382790e-02  -2.9203716e-02  -1.4547806e-01
  -1.6989446e-02  -2.9327786e-02  -2.9148907e-02  -1.4519449e-01
  -1.6953149e-02  -2.9272727e-02  -2.9094045e-02  -1.4491071e-01
  -1.6916850e-02  -2.9217613e-02  -2.9039129e-02  -1.4462672e-01
  -1.6880548e-02  -2.9162446e-02  -2.8984161e-02  -1.4434253e-01
  -1.6844242e-02  -2.9107227e-02  -2.8929141e-02  -1.4405814e-01
  -1.6807934e-02  -2.9051957e-02  -2.8874072e-02  -1.4377355e-01
  -1.6771621e-02  -2.8996636e-02  -2.8818953e-02  -1.4348877e-01
  -1.6735305e-02  -2.8941266e-02  -2.8763786e-02  -1.4320381e-01
  -1.6698985e-02  -2.8885848e-02  -2.8708571e-02  -1.4291866e-01
  -1.6662660e-02  -2.8830382e-02  -2.8653310e-02  -1.4263333e-01
  -1.6626332e-02  -2.8774870e-02  -2.8598003e-02  -1.4234782e-01
  -1.6589999e-02  -2.8719313e-02  -2.8542652e-02  -1.4206214e-01
  -1.6553661e-02  -2.8663711e-02  -2.8487257e-02  -1.4177630e-01
  -1.6517319e-02  -2.8608065e-02  -2.8431820e-02  -1.4149029e-01
  -1.6480972e-02  -2.8552377e-02  -2.8376340e-02  -1.4120412e-01
  -1.6444620e-02  -2.8496647e-02  -2.8320820e-02  -1.4091780e-01
  -1.6408264e-02  -2.8440875e-02  -2.8265260e-02  -1.4063132e-01
  -1.6371903e-02  -2.8385064e-02  -2.8209661e-02  -1.4034469e-01
  -1.6335537e-02  -2.8329214e-02  -2.8154023e-02  -1.4005792e-01
  -1.6299166e-02  -2.8273326e-02  -2.8098349e-02  -1.3977101e-01
  -1.6262791e-02  -2.8217400e-02  -2.8042638e-02  -1.3948396e-01
  -1.6226411e-02  -2.8161438e-02  -2.7986891e-02  -1.3919678e-01
  -1.6190026e-02  -2.8105440e-02  -2.7931109e-02  -1.3890947e-01
  -1.6153637e-02  -2.8049408e-02  -2.7875294e-02  -1.3862203e-01
  -1.6117243e-02  -2.7993341e-02  -2.7819445e-02  -1.3833447e-01
  -1.6080845e-02  -2.7937242e-02  -2.7763565e-02  -1.3804679e-01
  -1.6044443e-02  -2.7881110e-02  -2.7707653e-02  -1.3775900e-01
  -1.6008037e-02  -2.7824948e-02  -2.7651710e-02  -1.3747110e-01
  -1.5971627e-02  -2.7768754e-02  -2.7595738e-02  -1.3718309e-01
  -1.5935213e-02  -2.7712531e-02  -2.7539737e-02  -1.3689497e-01
  -1.5898796e-02  -2.7656279e-02  -2.7483708e-02  -1.3660676e-01
  -1.5862375e-02  -2.7599999e-02  -2.7427652e-02  -1.3631845e-01
  -1.5825951e-02  -2.7543692e-02  -2.7371569e-02  -1.3603005e-01
  -1.5789525e-02  -2.7487358e-02  -2.7315460e-02  -1.3574156e-01
  -1.5753095e-02  -2.7430998e-02  -2.7259327e-02  -1.3545298e-01
  -1.5716663e-02  -2.7374614e-02  -2.7203169e-02  -1.3516433e-01
  -1.5680229e-02  -2.7318205e-02  -2.7146988e-02  -1.3487559e-01
  -1.5643793e-02  -2.7261773e-02  -2.7090785e-02  -1.3458678e-01
  -1.5607356e-02  -2.7205319e-02  -2.7034560e-02  -1.3429791e-01
  -1.5570917e-02  -2.7148842e-02  -2.6978313e-02  -1.3400896e-01
  -1.5534477e-02  -2.7092345e-02  -2.6922047e-02  -1.3371995e-01
  -1.5498036e-02  -2.7035827e-02  -2.6865760e-02  -1.3343088e-01
  -1.5461595e-02  -2.6979290e-02  -2.6809455e-02  -1.3314175e-01
  -1.5425154e-02  -2.6922734e-02  -2.6753132e-02  -1.3285257e-01
  -1.5388713e-02  -2.6866160e-02  -2.6696792e-02  -1.3256334e-01
  -1.5352273e-02  -2.6809568e-02  -2.6640435e-02  -1.3227407e-01
  -1.5315834e-02  -2.6752960e-02  -2.6584062e-02  -1.3198475e-01
  -1.5279396e-02  -2.6696336e-02  -2.6527674e-02  -1.3169539e-01
  -1.5242960e-02  -2.6639697e-02  -2.6471271e-02  -1.3140600e-01
  -1.5206526e-02  -2.6583043e-02  -2.6414854e-02  -1.3111657e-01
  -1.5170094e-02  -2.6526375e-02  -2.6358425e-02  -1.3082712e-01
  -1.5133666e-02  -2.6469694e-02  -2.6301983e-02  -1.3053764e-01
  -1.5097240e-02  -2.6413001e-02  -2.6245529e-02  -1.3024814e-01
  -1.5060818e-02  -2.6356296e-02  -2.6189065e-02  -1.2995862e-01
  -1.5024401e-02  -2.6299581e-02  -2.6132590e-02  -1.2966908e-01
  -1.4987988e-02  -2.6242854e-02  -2.6076105e-02  -1.2937953e-01
  -1.4951580e-02  -2.6186119e-02  -2.6019611e-02  -1.2908997e-01
  -1.4915177e-02  -2.6129374e-02  -2.5963109e-02  -1.2880041e-01
  -1.4878780e-02  -2.6072620e-02  -2.5906600e-02  -1.2851085e-01
  -1.4842389e-02  -2.6015860e-02  -2.5850083e-02  -1.2822128e-01
  -1.4806005e-02  -2.5959092e-02  -2.5793560e-02  -1.2793172e-01
  -1.4769628e-02  -2.5902317e-02  -2.5737031e-02  -1.2764217e-01
  -1.4733259e-02  -2.5845537e-02  -2.5680497e-02  -1.2735263e-01
  -1.4696898e-02  -2.5788752e-02  -2.5623959e-02  -1.2706310e-01
  -1.4660545e-02  -2.5731963e-02  -2.5567417e-02  -1.2677359e-01
  -1.4624201e-02  -2.5675170e-02  -2.5510872e-02  -1.2648410e-01
  -1.4587867e-02  -2.5618373e-02  -2.5454324e-02  -1.2619463e-01
  -1.4551543e-02  -2.5561574e-02  -2.5397774e-02  -1.2590519e-01
  -1.4515229e-02  -2.5504773e-02  -2.5341223e-02  -1.2561578e-01
  -1.4478925e-02  -2.5447971e-02  -2.5284672e-02  -1.2532641e-01
  -1.4442633e-02  -2.5391168e-02  -2.5228120e-02  -1.2503706e-01
  -1.4406353e-02  -2.5334365e-02  -2.5171569e-02  -1.2474776e-01
  -1.4370085e-02  -2.5277563e-02  -2.5115019e-02  -1.2445850e-01
  -1.4333830e-02  -2.5220762e-02  -2.5058470e-02  -1.2416929e-01
  -1.4297588e-02  -2.5163962e-02  -2.5001924e-02  -1.2388012e-01
  -1.4261359e-02  -2.5107165e-02  -2.4945381e-02  -1.2359100e-01
  -1.4225145e-02  -2.5050371e-02  -2.4888842e-02  -1.2330194e-01
  -1.4188945e-02  -2.4993580e-02  -2.4832307e-02  -1.2301294e-01
  -1.4152761e-02  -2.4936793e-02  -2.4775776e-02  -1.2272399e-01
  -1.4116591e-02  -2.4880012e-02  -2.4719250e-02  -1.2243511e-01
  -1.4080438e-02  -2.4823235e-02  -2.4662731e-02  -1.2214630e-01
  -1.4044301e-02  -2.4766464e-02  -2.4606218e-02  -1.2185755e-01
  -1.4008182e-02  -2.4709700e-02  -2.4549712e-02  -1.2156887e-01
  -1.3972079e-02  -2.4652943e-02  -2.4493213e-02  -1.2128027e-01
  -1.3935994e-02  -2.4596193e-02  -2.4436723e-02  -1.2099175e-01
  -1.3899928e-02  -2.4539452e-02  -2.4380241e-02  -1.2070331e-01
  -1.3863880e-02  -2.4482719e-02  -2.4323768e-02  -1.2041495e-01
  -1.3827852e-02  -2.4425995e-02  -2.4267306e-02  -1.2012668e-01
  -1.3791843e-02  -2.4369282e-02  -2.4210853e-02  -1.1983849e-01
  -1.3755855e-02  -2.4312578e-02  -2.4154412e-02  -1.1955040e-01
  -1.3719886e-02  -2.4255886e-02  -2.4097981e-02  -1.1926240e-01
  -1.3683939e-02  -2.4199205e-02  -2.4041563e-02  -1.1897450e-01
  -1.3648013e-02  -2.4142536e-02  -2.3985158e-02  -1.1868670e-01
  -1.3612110e-02  -2.4085880e-02  -2.3928765e-02  -1.1839901e-01
  -1.3576228e-02  -2.4029236e-02  -2.3872386e-02  -1.1811141e-01
  -1.3540369e-02  -2.3972607e-02  -2.3816022e-02  -1.1782393e-01
  -1.3504533e-02  -2.3915991e-02  -2.3759671e-02  -1.1753656e-01
  -1.3468721e-02  -2.3859390e-02  -2.3703336e-02  -1.1724930e-01
  -1.3432933e-02  -2.3802805e-02  -2.3647017e-02  -1.1696215e-01
  -1.3397169e-02  -2.3746235e-02  -2.3590714e-02  -1.1667513e-01
  -1.3361430e-02  -2.3689682e-02  -2.3534428e-02  -1.1638822e-01
  -1.3325716e-02  -2.3633145e-02  -2.3478159e-02  -1.1610144e-01
  -1.3290027e-02  -2.3576625e-02  -2.3421907e-02  -1.1581479e-01
  -1.3254365e-02  -2.3520124e-02  -2.3365674e-02  -1.1552826e-01
  -1.3218728e-02  -2.3463641e-02  -2.3309460e-02  -1.1524187e-01
  -1.3183119e-02  -2.3407176e-02  -2.3253265e-02  -1.1495561e-01
  -1.3147537e-02  -2.3350731e-02  -2.3197090e-02  -1.1466949e-01
  -1.3111982e-02  -2.3294306e-02  -2.3140935e-02  -1.1438351e-01
  -1.3076455e-02  -2.3237901e-02  -2.3084801e-02  -1.1409767e-01
  -1.3040956e-02  -2.3181517e-02  -2.3028688e-02  -1.1381197e-01
  -1.3005486e-02  -2.3125155e-02  -2.2972597e-02  -1.1352642e-01
  -1.2970044e-02  -2.3068814e-02  -2.2916529e-02  -1.1324102e-01
  -1.2934632e-02  -2.3012496e-02  -2.2860483e-02  -1.1295577e-01
  -1.2899250e-02  -2.2956200e-02  -2.2804460e-02  -1.1267067e-01
  -1.2863897e-02  -2.2899928e-02  -2.2748461e-02  -1.1238573e-01
  -1.2828575e-02  -2.2843680e-02  -2.2692487e-02  -1.1210095e-01
  -1.2793283e-02  -2.2787456e-02  -2.2636537e-02  -1.1181633e-01
  -1.2758022e-02  -2.2731257e-02  -2.2580612e-02  -1.1153187e-01
  -1.2722792e-02  -2.2675083e-02  -2.2524713e-02  -1.1124758e-01
  -1.2687594e-02  -2.2618935e-02  -2.2468840e-02  -1.1096346e-01
  -1.2652428e-02  -2.2562813e-02  -2.2412993e-02  -1.1067951e-01
  -1.2617293e-02  -2.2506718e-02  -2.2357174e-02  -1.1039573e-01
  -1.2582191e-02  -2.2450650e-02  -2.2301382e-02  -1.1011212e-01
  -1.2547122e-02  -2.2394610e-02  -2.2245618e-02  -1.0982869e-01
  -1.2512086e-02  -2.2338598e-02  -2.2189883e-02  -1.0954544e-01
  -1.2477083e-02  -2.2282614e-02  -2.2134177e-02  -1.0926238e-01
  -1.2442113e-02  -2.2226660e-02  -2.2078500e-02  -1.0897949e-01
  -1.2407177e-02  -2.2170735e-02  -2.2022853e-02  -1.0869679e-01
  -1.2372275e-02  -2.2114840e-02  -2.1967236e-02  -1.0841428e-01
  -1.2337408e-02  -2.2058975e-02  -2.1911650e-02  -1.0813197e-01
  -1.2302574e-02  -2.2003142e-02  -2.1856095e-02  -1.0784984e-01
  -1.2267776e-02  -2.1947339e-02  -2.1800572e-02  -1.0756791e-01
  -1.2233012e-02  -2.1891569e-02  -2.1745081e-02  -1.0728617e-01
  -1.2198284e-02  -2.1835831e-02  -2.1689623e-02  -1.0700464e-01
  -1.2163591e-02  -2.1780125e-02  -2.1634197e-02  -1.0672330e-01
  -1.2128934e-02  -2.1724453e-02  -2.1578805e-02  -1.0644217e-01
  -1.2094313e-02  -2.1668814e-02  -2.1523447e-02  -1.0616124e-01
  -1.2059727e-02  -2.1613209e-02  -2.1468124e-02  -1.0588052e-01
  -1.2025178e-02  -2.1557639e-02  -2.1412835e-02  -1.0560001e-01
  -1.1990666e-02  -2.1502104e-02  -2.1357581e-02  -1.0531971e-01
  -1.1956190e-02  -2.1446604e-02  -2.1302362e-02  -1.0503962e-01
  -1.1921751e-02  -2.1391139e-02  -2.1247180e-02  -1.0475975e-01
  -1.1887349e-02  -2.1335712e-02  -2.1192035e-02  -1.0448010e-01
  -1.1852984e-02  -2.1280320e-02  -2.1136926e-02  -1.0420067e-01
  -1.1818656e-02  -2.1224966e-02  -2.1081854e-02  -1.0392145e-01
  -1.1784366e-02  -2.1169649e-02  -2.1026821e-02  -1.0364246e-01
  -1.1750114e-02  -2.1114370e-02  -2.0971825e-02  -1.0336370e-01
  -1.1715899e-02  -2.1059130e-02  -2.0916868e-02  -1.0308516e-01
  -1.1681723e-02  -2.1003928e-02  -2.0861950e-02  -1.0280685e-01
  -1.1647584e-02  -2.0948766e-02  -2.0807072e-02  -1.0252877e-01
  -1.1613484e-02  -2.0893643e-02  -2.0752233e-02  -1.0225093e-01
  -1.1579423e-02  -2.0838560e-02  -2.0697435e-02  -1.0197332e-01
  -1.1545400e-02  -2.0783518e-02  -2.0642677e-02  -1.0169594e-01
  -1.1511416e-02  -2.0728516e-02  -2.0587960e-02  -1.0141881e-01
  -1.1477470e-02  -2.0673556e-02  -2.0533285e-02  -1.0114191e-01
  -1.1443564e-02  -2.0618637e-02  -2.0478651e-02  -1.0086526e-01
  -1.1409697e-02  -2.0563761e-02  -2.0424060e-02  -1.0058885e-01
  -1.1375869e-02  -2.0508927e-02  -2.0369512e-02  -1.0031268e-01
  -1.1342080e-02  -2.0454135e-02  -2.0315006e-02  -1.0003676e-01
  -1.1308331e-02  -2.0399387e-02  -2.0260544e-02  -9.9761095e-02
  -1.1274621e-02  -2.0344683e-02  -2.0206126e-02  -9.9485678e-02
  -1.1240951e-02  -2.0290023e-02  -2.0151752e-02  -9.9210513e-02
  -1.1207320e-02  -2.0235407e-02  -2.0097423e-02  -9.8935602e-02
  -1.1173730e-02  -2.0180836e-02  -2.0043138e-02  -9.8660948e-02
  -1.1140180e-02  -2.0126310e-02  -1.9988899e-02  -9.8386551e-02
  -1.1106669e-02  -2.0071830e-02  -1.9934706e-02  -9.8112413e-02
  -1.1073199e-02  -2.0017396e-02  -1.9880559e-02  -9.7838537e-02
  -1.1039769e-02  -1.9963008e-02  -1.9826459e-02  -9.7564924e-02
  -1.1006379e-02  -1.9908667e-02  -1.9772405e-02  -9.7291575e-02
  -1.0973030e-02  -1.9854373e-02  -1.9718398e-02  -9.7018492e-02
  -1.0939721e-02  -1.9800127e-02  -1.9664440e-02  -9.6745677e-02
  -1.0906452e-02  -1.9745928e-02  -1.9610529e-02  -9.6473131e-02
  -1.0873225e-02  -1.9691778e-02  -1.9556667e-02  -9.6200857e-02
  -1.0840038e-02  -1.9637676e-02  -1.9502853e-02  -9.5928855e-02
  -1.0806892e-02  -1.9583624e-02  -1.9449088e-02  -9.5657127e-02
  -1.0773786e-02  -1.9529621e-02  -1.9395373e-02  -9.5385675e-02
  -1.0740722e-02  -1.9475667e-02  -1.9341708e-02  -9.5114500e-02
  -1.0707698e-02  -1.9421763e-02  -1.9288093e-02  -9.4843605e-02
  -1.0674716e-02  -1.9367910e-02  -1.9234528e-02  -9.4572990e-02
  -1.0641775e-02  -1.9314108e-02  -1.9181015e-02  -9.4302657e-02
  -1.0608875e-02  -1.9260357e-02  -1.9127552e-02  -9.4032607e-02
  -1.0576016e-02  -1.9206657e-02  -1.9074141e-02  -9.3762843e-02
  -1.0543198e-02  -1.9153010e-02  -1.9020782e-02  -9.3493365e-02
  -1.0510422e-02  -1.9099414e-02  -1.8967476e-02  -9.3224176e-02
  -1.0477687e-02  -1.9045871e-02  -1.8914221e-02  -9.2955275e-02
  -1.0444994e-02  -1.8992381e-02  -1.8861020e-02  -9.2686667e-02
  -1.0412342e-02  -1.8938944e-02  -1.8807872e-02  -9.2418350e-02
  -1.0379731e-02  -1.8885561e-02  -1.8754778e-02  -9.2150328e-02
  -1.0347163e-02  -1.8832231e-02  -1.8701738e-02  -9.1882601e-02
  -1.0314636e-02  -1.8778956e-02  -1.8648752e-02  -9.1615171e-02
  -1.0282151e-02  -1.8725735e-02  -1.8595820e-02  -9.1348039e-02
  -1.0249707e-02  -1.8672569e-02  -1.8542944e-02  -9.1081207e-02
  -1.0217305e-02  -1.8619459e-02  -1.8490123e-02  -9.0814676e-02
  -1.0184946e-02  -1.8566404e-02  -1.8437357e-02  -9.0548448e-02
  -1.0152628e-02  -1.8513404e-02  -1.8384647e-02  -9.0282524e-02
  -1.0120352e-02  -1.8460461e-02  -1.8331994e-02  -9.0016905e-02
  -1.0088118e-02  -1.8407575e-02  -1.8279397e-02  -8.9751592e-02
  -1.0055926e-02  -1.8354745e-02  -1.8226856e-02  -8.9486588e-02
  -1.0023777e-02  -1.8301973e-02  -1.8174373e-02  -8.9221893e-02
  -9.9916693e-03  -1.8249258e-02  -1.8121948e-02  -8.8957509e-02
  -9.9596041e-03  -1.8196600e-02  -1.8069580e-02  -8.8693437e-02
  -9.9275811e-03  -1.8144001e-02  -1.8017270e-02  -8.8429679e-02
  -9.8956005e-03  -1.8091460e-02  -1.7965019e-02  -8.8166235e-02
  -9.8636623e-03  -1.8038978e-02  -1.7912826e-02  -8.7903107e-02
  -9.8317665e-03  -1.7986555e-02  -1.7860692e-02  -8.7640297e-02
  -9.7999132e-03  -1.7934191e-02  -1.7808618e-02  -8.7377805e-02
  -9.7681024e-03  -1.7881886e-02  -1.7756603e-02  -8.7115633e-02
  -9.7363343e-03  -1.7829642e-02  -1.7704648e-02  -8.6853782e-02
  -9.7046087e-03  -1.7777458e-02  -1.7652753e-02  -8.6592253e-02
  -9.6729259e-03  -1.7725334e-02  -1.7600918e-02  -8.6331049e-02
  -9.6412858e-03  -1.7673270e-02  -1.7549144e-02  -8.6070169e-02
  -9.6096885e-03  -1.7621268e-02  -1.7497431e-02  -8.5809615e-02
  -9.5781340e-03  -1.7569327e-02  -1.7445779e-02  -8.5549389e-02
  -9.5466225e-03  -1.7517448e-02  -1.7394189e-02  -8.5289491e-02
  -9.5151539e-03  -1.7465630e-02  -1.7342661e-02  -8.5029923e-02
  -9.4837284e-03  -1.7413875e-02  -1.7291195e-02  -8.4770686e-02
  -9.4523459e-03  -1.7362182e-02  -1.7239791e-02  -8.4511781e-02
  -9.4210066e-03  -1.7310552e-02  -1.7188450e-02  -8.4253209e-02
  -9.3897106e-03  -1.7258984e-02  -1.7137171e-02  -8.3994972e-02
  -9.3584577e-03  -1.7207480e-02  -1.7085956e-02  -8.3737071e-02
  -9.3272483e-03  -1.7156040e-02  -1.7034804e-02  -8.3479506e-02
  -9.2960822e-03  -1.7104663e-02  -1.6983716e-02  -8.3222280e-02
  -9.2649596e-03  -1.7053350e-02  -1.6932691e-02  -8.2965392e-02
  -9.2338805e-03  -1.7002101e-02  -1.6881731e-02  -8.2708845e-02
  -9.2028450e-03  -1.6950917e-02  -1.6830836e-02  -8.2452639e-02
  -9.1718531e-03  -1.6899797e-02  -1.6780005e-02  -8.2196776e-02
  -9.1409050e-03  -1.6848743e-02  -1.6729239e-02  -8.1941256e-02
  -9.1100007e-03  -1.6797754e-02  -1.6678538e-02  -8.1686081e-02
  -9.0791403e-03  -1.6746830e-02  -1.6627902e-02  -8.1431251e-02
  -9.0483238e-03  -1.6695972e-02  -1.6577332e-02  -8.1176769e-02
  -9.0175513e-03  -1.6645180e-02  -1.6526828e-02  -8.0922634e-02
  -8.9868230e-03  -1.6594454e-02  -1.6476390e-02  -8.0668849e-02
  -8.9561388e-03  -1.6543795e-02  -1.6426019e-02  -8.0415413e-02
  -8.9254988e-03  -1.6493202e-02  -1.6375714e-02  -8.0162328e-02
  -8.8949032e-03  -1.6442677e-02  -1.6325476e-02  -7.9909596e-02
  -8.8643520e-03  -1.6392218e-02  -1.6275305e-02  -7.9657217e-02
  -8.8338453e-03  -1.6341827e-02  -1.6225201e-02  -7.9405191e-02
  -8.8033832e-03  -1.6291504e-02  -1.6175165e-02  -7.9153521e-02
  -8.7729657e-03  -1.6241248e-02  -1.6125196e-02  -7.8902208e-02
  -8.7425929e-03  -1.6191060e-02  -1.6075296e-02  -7.8651251e-02
  -8.7122650e-03  -1.6140941e-02  -1.6025463e-02  -7.8400652e-02
  -8.6819820e-03  -1.6090890e-02  -1.5975699e-02  -7.8150413e-02
  -8.6517440e-03  -1.6040908e-02  -1.5926004e-02  -7.7900534e-02
  -8.6215511e-03  -1.5990995e-02  -1.5876377e-02  -7.7651016e-02
  -8.5914034e-03  -1.5941151e-02  -1.5826820e-02  -7.7401860e-02
  -8.5613009e-03  -1.5891376e-02  -1.5777331e-02  -7.7153067e-02
  -8.5312439e-03  -1.5841671e-02  -1.5727912e-02  -7.6904638e-02
  -8.5012322e-03  -1.5792036e-02  -1.5678563e-02  -7.6656573e-02
  -8.4712662e-03  -1.5742471e-02  -1.5629283e-02  -7.6408875e-02
  -8.4413458e-03  -1.5692975e-02  -1.5580074e-02  -7.6161543e-02
  -8.4114711e-03  -1.5643550e-02  -1.5530934e-02  -7.5914579e-02
  -8.3816423e-03  -1.5594196e-02  -1.5481865e-02  -7.5667983e-02
  -8.3518594e-03  -1.5544913e-02  -1.5432867e-02  -7.5421757e-02
  -8.3221226e-03  -1.5495700e-02  -1.5383939e-02  -7.5175901e-02
  -8.2924319e-03  -1.5446559e-02  -1.5335083e-02  -7.4930417e-02
  -8.2627875e-03  -1.5397488e-02  -1.5286297e-02  -7.4685304e-02
  -8.2331895e-03  -1.5348490e-02  -1.5237583e-02  -7.4440564e-02
  -8.2036379e-03  -1.5299563e-02  -1.5188941e-02  -7.4196199e-02
  -8.1741328e-03  -1.5250708e-02  -1.5140370e-02  -7.3952207e-02
  -8.1446744e-03  -1.5201925e-02  -1.5091871e-02  -7.3708592e-02
  -8.1152629e-03  -1.5153214e-02  -1.5043444e-02  -7.3465352e-02
  -8.0858981e-03  -1.5104576e-02  -1.4995089e-02  -7.3222490e-02
  -8.0565804e-03  -1.5056010e-02  -1.4946807e-02  -7.2980006e-02
  -8.0273098e-03  -1.5007517e-02  -1.4898598e-02  -7.2737900e-02
  -7.9980864e-03  -1.4959097e-02  -1.4850461e-02  -7.2496174e-02
  -7.9689103e-03  -1.4910750e-02  -1.4802397e-02  -7.2254829e-02
  -7.9397816e-03  -1.4862477e-02  -1.4754406e-02  -7.2013864e-02
  -7.9107005e-03  -1.4814277e-02  -1.4706488e-02  -7.1773282e-02
  -7.8816670e-03  -1.4766150e-02  -1.4658644e-02  -7.1533082e-02
  -7.8526813e-03  -1.4718097e-02  -1.4610873e-02  -7.1293266e-02
  -7.8237435e-03  -1.4670118e-02  -1.4563177e-02  -7.1053834e-02
  -7.7948537e-03  -1.4622214e-02  -1.4515553e-02  -7.0814787e-02
  -7.7660120e-03  -1.4574383e-02  -1.4468004e-02  -7.0576126e-02
  -7.7372184e-03  -1.4526627e-02  -1.4420530e-02  -7.0337851e-02
  -7.7084733e-03  -1.4478945e-02  -1.4373129e-02  -7.0099964e-02
  -7.6797765e-03  -1.4431338e-02  -1.4325803e-02  -6.9862464e-02
  -7.6511284e-03  -1.4383806e-02  -1.4278552e-02  -6.9625353e-02
  -7.6225289e-03  -1.4336349e-02  -1.4231375e-02  -6.9388631e-02
  -7.5939782e-03  -1.4288967e-02  -1.4184274e-02  -6.9152300e-02
  -7.5654764e-03  -1.4241660e-02  -1.4137247e-02  -6.8916359e-02
  -7.5370236e-03  -1.4194429e-02  -1.4090296e-02  -6.8680810e-02
  -7.5086200e-03  -1.4147273e-02  -1.4043420e-02  -6.8445653e-02
  -7.4802656e-03  -1.4100193e-02  -1.3996619e-02  -6.8210888e-02
  -7.4519606e-03  -1.4053189e-02  -1.3949894e-02  -6.7976517e-02
  -7.4237051e-03  -1.4006261e-02  -1.3903245e-02  -6.7742541e-02
  -7.3954992e-03  -1.3959409e-02  -1.3856672e-02  -6.7508958e-02
  -7.3673430e-03  -1.3912633e-02  -1.3810174e-02  -6.7275772e-02
  -7.3392366e-03  -1.3865934e-02  -1.3763753e-02  -6.7042981e-02
  -7.3111802e-03  -1.3819311e-02  -1.3717408e-02  -6.6810587e-02
  -7.2831739e-03  -1.3772764e-02  -1.3671140e-02  -6.6578591e-02
  -7.2552177e-03  -1.3726295e-02  -1.3624948e-02  -6.6346992e-02
  -7.2273118e-03  -1.3679902e-02  -1.3578833e-02  -6.6115792e-02
  -7.1994563e-03  -1.3633586e-02  -1.3532794e-02  -6.5884990e-02
  -7.1716513e-03  -1.3587348e-02  -1.3486832e-02  -6.5654589e-02
  -7.1438970e-03  -1.3541186e-02  -1.3440948e-02  -6.5424588e-02
  -7.1161934e-03  -1.3495102e-02  -1.3395140e-02  -6.5194987e-02
  -7.0885406e-03  -1.3449096e-02  -1.3349410e-02  -6.4965789e-02
  -7.0609389e-03  -1.3403167e-02  -1.3303757e-02  -6.4736992e-02
  -7.0333881e-03  -1.3357315e-02  -1.3258181e-02  -6.4508597e-02
  -7.0058886e-03  -1.3311542e-02  -1.3212683e-02  -6.4280606e-02
  -6.9784404e-03  -1.3265847e-02  -1.3167263e-02  -6.4053018e-02
  -6.9510436e-03  -1.3220229e-02  -1.3121920e-02  -6.3825835e-02
  -6.9236983e-03  -1.3174690e-02  -1.3076656e-02  -6.3599056e-02
  -6.8964046e-03  -1.3129229e-02  -1.3031469e-02  -6.3372683e-02
  -6.8691626e-03  -1.3083846e-02  -1.2986360e-02  -6.3146715e-02
  -6.8419725e-03  -1.3038541e-02  -1.2941330e-02  -6.2921154e-02
  -6.8148343e-03  -1.2993316e-02  -1.2896378e-02  -6.2695999e-02
  -6.7877482e-03  -1.2948169e-02  -1.2851504e-02  -6.2471251e-02
  -6.7607142e-03  -1.2903100e-02  -1.2806709e-02  -6.2246912e-02
  -6.7337324e-03  -1.2858111e-02  -1.2761992e-02  -6.2022980e-02
  -6.7068030e-03  -1.2813200e-02  -1.2717354e-02  -6.1799457e-02
  -6.6799261e-03  -1.2768369e-02  -1.2672795e-02  -6.1576344e-02
  -6.6531017e-03  -1.2723616e-02  -1.2628314e-02  -6.1353640e-02
  -6.6263299e-03  -1.2678943e-02  -1.2583913e-02  -6.1131346e-02
  -6.5996109e-03  -1.2634349e-02  -1.2539590e-02  -6.0909462e-02
  -6.5729447e-03  -1.2589835e-02  -1.2495347e-02  -6.0687990e-02
  -6.5463315e-03  -1.2545400e-02  -1.2451183e-02  -6.0466929e-02
  -6.5197713e-03  -1.2501045e-02  -1.2407098e-02  -6.0246279e-02
  -6.4932642e-03  -1.2456769e-02  -1.2363093e-02  -6.0026042e-02
  -6.4668103e-03  -1.2412573e-02  -1.2319167e-02  -5.9806218e-02
  -6.4404098e-03  -1.2368457e-02  -1.2275321e-02  -5.9586806e-02
  -6.4140626e-03  -1.2324421e-02  -1.2231554e-02  -5.9367808e-02
  -6.3877689e-03  -1.2280464e-02  -1.2187867e-02  -5.9149224e-02
  -6.3615288e-03  -1.2236588e-02  -1.2144260e-02  -5.8931054e-02
  -6.3353423e-03  -1.2192792e-02  -1.2100733e-02  -5.8713299e-02
  -6.3092096e-03  -1.2149077e-02  -1.2057285e-02  -5.8495959e-02
  -6.2831307e-03  -1.2105441e-02  -1.2013918e-02  -5.8279034e-02
  -6.2571056e-03  -1.2061886e-02  -1.1970630e-02  -5.8062525e-02
  -6.2311346e-03  -1.2018412e-02  -1.1927423e-02  -5.7846432e-02
  -6.2052176e-03  -1.1975018e-02  -1.1884296e-02  -5.7630755e-02
  -6.1793548e-03  -1.1931704e-02  -1.1841250e-02  -5.7415495e-02
  -6.1535461e-03  -1.1888471e-02  -1.1798284e-02  -5.7200652e-02
  -6.1277918e-03  -1.1845319e-02  -1.1755398e-02  -5.6986226e-02
  -6.1020918e-03  -1.1802248e-02  -1.1712592e-02  -5.6772219e-02
  -6.0764462e-03  -1.1759258e-02  -1.1669868e-02  -5.6558629e-02
  -6.0508552e-03  -1.1716348e-02  -1.1627224e-02  -5.6345457e-02
  -6.0253187e-03  -1.1673520e-02  -1.1584660e-02  -5.6132705e-02
  -5.9998368e-03  -1.1630772e-02  -1.1542178e-02  -5.5920371e-02
  -5.9744096e-03  -1.1588106e-02  -1.1499776e-02  -5.5708456e-02
  -5.9490372e-03  -1.1545521e-02  -1.1457455e-02  -5.5496961e-02
  -5.9237196e-03  -1.1503017e-02  -1.1415215e-02  -5.5285886e-02
  -5.8984569e-03  -1.1460595e-02  -1.1373056e-02  -5.5075231e-02
  -5.8732492e-03  -1.1418254e-02  -1.1330978e-02  -5.4864996e-02
  -5.8480964e-03  -1.1375994e-02  -1.1288981e-02  -5.4655182e-02
  -5.8229988e-03  -1.1333816e-02  -1.1247065e-02  -5.4445789e-02
  -5.7979562e-03  -1.1291719e-02  -1.1205231e-02  -5.4236816e-02
  -5.7729688e-03  -1.1249704e-02  -1.1163477e-02  -5.4028266e-02
  -5.7480366e-03  -1.1207770e-02  -1.1121805e-02  -5.3820136e-02
  -5.7231596e-03  -1.1165919e-02  -1.1080215e-02  -5.3612429e-02
  -5.6983380e-03  -1.1124149e-02  -1.1038706e-02  -5.3405143e-02
  -5.6735718e-03  -1.1082460e-02  -1.0997278e-02  -5.3198280e-02
  -5.6488609e-03  -1.1040854e-02  -1.0955932e-02  -5.2991839e-02
  -5.6242055e-03  -1.0999329e-02  -1.0914667e-02  -5.2785821e-02
  -5.5996056e-03  -1.0957887e-02  -1.0873484e-02  -5.2580226e-02
  -5.5750612e-03  -1.0916526e-02  -1.0832383e-02  -5.2375053e-02
  -5.5505724e-03  -1.0875248e-02  -1.0791363e-02  -5.2170304e-02
  -5.5261393e-03  -1.0834051e-02  -1.0750425e-02  -5.1965979e-02
  -5.5017617e-03  -1.0792937e-02  -1.0709569e-02  -5.1762077e-02
  -5.4774398e-03  -1.0751904e-02  -1.0668794e-02  -5.1558598e-02
  -5.4531737e-03  -1.0710954e-02  -1.0628102e-02  -5.1355544e-02
  -5.4289633e-03  -1.0670086e-02  -1.0587491e-02  -5.1152914e-02
  -5.4048086e-03  -1.0629301e-02  -1.0546963e-02  -5.0950708e-02
  -5.3807098e-03  -1.0588598e-02  -1.0506516e-02  -5.0748926e-02
  -5.3566668e-03  -1.0547977e-02  -1.0466151e-02  -5.0547569e-02
  -5.3326796e-03  -1.0507438e-02  -1.0425868e-02  -5.0346637e-02
  -5.3087483e-03  -1.0466982e-02  -1.0385668e-02  -5.0146129e-02
  -5.2848729e-03  -1.0426608e-02  -1.0345549e-02  -4.9946046e-02
  -5.2610535e-03  -1.0386317e-02  -1.0305513e-02  -4.9746389e-02
  -5.2372899e-03  -1.0346108e-02  -1.0265559e-02  -4.9547156e-02
  -5.2135823e-03  -1.0305982e-02  -1.0225687e-02  -4.9348349e-02
  -5.1899307e-03  -1.0265938e-02  -1.0185897e-02  -4.9149967e-02
  -5.1663351e-03  -1.0225977e-02  -1.0146189e-02  -4.8952010e-02
  -5.1427955e-03  -1.0186099e-02  -1.0106564e-02  -4.8754479e-02
  -5.1193119e-03  -1.0146303e-02  -1.0067021e-02  -4.8557374e-02
  -5.0958843e-03  -1.0106590e-02  -1.0027560e-02  -4.8360695e-02
  -5.0725127e-03  -1.0066960e-02  -9.9881819e-03  -4.8164441e-02
  -5.0491972e-03  -1.0027412e-02  -9.9488859e-03  -4.7968613e-02
  -5.0259377e-03  -9.9879476e-03  -9.9096724e-03  -4.7773211e-02
  -5.0027343e-03  -9.9485656e-03  -9.8705413e-03  -4.7578235e-02
  -4.9795869e-03  -9.9092664e-03  -9.8314926e-03  -4.7383685e-02
  -4.9564956e-03  -9.8700499e-03  -9.7925264e-03  -4.7189562e-02
  -4.9334603e-03  -9.8309164e-03  -9.7536427e-03  -4.6995864e-02
  -4.9104811e-03  -9.7918657e-03  -9.7148415e-03  -4.6802593e-02
  -4.8875579e-03  -9.7528978e-03  -9.6761228e-03  -4.6609747e-02
  -4.8646908e-03  -9.7140129e-03  -9.6374866e-03  -4.6417328e-02
  -4.8418797e-03  -9.6752109e-03  -9.5989330e-03  -4.6225336e-02
  -4.8191247e-03  -9.6364918e-03  -9.5604619e-03  -4.6033769e-02
  -4.7964257e-03  -9.5978557e-03  -9.5220734e-03  -4.5842629e-02
  -4.7737827e-03  -9.5593025e-03  -9.4837676e-03  -4.5651916e-02
  -4.7511958e-03  -9.5208324e-03  -9.4455443e-03  -4.5461628e-02
  -4.7286648e-03  -9.4824452e-03  -9.4074036e-03  -4.5271767e-02
  -4.7061899e-03  -9.4441410e-03  -9.3693456e-03  -4.5082333e-02
  -4.6837709e-03  -9.4059198e-03  -9.3313702e-03  -4.4893324e-02
  -4.6614079e-03  -9.3677816e-03  -9.2934774e-03  -4.4704742e-02
  -4.6391009e-03  -9.3297265e-03  -9.2556673e-03  -4.4516587e-02
  -4.6168498e-03  -9.2917543e-03  -9.2179399e-03  -4.4328857e-02
  -4.5946546e-03  -9.2538653e-03  -9.1802951e-03  -4.4141554e-02
  -4.5725153e-03  -9.2160593e-03  -9.1427330e-03  -4.3954677e-02
  -4.5504319e-03  -9.1783363e-03  -9.1052536e-03  -4.3768226e-02
  -4.5284044e-03  -9.1406964e-03  -9.0678569e-03  -4.3582202e-02
  -4.5064327e-03  -9.1031396e-03  -9.0305428e-03  -4.3396603e-02
  -4.4845168e-03  -9.0656659e-03  -8.9933115e-03  -4.3211430e-02
  -4.4626567e-03  -9.0282752e-03  -8.9561628e-03  -4.3026684e-02
  -4.4408524e-03  -8.9909676e-03  -8.9190968e-03  -4.2842363e-02
  -4.4191039e-03  -8.9537430e-03  -8.8821135e-03  -4.2658469e-02
  -4.3974110e-03  -8.9166015e-03  -8.8452129e-03  -4.2475000e-02
  -4.3757739e-03  -8.8795432e-03  -8.8083950e-03  -4.2291956e-02
  -4.3541924e-03  -8.8425678e-03  -8.7716597e-03  -4.2109339e-02
  -4.3326666e-03  -8.8056756e-03  -8.7350072e-03  -4.1927147e-02
  -4.3111964e-03  -8.7688664e-03  -8.6984373e-03  -4.1745381e-02
  -4.2897817e-03  -8.7321402e-03  -8.6619501e-03  -4.1564039e-02
  -4.2684226e-03  -8.6954972e-03  -8.6255455e-03  -4.1383124e-02
  -4.2471190e-03  -8.6589371e-03  -8.5892236e-03  -4.1202633e-02
  -4.2258709e-03  -8.6224601e-03  -8.5529844e-03  -4.1022568e-02
  -4.2046783e-03  -8.5860662e-03  -8.5168278e-03  -4.0842927e-02
  -4.1835411e-03  -8.5497553e-03  -8.4807538e-03  -4.0663712e-02
  -4.1624592e-03  -8.5135273e-03  -8.4447625e-03  -4.0484921e-02
  -4.1414327e-03  -8.4773824e-03  -8.4088537e-03  -4.0306555e-02
  -4.1204615e-03  -8.4413205e-03  -8.3730276e-03  -4.0128613e-02
  -4.0995456e-03  -8.4053416e-03  -8.3372840e-03  -3.9951096e-02
  -4.0786849e-03  -8.3694457e-03  -8.3016231e-03  -3.9774003e-02
  -4.0578794e-03  -8.3336327e-03  -8.2660447e-03  -3.9597334e-02
  -4.0371291e-03  -8.2979026e-03  -8.2305488e-03  -3.9421089e-02
  -4.0164338e-03  -8.2622555e-03  -8.1951355e-03  -3.9245269e-02
  -3.9957937e-03  -8.2266913e-03  -8.1598047e-03  -3.9069871e-02
  -3.9752086e-03  -8.1912100e-03  -8.1245563e-03  -3.8894898e-02
  -3.9546785e-03  -8.1558116e-03  -8.0893905e-03  -3.8720348e-02
  -3.9342033e-03  -8.1204960e-03  -8.0543071e-03  -3.8546221e-02
  -3.9137831e-03  -8.0852633e-03  -8.0193062e-03  -3.8372517e-02
  -3.8934177e-03  -8.0501134e-03  -7.9843877e-03  -3.8199236e-02
  -3.8731072e-03  -8.0150463e-03  -7.9495516e-03  -3.8026378e-02
  -3.8528514e-03  -7.9800621e-03  -7.9147979e-03  -3.7853942e-02
  -3.8326503e-03  -7.9451605e-03  -7.8801265e-03  -3.7681929e-02
  -3.8125040e-03  -7.9103417e-03  -7.8455375e-03  -3.7510338e-02
  -3.7924123e-03  -7.8756057e-03  -7.8110308e-03  -3.7339169e-02
  -3.7723752e-03  -7.8409523e-03  -7.7766063e-03  -3.7168422e-02
  -3.7523927e-03  -7.8063816e-03  -7.7422642e-03  -3.6998097e-02
  -3.7324646e-03  -7.7718935e-03  -7.7080042e-03  -3.6828193e-02
  -3.7125911e-03  -7.7374881e-03  -7.6738265e-03  -3.6658710e-02
  -3.6927719e-03  -7.7031652e-03  -7.6397310e-03  -3.6489649e-02
  -3.6730071e-03  -7.6689249e-03  -7.6057176e-03  -3.6321008e-02
  -3.6532966e-03  -7.6347672e-03  -7.5717863e-03  -3.6152788e-02
  -3.6336404e-03  -7.6006919e-03  -7.5379371e-03  -3.5984989e-02
  -3.6140384e-03  -7.5666991e-03  -7.5041700e-03  -3.5817609e-02
  -3.5944906e-03  -7.5327888e-03  -7.4704849e-03  -3.5650650e-02
  -3.5749969e-03  -7.4989609e-03  -7.4368819e-03  -3.5484110e-02
  -3.5555573e-03  -7.4652153e-03  -7.4033607e-03  -3.5317991e-02
  -3.5361717e-03  -7.4315521e-03  -7.3699216e-03  -3.5152290e-02
  -3.5168400e-03  -7.3979712e-03  -7.3365643e-03  -3.4987008e-02
  -3.4975623e-03  -7.3644726e-03  -7.3032889e-03  -3.4822146e-02
  -3.4783385e-03  -7.3310562e-03  -7.2700953e-03  -3.4657702e-02
  -3.4591685e-03  -7.2977221e-03  -7.2369835e-03  -3.4493676e-02
  -3.4400522e-03  -7.2644701e-03  -7.2039534e-03  -3.4330069e-02
  -3.4209897e-03  -7.2313002e-03  -7.1710051e-03  -3.4166879e-02
  -3.4019808e-03  -7.1982125e-03  -7.1381385e-03  -3.4004107e-02
  -3.3830255e-03  -7.1652068e-03  -7.1053535e-03  -3.3841752e-02
  -3.3641238e-03  -7.1322831e-03  -7.0726500e-03  -3.3679815e-02
  -3.3452756e-03  -7.0994414e-03  -7.0400282e-03  -3.3518294e-02
  -3.3264809e-03  -7.0666816e-03  -7.0074879e-03  -3.3357190e-02
  -3.3077395e-03  -7.0340038e-03  -6.9750290e-03  -3.3196503e-02
  -3.2890515e-03  -7.0014077e-03  -6.9426516e-03  -3.3036231e-02
  -3.2704168e-03  -6.9688935e-03  -6.9103556e-03  -3.2876375e-02
  -3.2518353e-03  -6.9364611e-03  -6.8781409e-03  -3.2716935e-02
  -3.2333071e-03  -6.9041103e-03  -6.8460075e-03  -3.2557910e-02
  -3.2148319e-03  -6.8718413e-03  -6.8139554e-03  -3.2399299e-02
  -3.1964098e-03  -6.8396539e-03  -6.7819844e-03  -3.2241104e-02
  -3.1780408e-03  -6.8075480e-03  -6.7500947e-03  -3.2083323e-02
  -3.1597247e-03  -6.7755237e-03  -6.7182860e-03  -3.1925955e-02
  -3.1414616e-03  -6.7435809e-03  -6.6865585e-03  -3.1769002e-02
  -3.1232513e-03  -6.7117196e-03  -6.6549119e-03  -3.1612462e-02
  -3.1050938e-03  -6.6799396e-03  -6.6233463e-03  -3.1456335e-02
  -3.0869890e-03  -6.6482409e-03  -6.5918617e-03  -3.1300622e-02
  -3.0689370e-03  -6.6166236e-03  -6.5604579e-03  -3.1145320e-02
  -3.0509376e-03  -6.5850875e-03  -6.5291349e-03  -3.0990431e-02
  -3.0329907e-03  -6.5536326e-03  -6.4978927e-03  -3.0835954e-02
  -3.0150964e-03  -6.5222588e-03  -6.4667311e-03  -3.0681889e-02
  -2.9972546e-03  -6.4909661e-03  -6.4356503e-03  -3.0528234e-02
  -2.9794652e-03  -6.4597544e-03  -6.4046501e-03  -3.0374991e-02
  -2.9617282e-03  -6.4286237e-03  -6.3737304e-03  -3.0222159e-02
  -2.9440435e-03  -6.3975740e-03  -6.3428912e-03  -3.0069736e-02
  -2.9264110e-03  -6.3666051e-03  -6.3121324e-03  -2.9917724e-02
  -2.9088307e-03  -6.3357170e-03  -6.2814540e-03  -2.9766122e-02
  -2.8913025e-03  -6.3049096e-03  -6.2508560e-03  -2.9614928e-02
  -2.8738265e-03  -6.2741829e-03  -6.2203382e-03  -2.9464144e-02
  -2.8564024e-03  -6.2435369e-03  -6.1899006e-03  -2.9313768e-02
  -2.8390303e-03  -6.2129715e-03  -6.1595432e-03  -2.9163801e-02
  -2.8217102e-03  -6.1824866e-03  -6.1292658e-03  -2.9014242e-02
  -2.8044419e-03  -6.1520821e-03  -6.0990685e-03  -2.8865090e-02
  -2.7872254e-03  -6.1217580e-03  -6.0689512e-03  -2.8716345e-02
  -2.7700606e-03  -6.0915143e-03  -6.0389137e-03  -2.8568008e-02
  -2.7529475e-03  -6.0613508e-03  -6.0089562e-03  -2.8420077e-02
  -2.7358860e-03  -6.0312676e-03  -5.9790784e-03  -2.8272552e-02
  -2.7188761e-03  -6.0012645e-03  -5.9492803e-03  -2.8125433e-02
  -2.7019178e-03  -5.9713414e-03  -5.9195619e-03  -2.7978719e-02
  -2.6850108e-03  -5.9414984e-03  -5.8899230e-03  -2.7832411e-02
  -2.6681553e-03  -5.9117354e-03  -5.8603637e-03  -2.7686507e-02
  -2.6513511e-03  -5.8820523e-03  -5.8308839e-03  -2.7541008e-02
  -2.6345982e-03  -5.8524489e-03  -5.8014834e-03  -2.7395912e-02
  -2.6178965e-03  -5.8229254e-03  -5.7721623e-03  -2.7251220e-02
  -2.6012460e-03  -5.7934815e-03  -5.7429205e-03  -2.7106932e-02
  -2.5846466e-03  -5.7641172e-03  -5.7137578e-03  -2.6963046e-02
  -2.5680982e-03  -5.7348325e-03  -5.6846743e-03  -2.6819563e-02
  -2.5516008e-03  -5.7056273e-03  -5.6556698e-03  -2.6676481e-02
  -2.5351543e-03  -5.6765015e-03  -5.6267443e-03  -2.6533802e-02
  -2.5187588e-03  -5.6474551e-03  -5.5978978e-03  -2.6391523e-02
  -2.5024140e-03  -5.6184879e-03  -5.5691301e-03  -2.6249646e-02
  -2.4861200e-03  -5.5896000e-03  -5.5404411e-03  -2.6108169e-02
  -2.4698767e-03  -5.5607912e-03  -5.5118309e-03  -2.5967092e-02
  -2.4536840e-03  -5.5320614e-03  -5.4832993e-03  -2.5826415e-02
  -2.4375419e-03  -5.5034106e-03  -5.4548463e-03  -2.5686137e-02
  -2.4214503e-03  -5.4748388e-03  -5.4264717e-03  -2.5546258e-02
  -2.4054091e-03  -5.4463458e-03  -5.3981756e-03  -2.5406777e-02
  -2.3894184e-03  -5.4179316e-03  -5.3699578e-03  -2.5267695e-02
  -2.3734780e-03  -5.3895960e-03  -5.3418183e-03  -2.5129010e-02
  -2.3575878e-03  -5.3613391e-03  -5.3137569e-03  -2.4990722e-02
  -2.3417479e-03  -5.3331607e-03  -5.2857737e-03  -2.4852832e-02
  -2.3259582e-03  -5.3050608e-03  -5.2578685e-03  -2.4715337e-02
  -2.3102185e-03  -5.2770393e-03  -5.2300413e-03  -2.4578239e-02
  -2.2945289e-03  -5.2490962e-03  -5.2022920e-03  -2.4441536e-02
  -2.2788892e-03  -5.2212312e-03  -5.1746205e-03  -2.4305228e-02
  -2.2632995e-03  -5.1934444e-03  -5.1470267e-03  -2.4169315e-02
  -2.2477596e-03  -5.1657357e-03  -5.1195105e-03  -2.4033796e-02
  -2.2322695e-03  -5.1381050e-03  -5.0920720e-03  -2.3898671e-02
  -2.2168291e-03  -5.1105522e-03  -5.0647109e-03  -2.3763940e-02
  -2.2014384e-03  -5.0830773e-03  -5.0374273e-03  -2.3629601e-02
  -2.1860973e-03  -5.0556801e-03  -5.0102209e-03  -2.3495655e-02
  -2.1708058e-03  -5.0283607e-03  -4.9830919e-03  -2.3362101e-02
  -2.1555637e-03  -5.0011188e-03  -4.9560400e-03  -2.3228939e-02
  -2.1403710e-03  -4.9739544e-03  -4.9290652e-03  -2.3096167e-02
  -2.1252277e-03  -4.9468675e-03  -4.9021674e-03  -2.2963787e-02
  -2.1101337e-03  -4.9198579e-03  -4.8753465e-03  -2.2831797e-02
  -2.0950889e-03  -4.8929256e-03  -4.8486025e-03  -2.2700196e-02
  -2.0800933e-03  -4.8660705e-03  -4.8219352e-03  -2.2568985e-02
  -2.0651468e-03  -4.8392925e-03  -4.7953446e-03  -2.2438163e-02
  -2.0502493e-03  -4.8125915e-03  -4.7688306e-03  -2.2307730e-02
  -2.0354008e-03  -4.7859675e-03  -4.7423931e-03  -2.2177684e-02
  -2.0206012e-03  -4.7594203e-03  -4.7160320e-03  -2.2048026e-02
  -2.0058504e-03  -4.7329498e-03  -4.6897473e-03  -2.1918755e-02
  -1.9911484e-03  -4.7065561e-03  -4.6635388e-03  -2.1789871e-02
  -1.9764952e-03  -4.6802389e-03  -4.6374065e-03  -2.1661373e-02
  -1.9618906e-03  -4.6539983e-03  -4.6113502e-03  -2.1533260e-02
  -1.9473346e-03  -4.6278340e-03  -4.5853699e-03  -2.1405533e-02
  -1.9328271e-03  -4.6017461e-03  -4.5594656e-03  -2.1278190e-02
  -1.9183680e-03  -4.5757345e-03  -4.5336370e-03  -2.1151232e-02
  -1.9039574e-03  -4.5497990e-03  -4.5078842e-03  -2.1024657e-02
  -1.8895951e-03  -4.5239395e-03  -4.4822070e-03  -2.0898466e-02
  -1.8752810e-03  -4.4981560e-03  -4.4566054e-03  -2.0772658e-02
  -1.8610151e-03  -4.4724485e-03  -4.4310792e-03  -2.0647232e-02
  -1.8467974e-03  -4.4468167e-03  -4.4056284e-03  -2.0522187e-02
  -1.8326277e-03  -4.4212606e-03  -4.3802529e-03  -2.0397524e-02
  -1.8185059e-03  -4.3957801e-03  -4.3549525e-03  -2.0273243e-02
  -1.8044322e-03  -4.3703752e-03  -4.3297273e-03  -2.0149341e-02
  -1.7904062e-03  -4.3450457e-03  -4.3045770e-03  -2.0025819e-02
  -1.7764281e-03  -4.3197915e-03  -4.2795017e-03  -1.9902677e-02
  -1.7624976e-03  -4.2946126e-03  -4.2545012e-03  -1.9779914e-02
  -1.7486148e-03  -4.2695088e-03  -4.2295754e-03  -1.9657529e-02
  -1.7347796e-03  -4.2444801e-03  -4.2047242e-03  -1.9535522e-02
  -1.7209920e-03  -4.2195264e-03  -4.1799476e-03  -1.9413892e-02
  -1.7072517e-03  -4.1946475e-03  -4.1552455e-03  -1.9292639e-02
  -1.6935588e-03  -4.1698435e-03  -4.1306177e-03  -1.9171763e-02
  -1.6799132e-03  -4.1451141e-03  -4.1060641e-03  -1.9051262e-02
  -1.6663149e-03  -4.1204593e-03  -4.0815848e-03  -1.8931137e-02
  -1.6527637e-03  -4.0958790e-03  -4.0571795e-03  -1.8811387e-02
  -1.6392596e-03  -4.0713731e-03  -4.0328481e-03  -1.8692011e-02
  -1.6258025e-03  -4.0469415e-03  -4.0085907e-03  -1.8573009e-02
  -1.6123924e-03  -4.0225841e-03  -3.9844070e-03  -1.8454381e-02
  -1.5990292e-03  -3.9983009e-03  -3.9602970e-03  -1.8336125e-02
  -1.5857127e-03  -3.9740916e-03  -3.9362607e-03  -1.8218242e-02
  -1.5724430e-03  -3.9499563e-03  -3.9122978e-03  -1.8100730e-02
  -1.5592200e-03  -3.9258948e-03  -3.8884083e-03  -1.7983589e-02
  -1.5460435e-03  -3.9019070e-03  -3.8645921e-03  -1.7866820e-02
  -1.5329136e-03  -3.8779929e-03  -3.8408491e-03  -1.7750420e-02
  -1.5198301e-03  -3.8541523e-03  -3.8171792e-03  -1.7634391e-02
  -1.5067929e-03  -3.8303851e-03  -3.7935824e-03  -1.7518730e-02
  -1.4938021e-03  -3.8066912e-03  -3.7700584e-03  -1.7403438e-02
  -1.4808575e-03  -3.7830706e-03  -3.7466073e-03  -1.7288515e-02
  -1.4679590e-03  -3.7595231e-03  -3.7232288e-03  -1.7173958e-02
  -1.4551066e-03  -3.7360487e-03  -3.6999230e-03  -1.7059769e-02
  -1.4423002e-03  -3.7126472e-03  -3.6766897e-03  -1.6945947e-02
  -1.4295398e-03  -3.6893185e-03  -3.6535288e-03  -1.6832490e-02
  -1.4168252e-03  -3.6660625e-03  -3.6304402e-03  -1.6719399e-02
  -1.4041563e-03  -3.6428792e-03  -3.6074238e-03  -1.6606673e-02
  -1.3915332e-03  -3.6197684e-03  -3.5844795e-03  -1.6494311e-02
  -1.3789557e-03  -3.5967301e-03  -3.5616073e-03  -1.6382313e-02
  -1.3664237e-03  -3.5737640e-03  -3.5388069e-03  -1.6270678e-02
  -1.3539372e-03  -3.5508702e-03  -3.5160783e-03  -1.6159406e-02
  -1.3414961e-03  -3.5280486e-03  -3.4934215e-03  -1.6048497e-02
  -1.3291003e-03  -3.5052989e-03  -3.4708362e-03  -1.5937948e-02
  -1.3167497e-03  -3.4826212e-03  -3.4483225e-03  -1.5827762e-02
  -1.3044444e-03  -3.4600153e-03  -3.4258801e-03  -1.5717935e-02
  -1.2921841e-03  -3.4374811e-03  -3.4035091e-03  -1.5608469e-02
  -1.2799688e-03  -3.4150185e-03  -3.3812092e-03  -1.5499362e-02
  -1.2677984e-03  -3.3926274e-03  -3.3589804e-03  -1.5390614e-02
  -1.2556729e-03  -3.3703077e-03  -3.3368226e-03  -1.5282224e-02
  -1.2435921e-03  -3.3480593e-03  -3.3147357e-03  -1.5174192e-02
  -1.2315561e-03  -3.3258821e-03  -3.2927195e-03  -1.5066517e-02
  -1.2195646e-03  -3.3037760e-03  -3.2707740e-03  -1.4959200e-02
  -1.2076177e-03  -3.2817408e-03  -3.2488991e-03  -1.4852238e-02
  -1.1957153e-03  -3.2597766e-03  -3.2270947e-03  -1.4745631e-02
  -1.1838572e-03  -3.2378831e-03  -3.2053605e-03  -1.4639380e-02
  -1.1720434e-03  -3.2160603e-03  -3.1836967e-03  -1.4533483e-02
  -1.1602738e-03  -3.1943081e-03  -3.1621030e-03  -1.4427940e-02
  -1.1485484e-03  -3.1726263e-03  -3.1405793e-03  -1.4322751e-02
  -1.1368670e-03  -3.1510148e-03  -3.1191256e-03  -1.4217914e-02
  -1.1252296e-03  -3.1294736e-03  -3.0977417e-03  -1.4113429e-02
  -1.1136360e-03  -3.1080025e-03  -3.0764275e-03  -1.4009296e-02
  -1.1020863e-03  -3.0866015e-03  -3.0551829e-03  -1.3905514e-02
  -1.0905803e-03  -3.0652704e-03  -3.0340078e-03  -1.3802083e-02
  -1.0791180e-03  -3.0440091e-03  -3.0129021e-03  -1.3699001e-02
  -1.0676992e-03  -3.0228175e-03  -2.9918657e-03  -1.3596269e-02
  -1.0563239e-03  -3.0016955e-03  -2.9708985e-03  -1.3493885e-02
  -1.0449920e-03  -2.9806430e-03  -2.9500004e-03  -1.3391850e-02
  -1.0337035e-03  -2.9596598e-03  -2.9291712e-03  -1.3290162e-02
  -1.0224581e-03  -2.9387460e-03  -2.9084109e-03  -1.3188821e-02
  -1.0112559e-03  -2.9179013e-03  -2.8877194e-03  -1.3087827e-02
  -1.0000968e-03  -2.8971256e-03  -2.8670965e-03  -1.2987179e-02
  -9.8898063e-04  -2.8764189e-03  -2.8465421e-03  -1.2886875e-02
  -9.7790739e-04  -2.8557811e-03  -2.8260562e-03  -1.2786917e-02
  -9.6687696e-04  -2.8352119e-03  -2.8056385e-03  -1.2687303e-02
  -9.5588926e-04  -2.8147114e-03  -2.7852891e-03  -1.2588032e-02
  -9.4494421e-04  -2.7942794e-03  -2.7650078e-03  -1.2489104e-02
  -9.3404173e-04  -2.7739158e-03  -2.7447944e-03  -1.2390519e-02
  -9.2318172e-04  -2.7536204e-03  -2.7246489e-03  -1.2292276e-02
  -9.1236412e-04  -2.7333933e-03  -2.7045712e-03  -1.2194373e-02
  -9.0158882e-04  -2.7132342e-03  -2.6845612e-03  -1.2096811e-02
  -8.9085574e-04  -2.6931431e-03  -2.6646187e-03  -1.1999590e-02
  -8.8016481e-04  -2.6731198e-03  -2.6447436e-03  -1.1902708e-02
  -8.6951593e-04  -2.6531642e-03  -2.6249359e-03  -1.1806164e-02
  -8.5890902e-04  -2.6332763e-03  -2.6051953e-03  -1.1709959e-02
  -8.4834400e-04  -2.6134559e-03  -2.5855219e-03  -1.1614092e-02
  -8.3782077e-04  -2.5937029e-03  -2.5659155e-03  -1.1518561e-02
  -8.2733926e-04  -2.5740171e-03  -2.5463759e-03  -1.1423368e-02
  -8.1689937e-04  -2.5543985e-03  -2.5269031e-03  -1.1328510e-02
  -8.0650102e-04  -2.5348470e-03  -2.5074970e-03  -1.1233987e-02
  -7.9614413e-04  -2.5153625e-03  -2.4881574e-03  -1.1139799e-02
  -7.8582861e-04  -2.4959448e-03  -2.4688842e-03  -1.1045945e-02
  -7.7555436e-04  -2.4765938e-03  -2.4496774e-03  -1.0952425e-02
  -7.6532132e-04  -2.4573094e-03  -2.4305368e-03  -1.0859237e-02
  -7.5512938e-04  -2.4380915e-03  -2.4114622e-03  -1.0766382e-02
  -7.4497846e-04  -2.4189400e-03  -2.3924536e-03  -1.0673859e-02
  -7.3486847e-04  -2.3998548e-03  -2.3735109e-03  -1.0581667e-02
  -7.2479934e-04  -2.3808357e-03  -2.3546340e-03  -1.0489805e-02
  -7.1477096e-04  -2.3618826e-03  -2.3358227e-03  -1.0398273e-02
  -7.0478326e-04  -2.3429955e-03  -2.3170769e-03  -1.0307071e-02
  -6.9483614e-04  -2.3241743e-03  -2.2983966e-03  -1.0216197e-02
  -6.8492952e-04  -2.3054187e-03  -2.2797815e-03  -1.0125652e-02
  -6.7506332e-04  -2.2867287e-03  -2.2612316e-03  -1.0035433e-02
  -6.6523743e-04  -2.2681041e-03  -2.2427468e-03  -9.9455422e-03
  -6.5545179e-04  -2.2495450e-03  -2.2243270e-03  -9.8559773e-03
  -6.4570629e-04  -2.2310511e-03  -2.2059720e-03  -9.7667380e-03
  -6.3600085e-04  -2.2126223e-03  -2.1876817e-03  -9.6778239e-03
  -6.2633538e-04  -2.1942585e-03  -2.1694561e-03  -9.5892342e-03
  -6.1670980e-04  -2.1759596e-03  -2.1512949e-03  -9.5009684e-03
  -6.0712401e-04  -2.1577255e-03  -2.1331981e-03  -9.4130259e-03
  -5.9757794e-04  -2.1395561e-03  -2.1151656e-03  -9.3254060e-03
  -5.8807148e-04  -2.1214512e-03  -2.0971973e-03  -9.2381082e-03
  -5.7860456e-04  -2.1034107e-03  -2.0792930e-03  -9.1511318e-03
  -5.6917708e-04  -2.0854346e-03  -2.0614526e-03  -9.0644762e-03
  -5.5978896e-04  -2.0675227e-03  -2.0436760e-03  -8.9781409e-03
  -5.5044010e-04  -2.0496749e-03  -2.0259632e-03  -8.8921251e-03
  -5.4113042e-04  -2.0318910e-03  -2.0083139e-03  -8.8064284e-03
  -5.3185984e-04  -2.0141710e-03  -1.9907280e-03  -8.7210500e-03
  -5.2262826e-04  -1.9965148e-03  -1.9732055e-03  -8.6359894e-03
  -5.1343559e-04  -1.9789221e-03  -1.9557462e-03  -8.5512459e-03
  -5.0428175e-04  -1.9613930e-03  -1.9383501e-03  -8.4668190e-03
  -4.9516664e-04  -1.9439273e-03  -1.9210169e-03  -8.3827080e-03
  -4.8609019e-04  -1.9265248e-03  -1.9037467e-03  -8.2989123e-03
  -4.7705229e-04  -1.9091855e-03  -1.8865392e-03  -8.2154313e-03
  -4.6805287e-04  -1.8919092e-03  -1.8693943e-03  -8.1322644e-03
  -4.5909182e-04  -1.8746958e-03  -1.8523120e-03  -8.0494110e-03
  -4.5016908e-04  -1.8575453e-03  -1.8352920e-03  -7.9668703e-03
  -4.4128454e-04  -1.8404574e-03  -1.8183344e-03  -7.8846420e-03
  -4.3243811e-04  -1.8234321e-03  -1.8014390e-03  -7.8027252e-03
  -4.2362972e-04  -1.8064693e-03  -1.7846056e-03  -7.7211194e-03
  -4.1485927e-04  -1.7895688e-03  -1.7678341e-03  -7.6398240e-03
  -4.0612667e-04  -1.7727305e-03  -1.7511245e-03  -7.5588384e-03
  -3.9743183e-04  -1.7559543e-03  -1.7344766e-03  -7.4781619e-03
  -3.8877466e-04  -1.7392401e-03  -1.7178903e-03  -7.3977939e-03
  -3.8015508e-04  -1.7225877e-03  -1.7013655e-03  -7.3177339e-03
  -3.7157300e-04  -1.7059971e-03  -1.6849020e-03  -7.2379811e-03
  -3.6302833e-04  -1.6894681e-03  -1.6684998e-03  -7.1585349e-03
  -3.5452098e-04  -1.6730006e-03  -1.6521586e-03  -7.0793948e-03
  -3.4605086e-04  -1.6565945e-03  -1.6358785e-03  -7.0005602e-03
  -3.3761789e-04  -1.6402497e-03  -1.6196593e-03  -6.9220303e-03
  -3.2922197e-04  -1.6239660e-03  -1.6035008e-03  -6.8438046e-03
  -3.2086301e-04  -1.6077434e-03  -1.5874030e-03  -6.7658824e-03
  -3.1254093e-04  -1.5915816e-03  -1.5713657e-03  -6.6882632e-03
  -3.0425565e-04  -1.5754807e-03  -1.5553888e-03  -6.6109463e-03
  -2.9600706e-04  -1.5594404e-03  -1.5394722e-03  -6.5339311e-03
  -2.8779509e-04  -1.5434607e-03  -1.5236158e-03  -6.4572170e-03
  -2.7961965e-04  -1.5275414e-03  -1.5078195e-03  -6.3808033e-03
  -2.7148064e-04  -1.5116825e-03  -1.4920830e-03  -6.3046894e-03
  -2.6337797e-04  -1.4958837e-03  -1.4764064e-03  -6.2288747e-03
  -2.5531157e-04  -1.4801450e-03  -1.4607895e-03  -6.1533586e-03
  -2.4728134e-04  -1.4644663e-03  -1.4452322e-03  -6.0781404e-03
  -2.3928720e-04  -1.4488474e-03  -1.4297343e-03  -6.0032196e-03
  -2.3132905e-04  -1.4332882e-03  -1.4142958e-03  -5.9285954e-03
  -2.2340681e-04  -1.4177887e-03  -1.3989165e-03  -5.8542673e-03
  -2.1552039e-04  -1.4023486e-03  -1.3835963e-03  -5.7802347e-03
  -2.0766970e-04  -1.3869678e-03  -1.3683351e-03  -5.7064969e-03
  -1.9985465e-04  -1.3716463e-03  -1.3531327e-03  -5.6330533e-03
  -1.9207517e-04  -1.3563840e-03  -1.3379891e-03  -5.5599033e-03
  -1.8433115e-04  -1.3411806e-03  -1.3229041e-03  -5.4870463e-03
  -1.7662251e-04  -1.3260361e-03  -1.3078776e-03  -5.4144815e-03
  -1.6894917e-04  -1.3109503e-03  -1.2929095e-03  -5.3422085e-03
  -1.6131103e-04  -1.2959232e-03  -1.2779997e-03  -5.2702265e-03
  -1.5370801e-04  -1.2809547e-03  -1.2631480e-03  -5.1985350e-03
  -1.4614002e-04  -1.2660445e-03  -1.2483543e-03  -5.1271333e-03
  -1.3860698e-04  -1.2511926e-03  -1.2336186e-03  -5.0560208e-03
  -1.3110879e-04  -1.2363988e-03  -1.2189406e-03  -4.9851969e-03
  -1.2364537e-04  -1.2216631e-03  -1.2043203e-03  -4.9146609e-03
  -1.1621663e-04  -1.2069853e-03  -1.1897575e-03  -4.8444122e-03
  -1.0882249e-04  -1.1923653e-03  -1.1752522e-03  -4.7744503e-03
  -1.0146286e-04  -1.1778030e-03  -1.1608042e-03  -4.7047744e-03
  -9.4137647e-05  -1.1632982e-03  -1.1464133e-03  -4.6353839e-03
  -8.6846768e-05  -1.1488508e-03  -1.1320796e-03  -4.5662782e-03
  -7.9590136e-05  -1.1344608e-03  -1.1178027e-03  -4.4974568e-03
  -7.2367665e-05  -1.1201280e-03  -1.1035827e-03  -4.4289189e-03
  -6.5179268e-05  -1.1058522e-03  -1.0894194e-03  -4.3606639e-03
  -5.8024857e-05  -1.0916334e-03  -1.0753127e-03  -4.2926912e-03
  -5.0904347e-05  -1.0774714e-03  -1.0612624e-03  -4.2250002e-03
  -4.3817652e-05  -1.0633661e-03  -1.0472685e-03  -4.1575903e-03
  -3.6764683e-05  -1.0493174e-03  -1.0333308e-03  -4.0904607e-03
  -2.9745356e-05  -1.0353252e-03  -1.0194492e-03  -4.0236110e-03
  -2.2759584e-05  -1.0213893e-03  -1.0056236e-03  -3.9570405e-03
  -1.5807281e-05  -1.0075096e-03  -9.9185389e-04  -3.8907485e-03
  -8.8883610e-06  -9.9368604e-04  -9.7813988e-04  -3.8247344e-03
  -2.0027374e-06  -9.7991846e-04  -9.6448149e-04  -3.7589976e-03
   4.8496755e-06  -9.6620674e-04  -9.5087861e-04  -3.6935375e-03
   1.1668963e-05  -9.5255075e-04  -9.3733110e-04  -3.6283534e-03
   1.8455212e-05  -9.3895038e-04  -9.2383885e-04  -3.5634447e-03
   2.5208508e-05  -9.2540551e-04  -9.1040173e-04  -3.4988108e-03
   3.1928936e-05  -9.1191601e-04  -8.9701963e-04  -3.4344511e-03
   3.8616581e-05  -8.9848177e-04  -8.8369243e-04  -3.3703649e-03
   4.5271530e-05  -8.8510266e-04  -8.7042000e-04  -3.3065516e-03
   5.1893868e-05  -8.7177856e-04  -8.5720223e-04  -3.2430106e-03
   5.8483680e-05  -8.5850934e-04  -8.4403899e-04  -3.1797412e-03
   6.5041051e-05  -8.4529490e-04  -8.3093016e-04  -3.1167429e-03
   7.1566066e-05  -8.3213510e-04  -8.1787563e-04  -3.0540150e-03
   7.8058811e-05  -8.1902983e-04  -8.0487527e-04  -2.9915568e-03
   8.4519370e-05  -8.0597896e-04  -7.9192895e-04  -2.9293678e-03
   9.0947829e-05  -7.9298238e-04  -7.7903657e-04  -2.8674474e-03
   9.7344272e-05  -7.8003996e-04  -7.6619799e-04  -2.8057948e-03
   1.0370878e-04  -7.6715157e-04  -7.5341311e-04  -2.7444095e-03
   1.1004145e-04  -7.5431711e-04  -7.4068179e-04  -2.6832909e-03
   1.1634235e-04  -7.4153644e-04  -7.2800391e-04  -2.6224382e-03
   1.2261158e-04  -7.2880945e-04  -7.1537937e-04  -2.5618510e-03
   1.2884921e-04  -7.1613601e-04  -7.0280802e-04  -2.5015286e-03
   1.3505534e-04  -7.0351600e-04  -6.9028976e-04  -2.4414703e-03
   1.4123004e-04  -6.9094931e-04  -6.7782447e-04  -2.3816755e-03
   1.4737340e-04  -6.7843580e-04  -6.6541201e-04  -2.3221436e-03
   1.5348551e-04  -6.6597537e-04  -6.5305228e-04  -2.2628740e-03
   1.5956644e-04  -6.5356788e-04  -6.4074515e-04  -2.2038661e-03
   1.6561629e-04  -6.4121322e-04  -6.2849050e-04  -2.1451191e-03
   1.7163513e-04  -6.2891127e-04  -6.1628821e-04  -2.0866326e-03
   1.7762305e-04  -6.1666189e-04  -6.0413815e-04  -2.0284059e-03
   1.8358013e-04  -6.0446498e-04  -5.9204022e-04  -1.9704383e-03
   1.8950647e-04  -5.9232041e-04  -5.7999428e-04  -1.9127293e-03
   1.9540213e-04  -5.8022806e-04  -5.6800022e-04  -1.8552782e-03
   2.0126720e-04  -5.6818781e-04  -5.5605791e-04  -1.7980844e-03
   2.0710178e-04  -5.5619954e-04  -5.4416724e-04  -1.7411472e-03
   2.1290593e-04  -5.4426312e-04  -5.3232809e-04  -1.6844661e-03
   2.1867975e-04  -5.3237843e-04  -5.2054032e-04  -1.6280404e-03
   2.2442331e-04  -5.2054536e-04  -5.0880384e-04  -1.5718695e-03
   2.3013670e-04  -5.0876378e-04  -4.9711850e-04  -1.5159528e-03
   2.3582001e-04  -4.9703358e-04  -4.8548420e-04  -1.4602896e-03
   2.4147331e-04  -4.8535462e-04  -4.7390081e-04  -1.4048794e-03
   2.4709669e-04  -4.7372679e-04  -4.6236821e-04  -1.3497215e-03
   2.5269024e-04  -4.6214998e-04  -4.5088628e-04  -1.2948153e-03
   2.5825402e-04  -4.5062404e-04  -4.3945490e-04  -1.2401602e-03
   2.6378813e-04  -4.3914888e-04  -4.2807396e-04  -1.1857556e-03
   2.6929265e-04  -4.2772436e-04  -4.1674332e-04  -1.1316008e-03
   2.7476767e-04  -4.1635036e-04  -4.0546287e-04  -1.0776952e-03
   2.8021325e-04  -4.0502677e-04  -3.9423249e-04  -1.0240382e-03
   2.8562949e-04  -3.9375346e-04  -3.8305206e-04  -9.7062914e-04
   2.9101647e-04  -3.8253031e-04  -3.7192146e-04  -9.1746749e-04
   2.9637427e-04  -3.7135720e-04  -3.6084057e-04  -8.6455258e-04
   3.0170297e-04  -3.6023402e-04  -3.4980927e-04  -8.1188380e-04
   3.0700266e-04  -3.4916063e-04  -3.3882744e-04  -7.5946053e-04
   3.1227341e-04  -3.3813692e-04  -3.2789496e-04  -7.0728215e-04
   3.1751530e-04  -3.2716278e-04  -3.1701170e-04  -6.5534805e-04
   3.2272843e-04  -3.1623807e-04  -3.0617755e-04  -6.0365761e-04
   3.2791287e-04  -3.0536267e-04  -2.9539240e-04  -5.5221021e-04
   3.3306870e-04  -2.9453648e-04  -2.8465611e-04  -5.0100524e-04
   3.3819600e-04  -2.8375936e-04  -2.7396857e-04  -4.5004209e-04
   3.4329485e-04  -2.7303119e-04  -2.6332966e-04  -3.9932013e-04
   3.4836535e-04  -2.6235187e-04  -2.5273926e-04  -3.4883875e-04
   3.5340756e-04  -2.5172126e-04  -2.4219725e-04  -2.9859734e-04
   3.5842156e-04  -2.4113924e-04  -2.3170352e-04  -2.4859529e-04
   3.6340745e-04  -2.3060570e-04  -2.2125793e-04  -1.9883197e-04
   3.6836530e-04  -2.2012052e-04  -2.1086038e-04  -1.4930678e-04
   3.7329519e-04  -2.0968357e-04  -2.0051073e-04  -1.0001911e-04
   3.7819720e-04  -1.9929474e-04  -1.9020889e-04  -5.0968341e-05
   3.8307141e-04  -1.8895390e-04  -1.7995471e-04  -2.1538602e-06
   3.8791790e-04  -1.7866094e-04  -1.6974809e-04   4.6424943e-05
   3.9273676e-04  -1.6841574e-04  -1.5958891e-04   9.4768678e-05
   3.9752806e-04  -1.5821817e-04  -1.4947704e-04   1.4287796e-04
   4.0229189e-04  -1.4806812e-04  -1.3941237e-04   1.9075339e-04
   4.0702832e-04  -1.3796546e-04  -1.2939478e-04   2.3839559e-04
   4.1173744e-04  -1.2791009e-04  -1.1942415e-04   2.8580517e-04
   4.1641932e-04  -1.1790187e-04  -1.0950036e-04   3.3298273e-04
   4.2107405e-04  -1.0794069e-04  -9.9623287e-05   3.7992888e-04
   4.2570170e-04  -9.8026429e-05  -8.9792821e-05   4.2664423e-04
   4.3030235e-04  -8.8158969e-05  -8.0008840e-05   4.7312939e-04
   4.3487609e-04  -7.8338190e-05  -7.0271225e-05   5.1938497e-04
   4.3942300e-04  -6.8563973e-05  -6.0579857e-05   5.6541157e-04
   4.4394314e-04  -5.8836199e-05  -5.0934619e-05   6.1120980e-04
   4.4843661e-04  -4.9154750e-05  -4.1335392e-05   6.5678027e-04
   4.5290349e-04  -3.9519505e-05  -3.1782058e-05   7.0212358e-04
   4.5734385e-04  -2.9930347e-05  -2.2274498e-05   7.4724033e-04
   4.6175776e-04  -2.0387156e-05  -1.2812595e-05   7.9213115e-04
   4.6614532e-04  -1.0889814e-05  -3.3962296e-06   8.3679661e-04
   4.7050660e-04  -1.4382025e-06   5.9747150e-06   8.8123734e-04
   4.7484168e-04   7.9677971e-06   1.5300357e-05   9.2545393e-04
   4.7915063e-04   1.7328303e-05   2.4580814e-05   9.6944699e-04
   4.8343354e-04   2.6643434e-05   3.3816205e-05   1.0132171e-03
   4.8769049e-04   3.5913308e-05   4.3006645e-05   1.0567649e-03
   4.9192155e-04   4.5138044e-05   5.2152254e-05   1.1000910e-03
   4.9612680e-04   5.4317758e-05   6.1253148e-05   1.1431959e-03
   5.0030633e-04   6.3452570e-05   7.0309446e-05   1.1860804e-03
   5.0446020e-04   7.2542598e-05   7.9321263e-05   1.2287449e-03
   5.0858851e-04   8.1587958e-05   8.8288718e-05   1.2711900e-03
   5.1269132e-04   9.0588770e-05   9.7211928e-05   1.3134165e-03
   5.1676871e-04   9.9545149e-05   1.0609101e-04   1.3554248e-03
   5.2082077e-04   1.0845722e-04   1.1492608e-04   1.3972156e-03
   5.2484757e-04   1.1732508e-04   1.2371725e-04   1.4387894e-03
   5.2884918e-04   1.2614887e-04   1.3246465e-04   1.4801469e-03
   5.3282569e-04   1.3492870e-04   1.4116838e-04   1.5212887e-03
   5.3677718e-04   1.4366469e-04   1.4982858e-04   1.5622154e-03
   5.4070372e-04   1.5235694e-04   1.5844534e-04   1.6029274e-03
   5.4460539e-04   1.6100559e-04   1.6701879e-04   1.6434256e-03
   5.4848226e-04   1.6961074e-04   1.7554904e-04   1.6837103e-03
   5.5233442e-04   1.7817252e-04   1.8403622e-04   1.7237823e-03
   5.5616194e-04   1.8669103e-04   1.9248043e-04   1.7636422e-03
   5.5996490e-04   1.9516640e-04   2.0088180e-04   1.8032904e-03
   5.6374338e-04   2.0359875e-04   2.0924043e-04   1.8427277e-03
   5.6749745e-04   2.1198818e-04   2.1755645e-04   1.8819545e-03
   5.7122719e-04   2.2033482e-04   2.2582997e-04   1.9209716e-03
   5.7493267e-04   2.2863879e-04   2.3406110e-04   1.9597794e-03
   5.7861398e-04   2.3690019e-04   2.4224997e-04   1.9983786e-03
   5.8227119e-04   2.4511914e-04   2.5039668e-04   2.0367698e-03
   5.8590438e-04   2.5329577e-04   2.5850135e-04   2.0749535e-03
   5.8951362e-04   2.6143018e-04   2.6656410e-04   2.1129304e-03
   5.9309899e-04   2.6952249e-04   2.7458504e-04   2.1507010e-03
   5.9666056e-04   2.7757282e-04   2.8256429e-04   2.1882659e-03
   6.0019842e-04   2.8558128e-04   2.9050196e-04   2.2256257e-03
   6.0371264e-04   2.9354799e-04   2.9839817e-04   2.2627809e-03
   6.0720329e-04   3.0147307e-04   3.0625303e-04   2.2997323e-03
   6.1067045e-04   3.0935662e-04   3.1406666e-04   2.3364803e-03
   6.1411420e-04   3.1719877e-04   3.2183916e-04   2.3730255e-03
   6.1753460e-04   3.2499962e-04   3.2957066e-04   2.4093686e-03
   6.2093175e-04   3.3275930e-04   3.3726127e-04   2.4455101e-03
   6.2430571e-04   3.4047791e-04   3.4491110e-04   2.4814505e-03
   6.2765656e-04   3.4815558e-04   3.5252027e-04   2.5171905e-03
   6.3098437e-04   3.5579242e-04   3.6008889e-04   2.5527307e-03
   6.3428922e-04   3.6338854e-04   3.6761708e-04   2.5880716e-03
   6.3757118e-04   3.7094405e-04   3.7510494e-04   2.6232138e-03
   6.4083033e-04   3.7845908e-04   3.8255260e-04   2.6581578e-03
   6.4406675e-04   3.8593373e-04   3.8996016e-04   2.6929044e-03
   6.4728050e-04   3.9336812e-04   3.9732773e-04   2.7274539e-03
   6.5047167e-04   4.0076235e-04   4.0465545e-04   2.7618071e-03
   6.5364033e-04   4.0811656e-04   4.1194340e-04   2.7959645e-03
   6.5678654e-04   4.1543084e-04   4.1919171e-04   2.8299267e-03
   6.5991040e-04   4.2270532e-04   4.2640050e-04   2.8636942e-03
   6.6301197e-04   4.2994010e-04   4.3356986e-04   2.8972676e-03
   6.6609132e-04   4.3713531e-04   4.4069993e-04   2.9306475e-03
   6.6914853e-04   4.4429104e-04   4.4779080e-04   2.9638344e-03
   6.7218368e-04   4.5140742e-04   4.5484259e-04   2.9968290e-03
   6.7519683e-04   4.5848456e-04   4.6185542e-04   3.0296318e-03
   6.7818806e-04   4.6552257e-04   4.6882939e-04   3.0622434e-03
   6.8115745e-04   4.7252157e-04   4.7576462e-04   3.0946643e-03
   6.8410506e-04   4.7948166e-04   4.8266121e-04   3.1268952e-03
   6.8703098e-04   4.8640296e-04   4.8951929e-04   3.1589365e-03
   6.8993527e-04   4.9328558e-04   4.9633896e-04   3.1907889e-03
   6.9281802e-04   5.0012963e-04   5.0312034e-04   3.2224528e-03
   6.9567928e-04   5.0693523e-04   5.0986353e-04   3.2539290e-03
   6.9851913e-04   5.1370248e-04   5.1656864e-04   3.2852180e-03
   7.0133766e-04   5.2043151e-04   5.2323580e-04   3.3163202e-03
   7.0413492e-04   5.2712241e-04   5.2986510e-04   3.3472363e-03
   7.0691100e-04   5.3377531e-04   5.3645666e-04   3.3779669e-03
   7.0966596e-04   5.4039031e-04   5.4301060e-04   3.4085125e-03
   7.1239988e-04   5.4696752e-04   5.4952701e-04   3.4388737e-03
   7.1511283e-04   5.5350706e-04   5.5600602e-04   3.4690510e-03
   7.1780488e-04   5.6000904e-04   5.6244772e-04   3.4990450e-03
   7.2047610e-04   5.6647356e-04   5.6885224e-04   3.5288562e-03
   7.2312657e-04   5.7290074e-04   5.7521969e-04   3.5584852e-03
   7.2575636e-04   5.7929069e-04   5.8155016e-04   3.5879327e-03
   7.2836554e-04   5.8564352e-04   5.8784378e-04   3.6171990e-03
   7.3095418e-04   5.9195934e-04   5.9410064e-04   3.6462849e-03
   7.3352235e-04   5.9823826e-04   6.0032087e-04   3.6751907e-03
   7.3607013e-04   6.0448039e-04   6.0650457e-04   3.7039172e-03
   7.3859758e-04   6.1068584e-04   6.1265185e-04   3.7324649e-03
   7.4110478e-04   6.1685471e-04   6.1876282e-04   3.7608342e-03
   7.4359179e-04   6.2298713e-04   6.2483759e-04   3.7890258e-03
   7.4605870e-04   6.2908320e-04   6.3087626e-04   3.8170403e-03
   7.4850556e-04   6.3514302e-04   6.3687895e-04   3.8448780e-03
   7.5093245e-04   6.4116671e-04   6.4284577e-04   3.8725398e-03
   7.5333945e-04   6.4715438e-04   6.4877681e-04   3.9000259e-03
   7.5572661e-04   6.5310614e-04   6.5467220e-04   3.9273371e-03
   7.5809402e-04   6.5902209e-04   6.6053204e-04   3.9544739e-03
   7.6044174e-04   6.6490234e-04   6.6635644e-04   3.9814368e-03
   7.6276984e-04   6.7074700e-04   6.7214550e-04   4.0082264e-03
   7.6507839e-04   6.7655618e-04   6.7789934e-04   4.0348431e-03
   7.6736746e-04   6.8232999e-04   6.8361805e-04   4.0612876e-03
   7.6963712e-04   6.8806854e-04   6.8930176e-04   4.0875604e-03
   7.7188744e-04   6.9377194e-04   6.9495056e-04   4.1136621e-03
   7.7411849e-04   6.9944028e-04   7.0056457e-04   4.1395932e-03
   7.7633034e-04   7.0507369e-04   7.0614388e-04   4.1653542e-03
   7.7852306e-04   7.1067226e-04   7.1168861e-04   4.1909456e-03
   7.8069672e-04   7.1623611e-04   7.1719887e-04   4.2163681e-03
   7.8285138e-04   7.2176534e-04   7.2267476e-04   4.2416222e-03
   7.8498712e-04   7.2726006e-04   7.2811638e-04   4.2667083e-03
   7.8710400e-04   7.3272037e-04   7.3352385e-04   4.2916271e-03
   7.8920209e-04   7.3814639e-04   7.3889727e-04   4.3163790e-03
   7.9128147e-04   7.4353822e-04   7.4423675e-04   4.3409647e-03
   7.9334219e-04   7.4889597e-04   7.4954238e-04   4.3653846e-03
   7.9538433e-04   7.5421974e-04   7.5481429e-04   4.3896393e-03
   7.9740795e-04   7.5950964e-04   7.6005257e-04   4.4137293e-03
   7.9941313e-04   7.6476578e-04   7.6525733e-04   4.4376551e-03
   8.0139993e-04   7.6998826e-04   7.7042867e-04   4.4614174e-03
   8.0336841e-04   7.7517718e-04   7.7556670e-04   4.4850166e-03
   8.0531865e-04   7.8033266e-04   7.8067153e-04   4.5084532e-03
   8.0725072e-04   7.8545480e-04   7.8574325e-04   4.5317278e-03
   8.0916468e-04   7.9054370e-04   7.9078198e-04   4.5548409e-03
   8.1106059e-04   7.9559947e-04   7.9578783e-04   4.5777931e-03
   8.1293853e-04   8.0062221e-04   8.0076088e-04   4.6005848e-03
   8.1479856e-04   8.0561204e-04   8.0570125e-04   4.6232166e-03
   8.1664074e-04   8.1056905e-04   8.1060905e-04   4.6456891e-03
   8.1846515e-04   8.1549335e-04   8.1548437e-04   4.6680027e-03
   8.2027186e-04   8.2038504e-04   8.2032732e-04   4.6901579e-03
   8.2206092e-04   8.2524423e-04   8.2513800e-04   4.7121554e-03
   8.2383240e-04   8.3007102e-04   8.2991652e-04   4.7339956e-03
   8.2558637e-04   8.3486552e-04   8.3466299e-04   4.7556791e-03
   8.2732290e-04   8.3962783e-04   8.3937750e-04   4.7772063e-03
   8.2904205e-04   8.4435805e-04   8.4406015e-04   4.7985778e-03
   8.3074389e-04   8.4905629e-04   8.4871106e-04   4.8197941e-03
   8.3242848e-04   8.5372265e-04   8.5333031e-04   4.8408558e-03
   8.3409589e-04   8.5835723e-04   8.5791803e-04   4.8617633e-03
   8.3574618e-04   8.6296014e-04   8.6247430e-04   4.8825171e-03
   8.3737942e-04   8.6753148e-04   8.6699923e-04   4.9031179e-03
   8.3899567e-04   8.7207136e-04   8.7149293e-04   4.9235661e-03
   8.4059500e-04   8.7657987e-04   8.7595549e-04   4.9438621e-03
   8.4217748e-04   8.8105712e-04   8.8038702e-04   4.9640066e-03
   8.4374316e-04   8.8550321e-04   8.8478762e-04   4.9840001e-03
   8.4529211e-04   8.8991824e-04   8.8915739e-04   5.0038429e-03
   8.4682440e-04   8.9430232e-04   8.9349643e-04   5.0235358e-03
   8.4834009e-04   8.9865554e-04   8.9780484e-04   5.0430792e-03
   8.4983924e-04   9.0297801e-04   9.0208273e-04   5.0624735e-03
   8.5132193e-04   9.0726984e-04   9.0633019e-04   5.0817193e-03
   8.5278820e-04   9.1153111e-04   9.1054733e-04   5.1008172e-03
   8.5423813e-04   9.1576194e-04   9.1473424e-04   5.1197675e-03
   8.5567178e-04   9.1996242e-04   9.1889103e-04   5.1385709e-03
   8.5708921e-04   9.2413266e-04   9.2301780e-04   5.1572278e-03
   8.5849049e-04   9.2827275e-04   9.2711465e-04   5.1757387e-03
   8.5987568e-04   9.3238280e-04   9.3118167e-04   5.1941042e-03
   8.6124484e-04   9.3646290e-04   9.3521898e-04   5.2123247e-03
   8.6259803e-04   9.4051316e-04   9.3922666e-04   5.2304008e-03
   8.6393532e-04   9.4453368e-04   9.4320481e-04   5.2483329e-03
   8.6525677e-04   9.4852456e-04   9.4715355e-04   5.2661215e-03
   8.6656245e-04   9.5248589e-04   9.5107296e-04   5.2837672e-03
   8.6785241e-04   9.5641778e-04   9.5496314e-04   5.3012704e-03
   8.6912671e-04   9.6032033e-04   9.5882419e-04   5.3186317e-03
   8.7038542e-04   9.6419363e-04   9.6265622e-04   5.3358515e-03
   8.7162861e-04   9.6803779e-04   9.6645932e-04   5.3529304e-03
   8.7285633e-04   9.7185290e-04   9.7023359e-04   5.3698688e-03
   8.7406864e-04   9.7563906e-04   9.7397913e-04   5.3866672e-03
   8.7526560e-04   9.7939638e-04   9.7769603e-04   5.4033261e-03
   8.7644729e-04   9.8312494e-04   9.8138439e-04   5.4198460e-03
   8.7761375e-04   9.8682485e-04   9.8504432e-04   5.4362275e-03
   8.7876505e-04   9.9049621e-04   9.8867591e-04   5.4524709e-03
   8.7990125e-04   9.9413912e-04   9.9227925e-04   5.4685769e-03
   8.8102241e-04   9.9775366e-04   9.9585444e-04   5.4845458e-03
   8.8212860e-04   1.0013399e-03   9.9940159e-04   5.5003782e-03
   8.8321986e-04   1.0048981e-03   1.0029208e-03   5.5160745e-03
   8.8429627e-04   1.0084281e-03   1.0064121e-03   5.5316353e-03
   8.8535788e-04   1.0119302e-03   1.0098757e-03   5.5470610e-03
   8.8640475e-04   1.0154044e-03   1.0133116e-03   5.5623521e-03
   8.8743695e-04   1.0188509e-03   1.0167200e-03   5.5775091e-03
   8.8845453e-04   1.0222697e-03   1.0201008e-03   5.5925324e-03
   8.8945755e-04   1.0256609e-03   1.0234544e-03   5.6074227e-03
   8.9044607e-04   1.0290246e-03   1.0267806e-03   5.6221803e-03
   8.9142015e-04   1.0323609e-03   1.0300796e-03   5.6368057e-03
   8.9237986e-04   1.0356699e-03   1.0333516e-03   5.6512994e-03
   8.9332524e-04   1.0389517e-03   1.0365966e-03   5.6656619e-03
   8.9425637e-04   1.0422065e-03   1.0398146e-03   5.6798936e-03
   8.9517329e-04   1.0454342e-03   1.0430059e-03   5.6939951e-03
   8.9607606e-04   1.0486350e-03   1.0461705e-03   5.7079668e-03
   8.9696476e-04   1.0518090e-03   1.0493084e-03   5.7218092e-03
   8.9783942e-04   1.0549563e-03   1.0524198e-03   5.7355227e-03
   8.9870012e-04   1.0580769e-03   1.0555048e-03   5.7491079e-03
   8.9954691e-04   1.0611711e-03   1.0585635e-03   5.7625652e-03
   9.0037985e-04   1.0642388e-03   1.0615960e-03   5.7758950e-03
   9.0119899e-04   1.0672801e-03   1.0646023e-03   5.7890979e-03
   9.0200440e-04   1.0702952e-03   1.0675825e-03   5.8021744e-03
   9.0279612e-04   1.0732842e-03   1.0705368e-03   5.8151248e-03
   9.0357423e-04   1.0762471e-03   1.0734653e-03   5.8279497e-03
   9.0433878e-04   1.0791840e-03   1.0763679e-03   5.8406495e-03
   9.0508982e-04   1.0820951e-03   1.0792449e-03   5.8532247e-03
   9.0582741e-04   1.0849803e-03   1.0820963e-03   5.8656757e-03
   9.0655161e-04   1.0878399e-03   1.0849223e-03   5.8780031e-03
   9.0726247e-04   1.0906739e-03   1.0877228e-03   5.8902073e-03
   9.0796005e-04   1.0934824e-03   1.0904980e-03   5.9022887e-03
   9.0864442e-04   1.0962655e-03   1.0932480e-03   5.9142478e-03
   9.0931562e-04   1.0990233e-03   1.0959729e-03   5.9260851e-03
   9.0997371e-04   1.1017559e-03   1.0986727e-03   5.9378010e-03
   9.1061874e-04   1.1044633e-03   1.1013477e-03   5.9493960e-03
   9.1125079e-04   1.1071457e-03   1.1039977e-03   5.9608705e-03
   9.1186989e-04   1.1098032e-03   1.1066230e-03   5.9722251e-03
   9.1247610e-04   1.1124358e-03   1.1092237e-03   5.9834601e-03
   9.1306949e-04   1.1150436e-03   1.1117998e-03   5.9945760e-03
   9.1365010e-04   1.1176268e-03   1.1143514e-03   6.0055733e-03
   9.1421800e-04   1.1201854e-03   1.1168786e-03   6.0164524e-03
   9.1477323e-04   1.1227195e-03   1.1193815e-03   6.0272138e-03
   9.1531586e-04   1.1252292e-03   1.1218602e-03   6.0378580e-03
   9.1584594e-04   1.1277146e-03   1.1243147e-03   6.0483853e-03
   9.1636351e-04   1.1301757e-03   1.1267453e-03   6.0587962e-03
   9.1686865e-04   1.1326128e-03   1.1291519e-03   6.0690912e-03
   9.1736139e-04   1.1350258e-03   1.1315346e-03   6.0792707e-03
   9.1784180e-04   1.1374149e-03   1.1338936e-03   6.0893352e-03
   9.1830994e-04   1.1397801e-03   1.1362289e-03   6.0992852e-03
   9.1876585e-04   1.1421215e-03   1.1385406e-03   6.1091210e-03
   9.1920958e-04   1.1444393e-03   1.1408288e-03   6.1188431e-03
   9.1964120e-04   1.1467334e-03   1.1430937e-03   6.1284519e-03
   9.2006076e-04   1.1490041e-03   1.1453352e-03   6.1379480e-03
   9.2046831e-04   1.1512514e-03   1.1475534e-03   6.1473317e-03
   9.2086390e-04   1.1534753e-03   1.1497486e-03   6.1566034e-03
   9.2124760e-04   1.1556760e-03   1.1519206e-03   6.1657637e-03
   9.2161944e-04   1.1578535e-03   1.1540697e-03   6.1748130e-03
   9.2197949e-04   1.1600080e-03   1.1561960e-03   6.1837516e-03
   9.2232779e-04   1.1621396e-03   1.1582994e-03   6.1925801e-03
   9.2266440e-04   1.1642482e-03   1.1603801e-03   6.2012988e-03
   9.2298938e-04   1.1663341e-03   1.1624382e-03   6.2099082e-03
   9.2330278e-04   1.1683972e-03   1.1644738e-03   6.2184088e-03
   9.2360464e-04   1.1704377e-03   1.1664869e-03   6.2268010e-03
   9.2389502e-04   1.1724557e-03   1.1684777e-03   6.2350851e-03
   9.2417398e-04   1.1744513e-03   1.1704462e-03   6.2432617e-03
   9.2444156e-04   1.1764245e-03   1.1723925e-03   6.2513312e-03
   9.2469782e-04   1.1783754e-03   1.1743168e-03   6.2592939e-03
   9.2494281e-04   1.1803041e-03   1.1762190e-03   6.2671504e-03
   9.2517658e-04   1.1822108e-03   1.1780993e-03   6.2749011e-03
   9.2539919e-04   1.1840954e-03   1.1799577e-03   6.2825463e-03
   9.2561067e-04   1.1859581e-03   1.1817944e-03   6.2900865e-03
   9.2581110e-04   1.1877989e-03   1.1836094e-03   6.2975221e-03
   9.2600051e-04   1.1896180e-03   1.1854028e-03   6.3048537e-03
   9.2617896e-04   1.1914154e-03   1.1871748e-03   6.3120814e-03
   9.2634649e-04   1.1931913e-03   1.1889253e-03   6.3192059e-03
   9.2650317e-04   1.1949456e-03   1.1906544e-03   6.3262276e-03
   9.2664904e-04   1.1966785e-03   1.1923624e-03   6.3331467e-03
   9.2678415e-04   1.1983901e-03   1.1940491e-03   6.3399638e-03
   9.2690856e-04   1.2000804e-03   1.1957148e-03   6.3466793e-03
   9.2702230e-04   1.2017496e-03   1.1973595e-03   6.3532936e-03
   9.2712544e-04   1.2033977e-03   1.1989833e-03   6.3598072e-03
   9.2721802e-04   1.2050248e-03   1.2005862e-03   6.3662203e-03
   9.2730009e-04   1.2066310e-03   1.2021684e-03   6.3725335e-03
   9.2737171e-04   1.2082163e-03   1.2037300e-03   6.3787472e-03
   9.2743292e-04   1.2097810e-03   1.2052709e-03   6.3848617e-03
   9.2748377e-04   1.2113249e-03   1.2067914e-03   6.3908776e-03
   9.2752431e-04   1.2128483e-03   1.2082914e-03   6.3967951e-03
   9.2755460e-04   1.2143512e-03   1.2097711e-03   6.4026148e-03
   9.2757467e-04   1.2158336e-03   1.2112306e-03   6.4083369e-03
   9.2758458e-04   1.2172958e-03   1.2126698e-03   6.4139620e-03
   9.2758438e-04   1.2187377e-03   1.2140890e-03   6.4194904e-03
   9.2757412e-04   1.2201594e-03   1.2154882e-03   6.4249226e-03
   9.2755385e-04   1.2215610e-03   1.2168675e-03   6.4302589e-03
   9.2752361e-04   1.2229427e-03   1.2182269e-03   6.4354998e-03
   9.2748345e-04   1.2243044e-03   1.2195666e-03   6.4406456e-03
   9.2743342e-04   1.2256463e-03   1.2208866e-03   6.4456968e-03
   9.2737357e-04   1.2269684e-03   1.2221870e-03   6.4506538e-03
   9.2730396e-04   1.2282709e-03   1.2234678e-03   6.4555169e-03
   9.2722461e-04   1.2295537e-03   1.2247292e-03   6.4602866e-03
   9.2713559e-04   1.2308170e-03   1.2259713e-03   6.4649632e-03
   9.2703694e-04   1.2320609e-03   1.2271941e-03   6.4695473e-03
   9.2692871e-04   1.2332855e-03   1.2283977e-03   6.4740390e-03
   9.2681095e-04   1.2344908e-03   1.2295821e-03   6.4784390e-03
   9.2668370e-04   1.2356768e-03   1.2307476e-03   6.4827474e-03
   9.2654701e-04   1.2368438e-03   1.2318940e-03   6.4869649e-03
   9.2640093e-04   1.2379917e-03   1.2330216e-03   6.4910917e-03
   9.2624551e-04   1.2391207e-03   1.2341304e-03   6.4951282e-03
   9.2608079e-04   1.2402308e-03   1.2352204e-03   6.4990748e-03
   9.2590681e-04   1.2413221e-03   1.2362918e-03   6.5029320e-03
   9.2572363e-04   1.2423947e-03   1.2373447e-03   6.5067000e-03
   9.2553129e-04   1.2434486e-03   1.2383790e-03   6.5103794e-03
   9.2532985e-04   1.2444840e-03   1.2393950e-03   6.5139704e-03
   9.2511933e-04   1.2455009e-03   1.2403926e-03   6.5174735e-03
   9.2489980e-04   1.2464994e-03   1.2413719e-03   6.5208891e-03
   9.2467129e-04   1.2474796e-03   1.2423331e-03   6.5242175e-03
   9.2443386e-04   1.2484415e-03   1.2432762e-03   6.5274592e-03
   9.2418754e-04   1.2493853e-03   1.2442012e-03   6.5306145e-03
   9.2393239e-04   1.2503109e-03   1.2451083e-03   6.5336837e-03
   9.2366844e-04   1.2512186e-03   1.2459976e-03   6.5366674e-03
   9.2339575e-04   1.2521083e-03   1.2468690e-03   6.5395658e-03
   9.2311437e-04   1.2529801e-03   1.2477227e-03   6.5423794e-03
   9.2282432e-04   1.2538342e-03   1.2485588e-03   6.5451084e-03
   9.2252567e-04   1.2546705e-03   1.2493773e-03   6.5477534e-03
   9.2221845e-04   1.2554893e-03   1.2501784e-03   6.5503146e-03
   9.2190271e-04   1.2562904e-03   1.2509620e-03   6.5527925e-03
   9.2157850e-04   1.2570741e-03   1.2517282e-03   6.5551875e-03
   9.2124585e-04   1.2578404e-03   1.2524773e-03   6.5574998e-03
   9.2090482e-04   1.2585893e-03   1.2532091e-03   6.5597299e-03
   9.2055544e-04   1.2593210e-03   1.2539238e-03   6.5618781e-03
   9.2019777e-04   1.2600356e-03   1.2546215e-03   6.5639449e-03
   9.1983184e-04   1.2607330e-03   1.2553022e-03   6.5659306e-03
   9.1945770e-04   1.2614134e-03   1.2559661e-03   6.5678355e-03
   9.1907540e-04   1.2620768e-03   1.2566131e-03   6.5696601e-03
   9.1868497e-04   1.2627234e-03   1.2572434e-03   6.5714046e-03
   9.1828647e-04   1.2633532e-03   1.2578570e-03   6.5730695e-03
   9.1787992e-04   1.2639662e-03   1.2584540e-03   6.5746552e-03
   9.1746539e-04   1.2645626e-03   1.2590345e-03   6.5761620e-03
   9.1704290e-04   1.2651424e-03   1.2595986e-03   6.5775902e-03
   9.1661251e-04   1.2657057e-03   1.2601463e-03   6.5789402e-03
   9.1617426e-04   1.2662525e-03   1.2606777e-03   6.5802125e-03
   9.1572818e-04   1.2667830e-03   1.2611929e-03   6.5814073e-03
   9.1527433e-04   1.2672972e-03   1.2616919e-03   6.5825250e-03
   9.1481274e-04   1.2677952e-03   1.2621748e-03   6.5835659e-03
   9.1434346e-04   1.2682771e-03   1.2626418e-03   6.5845305e-03
   9.1386653e-04   1.2687429e-03   1.2630928e-03   6.5854191e-03
   9.1338199e-04   1.2691927e-03   1.2635279e-03   6.5862321e-03
   9.1288988e-04   1.2696266e-03   1.2639472e-03   6.5869698e-03
   9.1239025e-04   1.2700446e-03   1.2643509e-03   6.5876325e-03
   9.1188313e-04   1.2704468e-03   1.2647388e-03   6.5882206e-03
   9.1136858e-04   1.2708334e-03   1.2651112e-03   6.5887345e-03
   9.1084662e-04   1.2712043e-03   1.2654681e-03   6.5891745e-03
   9.1031731e-04   1.2715596e-03   1.2658096e-03   6.5895410e-03
   9.0978068e-04   1.2718994e-03   1.2661357e-03   6.5898343e-03
   9.0923678e-04   1.2722239e-03   1.2664465e-03   6.5900548e-03
   9.0868564e-04   1.2725329e-03   1.2667421e-03   6.5902028e-03
   9.0812731e-04   1.2728267e-03   1.2670225e-03   6.5902787e-03
   9.0756183e-04   1.2731053e-03   1.2672879e-03   6.5902828e-03
   9.0698923e-04   1.2733687e-03   1.2675382e-03   6.5902155e-03
   9.0640957e-04   1.2736171e-03   1.2677736e-03   6.5900771e-03
   9.0582287e-04   1.2738505e-03   1.2679941e-03   6.5898680e-03
   9.0522919e-04   1.2740689e-03   1.2681999e-03   6.5895884e-03
   9.0462855e-04   1.2742725e-03   1.2683908e-03   6.5892388e-03
   9.0402101e-04   1.2744613e-03   1.2685672e-03   6.5888195e-03
   9.0340659e-04   1.2746354e-03   1.2687289e-03   6.5883308e-03
   9.0278535e-04   1.2747948e-03   1.2688761e-03   6.5877730e-03
   9.0215732e-04   1.2749397e-03   1.2690088e-03   6.5871466e-03
   9.0152253e-04   1.2750700e-03   1.2691272e-03   6.5864518e-03
   9.0088104e-04   1.2751859e-03   1.2692312e-03   6.5856890e-03
   9.0023288e-04   1.2752874e-03   1.2693210e-03   6.5848586e-03
   8.9957808e-04   1.2753746e-03   1.2693965e-03   6.5839608e-03
   8.9891669e-04   1.2754476e-03   1.2694580e-03   6.5829959e-03
   8.9824875e-04   1.2755063e-03   1.2695054e-03   6.5819644e-03
   8.9757429e-04   1.2755510e-03   1.2695388e-03   6.5808666e-03
   8.9689336e-04   1.2755817e-03   1.2695584e-03   6.5797027e-03
   8.9620599e-04   1.2755984e-03   1.2695640e-03   6.5784732e-03
   8.9551223e-04   1.2756011e-03   1.2695559e-03   6.5771783e-03
   8.9481210e-04   1.2755901e-03   1.2695341e-03   6.5758184e-03
   8.9410565e-04   1.2755653e-03   1.2694986e-03   6.5743938e-03
   8.9339292e-04   1.2755267e-03   1.2694495e-03   6.5729048e-03
   8.9267394e-04   1.2754746e-03   1.2693869e-03   6.5713518e-03
   8.9194876e-04   1.2754088e-03   1.2693109e-03   6.5697351e-03
   8.9121741e-04   1.2753296e-03   1.2692214e-03   6.5680550e-03
   8.9047993e-04   1.2752369e-03   1.2691187e-03   6.5663119e-03
   8.8973635e-04   1.2751309e-03   1.2690027e-03   6.5645060e-03
   8.8898672e-04   1.2750116e-03   1.2688735e-03   6.5626377e-03
   8.8823107e-04   1.2748790e-03   1.2687312e-03   6.5607073e-03
   8.8746944e-04   1.2747332e-03   1.2685758e-03   6.5587151e-03
   8.8670187e-04   1.2745744e-03   1.2684074e-03   6.5566615e-03
   8.8592838e-04   1.2744025e-03   1.2682261e-03   6.5545468e-03
   8.8514903e-04   1.2742176e-03   1.2680320e-03   6.5523712e-03
   8.8436385e-04   1.2740198e-03   1.2678250e-03   6.5501351e-03
   8.8357287e-04   1.2738091e-03   1.2676053e-03   6.5478389e-03
   8.8277613e-04   1.2735857e-03   1.2673729e-03   6.5454828e-03
   8.8197366e-04   1.2733496e-03   1.2671279e-03   6.5430671e-03
   8.8116552e-04   1.2731008e-03   1.2668704e-03   6.5405922e-03
   8.8035172e-04   1.2728393e-03   1.2666003e-03   6.5380584e-03
   8.7953230e-04   1.2725654e-03   1.2663179e-03   6.5354660e-03
   8.7870731e-04   1.2722790e-03   1.2660231e-03   6.5328152e-03
   8.7787678e-04   1.2719802e-03   1.2657160e-03   6.5301065e-03
   8.7704074e-04   1.2716691e-03   1.2653967e-03   6.5273401e-03
   8.7619923e-04   1.2713457e-03   1.2650652e-03   6.5245163e-03
   8.7535228e-04   1.2710100e-03   1.2647216e-03   6.5216354e-03
   8.7449994e-04   1.2706622e-03   1.2643659e-03   6.5186978e-03
   8.7364223e-04   1.2703024e-03   1.2639983e-03   6.5157038e-03
   8.7277919e-04   1.2699305e-03   1.2636187e-03   6.5126536e-03
   8.7191086e-04   1.2695466e-03   1.2632273e-03   6.5095475e-03
   8.7103727e-04   1.2691508e-03   1.2628241e-03   6.5063859e-03
   8.7015845e-04   1.2687432e-03   1.2624091e-03   6.5031691e-03
   8.6927445e-04   1.2683238e-03   1.2619825e-03   6.4998973e-03
   8.6838529e-04   1.2678927e-03   1.2615443e-03   6.4965709e-03
   8.6749102e-04   1.2674500e-03   1.2610945e-03   6.4931901e-03
   8.6659166e-04   1.2669956e-03   1.2606332e-03   6.4897554e-03
   8.6568724e-04   1.2665297e-03   1.2601605e-03   6.4862668e-03
   8.6477782e-04   1.2660524e-03   1.2596764e-03   6.4827249e-03
   8.6386341e-04   1.2655636e-03   1.2591810e-03   6.4791298e-03
   8.6294405e-04   1.2650635e-03   1.2586744e-03   6.4754818e-03
   8.6201977e-04   1.2645520e-03   1.2581565e-03   6.4717813e-03
   8.6109062e-04   1.2640294e-03   1.2576275e-03   6.4680285e-03
   8.6015662e-04   1.2634955e-03   1.2570875e-03   6.4642238e-03
   8.5921780e-04   1.2629506e-03   1.2565364e-03   6.4603674e-03
   8.5827421e-04   1.2623946e-03   1.2559744e-03   6.4564596e-03
   8.5732587e-04   1.2618276e-03   1.2554015e-03   6.4525007e-03
   8.5637281e-04   1.2612497e-03   1.2548177e-03   6.4484910e-03
   8.5541508e-04   1.2606609e-03   1.2542232e-03   6.4444307e-03
   8.5445270e-04   1.2600612e-03   1.2536180e-03   6.4403203e-03
   8.5348570e-04   1.2594509e-03   1.2530021e-03   6.4361599e-03
   8.5251413e-04   1.2588298e-03   1.2523755e-03   6.4319499e-03
   8.5153800e-04   1.2581981e-03   1.2517385e-03   6.4276905e-03
   8.5055736e-04   1.2575558e-03   1.2510909e-03   6.4233820e-03
   8.4957224e-04   1.2569029e-03   1.2504330e-03   6.4190247e-03
   8.4858266e-04   1.2562396e-03   1.2497646e-03   6.4146188e-03
   8.4758866e-04   1.2555659e-03   1.2490859e-03   6.4101648e-03
   8.4659028e-04   1.2548819e-03   1.2483970e-03   6.4056628e-03
   8.4558755e-04   1.2541875e-03   1.2476979e-03   6.4011131e-03
   8.4458049e-04   1.2534829e-03   1.2469886e-03   6.3965160e-03
   8.4356914e-04   1.2527682e-03   1.2462693e-03   6.3918718e-03
   8.4255353e-04   1.2520433e-03   1.2455399e-03   6.3871808e-03
   8.4153369e-04   1.2513083e-03   1.2448005e-03   6.3824432e-03
   8.4050965e-04   1.2505633e-03   1.2440513e-03   6.3776593e-03
   8.3948146e-04   1.2498084e-03   1.2432921e-03   6.3728294e-03
   8.3844912e-04   1.2490436e-03   1.2425232e-03   6.3679538e-03
   8.3741269e-04   1.2482689e-03   1.2417445e-03   6.3630327e-03
   8.3637218e-04   1.2474845e-03   1.2409561e-03   6.3580665e-03
   8.3532764e-04   1.2466903e-03   1.2401580e-03   6.3530553e-03
   8.3427908e-04   1.2458864e-03   1.2393504e-03   6.3479994e-03
   8.3322655e-04   1.2450730e-03   1.2385333e-03   6.3428992e-03
   8.3217006e-04   1.2442499e-03   1.2377066e-03   6.3377549e-03
   8.3110966e-04   1.2434174e-03   1.2368706e-03   6.3325667e-03
   8.3004538e-04   1.2425754e-03   1.2360252e-03   6.3273350e-03
   8.2897723e-04   1.2417240e-03   1.2351705e-03   6.3220600e-03
   8.2790526e-04   1.2408632e-03   1.2343065e-03   6.3167419e-03
   8.2682950e-04   1.2399932e-03   1.2334333e-03   6.3113811e-03
   8.2574996e-04   1.2391139e-03   1.2325510e-03   6.3059777e-03
   8.2466670e-04   1.2382255e-03   1.2316596e-03   6.3005321e-03
   8.2357972e-04   1.2373279e-03   1.2307591e-03   6.2950446e-03
   8.2248907e-04   1.2364213e-03   1.2298496e-03   6.2895153e-03
   8.2139477e-04   1.2355056e-03   1.2289312e-03   6.2839445e-03
   8.2029685e-04   1.2345809e-03   1.2280040e-03   6.2783326e-03
   8.1919534e-04   1.2336474e-03   1.2270679e-03   6.2726797e-03
   8.1809028e-04   1.2327050e-03   1.2261230e-03   6.2669862e-03
   8.1698168e-04   1.2317538e-03   1.2251694e-03   6.2612522e-03
   8.1586958e-04   1.2307938e-03   1.2242071e-03   6.2554781e-03
   8.1475401e-04   1.2298251e-03   1.2232362e-03   6.2496640e-03
   8.1363500e-04   1.2288478e-03   1.2222567e-03   6.2438104e-03
   8.1251257e-04   1.2278619e-03   1.2212688e-03   6.2379173e-03
   8.1138676e-04   1.2268674e-03   1.2202723e-03   6.2319851e-03
   8.1025759e-04   1.2258645e-03   1.2192675e-03   6.2260140e-03
   8.0912509e-04   1.2248531e-03   1.2182543e-03   6.2200042e-03
   8.0798930e-04   1.2238333e-03   1.2172327e-03   6.2139561e-03
   8.0685023e-04   1.2228051e-03   1.2162030e-03   6.2078698e-03
   8.0570791e-04   1.2217687e-03   1.2151650e-03   6.2017457e-03
   8.0456238e-04   1.2207241e-03   1.2141188e-03   6.1955839e-03
   8.0341366e-04   1.2196713e-03   1.2130646e-03   6.1893848e-03
   8.0226179e-04   1.2186103e-03   1.2120023e-03   6.1831485e-03
   8.0110678e-04   1.2175413e-03   1.2109320e-03   6.1768753e-03
   7.9994866e-04   1.2164642e-03   1.2098537e-03   6.1705655e-03
   7.9878747e-04   1.2153791e-03   1.2087676e-03   6.1642193e-03
   7.9762323e-04   1.2142861e-03   1.2076736e-03   6.1578369e-03
   7.9645596e-04   1.2131853e-03   1.2065717e-03   6.1514186e-03
   7.9528570e-04   1.2120766e-03   1.2054622e-03   6.1449646e-03
   7.9411248e-04   1.2109601e-03   1.2043449e-03   6.1384753e-03
   7.9293631e-04   1.2098359e-03   1.2032200e-03   6.1319507e-03
   7.9175723e-04   1.2087040e-03   1.2020874e-03   6.1253912e-03
   7.9057526e-04   1.2075645e-03   1.2009473e-03   6.1187970e-03
   7.8939043e-04   1.2064174e-03   1.1997997e-03   6.1121683e-03
   7.8820277e-04   1.2052627e-03   1.1986446e-03   6.1055054e-03
   7.8701230e-04   1.2041006e-03   1.1974822e-03   6.0988085e-03
   7.8581905e-04   1.2029310e-03   1.1963123e-03   6.0920779e-03
   7.8462304e-04   1.2017541e-03   1.1951352e-03   6.0853137e-03
   7.8342431e-04   1.2005698e-03   1.1939507e-03   6.0785163e-03
   7.8222287e-04   1.1993782e-03   1.1927591e-03   6.0716858e-03
   7.8101876e-04   1.1981794e-03   1.1915603e-03   6.0648225e-03
   7.7981200e-04   1.1969734e-03   1.1903544e-03   6.0579266e-03
   7.7860262e-04   1.1957602e-03   1.1891413e-03   6.0509984e-03
   7.7739064e-04   1.1945399e-03   1.1879213e-03   6.0440380e-03
   7.7617608e-04   1.1933126e-03   1.1866943e-03   6.0370458e-03
   7.7495898e-04   1.1920783e-03   1.1854603e-03   6.0300219e-03
   7.7373936e-04   1.1908370e-03   1.1842195e-03   6.0229666e-03
   7.7251724e-04   1.1895888e-03   1.1829718e-03   6.0158801e-03
   7.7129265e-04   1.1883338e-03   1.1817173e-03   6.0087626e-03
   7.7006562e-04   1.1870719e-03   1.1804561e-03   6.0016144e-03
   7.6883616e-04   1.1858033e-03   1.1791882e-03   5.9944356e-03
   7.6760431e-04   1.1845279e-03   1.1779136e-03   5.9872266e-03
   7.6637009e-04   1.1832459e-03   1.1766324e-03   5.9799875e-03
   7.6513353e-04   1.1819572e-03   1.1753446e-03   5.9727185e-03
   7.6389464e-04   1.1806619e-03   1.1740504e-03   5.9654199e-03
   7.6265345e-04   1.1793601e-03   1.1727496e-03   5.9580919e-03
   7.6141000e-04   1.1780518e-03   1.1714424e-03   5.9507348e-03
   7.6016430e-04   1.1767371e-03   1.1701289e-03   5.9433486e-03
   7.5891637e-04   1.1754159e-03   1.1688090e-03   5.9359338e-03
   7.5766625e-04   1.1740884e-03   1.1674828e-03   5.9284904e-03
   7.5641395e-04   1.1727546e-03   1.1661504e-03   5.9210187e-03
   7.5515950e-04   1.1714145e-03   1.1648117e-03   5.9135189e-03
   7.5390292e-04   1.1700682e-03   1.1634669e-03   5.9059913e-03
   7.5264425e-04   1.1687158e-03   1.1621160e-03   5.8984360e-03
   7.5138349e-04   1.1673571e-03   1.1607590e-03   5.8908533e-03
   7.5012068e-04   1.1659924e-03   1.1593960e-03   5.8832433e-03
   7.4885583e-04   1.1646217e-03   1.1580270e-03   5.8756064e-03
   7.4758898e-04   1.1632449e-03   1.1566521e-03   5.8679426e-03
   7.4632015e-04   1.1618622e-03   1.1552713e-03   5.8602523e-03
   7.4504935e-04   1.1604736e-03   1.1538846e-03   5.8525356e-03
   7.4377661e-04   1.1590791e-03   1.1524921e-03   5.8447927e-03
   7.4250196e-04   1.1576788e-03   1.1510939e-03   5.8370239e-03
   7.4122542e-04   1.1562727e-03   1.1496899e-03   5.8292293e-03
   7.3994701e-04   1.1548608e-03   1.1482803e-03   5.8214093e-03
   7.3866676e-04   1.1534433e-03   1.1468650e-03   5.8135638e-03
   7.3738468e-04   1.1520201e-03   1.1454441e-03   5.8056933e-03
   7.3610080e-04   1.1505913e-03   1.1440177e-03   5.7977979e-03
   7.3481514e-04   1.1491569e-03   1.1425857e-03   5.7898778e-03
   7.3352773e-04   1.1477170e-03   1.1411483e-03   5.7819331e-03
   7.3223858e-04   1.1462716e-03   1.1397055e-03   5.7739642e-03
   7.3094773e-04   1.1448208e-03   1.1382573e-03   5.7659712e-03
   7.2965518e-04   1.1433645e-03   1.1368037e-03   5.7579543e-03
   7.2836097e-04   1.1419029e-03   1.1353449e-03   5.7499137e-03
   7.2706512e-04   1.1404360e-03   1.1338808e-03   5.7418496e-03
   7.2576764e-04   1.1389638e-03   1.1324114e-03   5.7337622e-03
   7.2446856e-04   1.1374864e-03   1.1309369e-03   5.7256518e-03
   7.2316791e-04   1.1360038e-03   1.1294573e-03   5.7175185e-03
   7.2186570e-04   1.1345161e-03   1.1279726e-03   5.7093625e-03
   7.2056195e-04   1.1330232e-03   1.1264828e-03   5.7011840e-03
   7.1925669e-04   1.1315253e-03   1.1249880e-03   5.6929832e-03
   7.1794994e-04   1.1300223e-03   1.1234882e-03   5.6847603e-03
   7.1664172e-04   1.1285143e-03   1.1219835e-03   5.6765156e-03
   7.1533205e-04   1.1270014e-03   1.1204739e-03   5.6682491e-03
   7.1402095e-04   1.1254836e-03   1.1189594e-03   5.6599611e-03
   7.1270844e-04   1.1239610e-03   1.1174401e-03   5.6516518e-03
   7.1139455e-04   1.1224335e-03   1.1159161e-03   5.6433214e-03
   7.1007929e-04   1.1209012e-03   1.1143873e-03   5.6349700e-03
   7.0876269e-04   1.1193641e-03   1.1128538e-03   5.6265979e-03
   7.0744476e-04   1.1178224e-03   1.1113157e-03   5.6182053e-03
   7.0612553e-04   1.1162760e-03   1.1097730e-03   5.6097923e-03
   7.0480502e-04   1.1147249e-03   1.1082257e-03   5.6013591e-03
   7.0348325e-04   1.1131693e-03   1.1066738e-03   5.5929060e-03
   7.0216023e-04   1.1116091e-03   1.1051175e-03   5.5844331e-03
   7.0083600e-04   1.1100444e-03   1.1035567e-03   5.5759406e-03
   6.9951056e-04   1.1084752e-03   1.1019914e-03   5.5674286e-03
   6.9818395e-04   1.1069016e-03   1.1004218e-03   5.5588974e-03
   6.9685617e-04   1.1053236e-03   1.0988478e-03   5.5503472e-03
   6.9552725e-04   1.1037413e-03   1.0972696e-03   5.5417781e-03
   6.9419722e-04   1.1021546e-03   1.0956870e-03   5.5331904e-03
   6.9286608e-04   1.1005636e-03   1.0941002e-03   5.5245841e-03
   6.9153386e-04   1.0989684e-03   1.0925093e-03   5.5159596e-03
   6.9020058e-04   1.0973690e-03   1.0909142e-03   5.5073169e-03
   6.8886626e-04   1.0957654e-03   1.0893149e-03   5.4986562e-03
   6.8753091e-04   1.0941577e-03   1.0877116e-03   5.4899778e-03
   6.8619456e-04   1.0925459e-03   1.0861042e-03   5.4812818e-03
   6.8485723e-04   1.0909300e-03   1.0844928e-03   5.4725684e-03
   6.8351894e-04   1.0893101e-03   1.0828775e-03   5.4638378e-03
   6.8217970e-04   1.0876863e-03   1.0812582e-03   5.4550901e-03
   6.8083953e-04   1.0860585e-03   1.0796350e-03   5.4463256e-03
   6.7949846e-04   1.0844268e-03   1.0780080e-03   5.4375443e-03
   6.7815650e-04   1.0827912e-03   1.0763771e-03   5.4287465e-03
   6.7681367e-04   1.0811517e-03   1.0747424e-03   5.4199324e-03
   6.7546999e-04   1.0795085e-03   1.0731040e-03   5.4111021e-03
   6.7412548e-04   1.0778615e-03   1.0714619e-03   5.4022558e-03
   6.7278015e-04   1.0762108e-03   1.0698161e-03   5.3933937e-03
   6.7143403e-04   1.0745564e-03   1.0681666e-03   5.3845159e-03
   6.7008713e-04   1.0728983e-03   1.0665136e-03   5.3756227e-03
   6.6873948e-04   1.0712366e-03   1.0648569e-03   5.3667141e-03
   6.6739108e-04   1.0695714e-03   1.0631967e-03   5.3577904e-03
   6.6604197e-04   1.0679026e-03   1.0615331e-03   5.3488517e-03
   6.6469215e-04   1.0662302e-03   1.0598659e-03   5.3398982e-03
   6.6334164e-04   1.0645544e-03   1.0581953e-03   5.3309301e-03
   6.6199047e-04   1.0628751e-03   1.0565213e-03   5.3219475e-03
   6.6063865e-04   1.0611925e-03   1.0548440e-03   5.3129507e-03
   6.5928620e-04   1.0595064e-03   1.0531633e-03   5.3039396e-03
   6.5793313e-04   1.0578171e-03   1.0514793e-03   5.2949147e-03
   6.5657947e-04   1.0561244e-03   1.0497920e-03   5.2858759e-03
   6.5522522e-04   1.0544284e-03   1.0481015e-03   5.2768235e-03
   6.5387042e-04   1.0527292e-03   1.0464079e-03   5.2677576e-03
   6.5251507e-04   1.0510268e-03   1.0447110e-03   5.2586784e-03
   6.5115920e-04   1.0493213e-03   1.0430111e-03   5.2495861e-03
   6.4980282e-04   1.0476126e-03   1.0413080e-03   5.2404808e-03
   6.4844594e-04   1.0459007e-03   1.0396019e-03   5.2313626e-03
   6.4708859e-04   1.0441859e-03   1.0378928e-03   5.2222318e-03
   6.4573078e-04   1.0424680e-03   1.0361806e-03   5.2130885e-03
   6.4437253e-04   1.0407471e-03   1.0344655e-03   5.2039329e-03
   6.4301386e-04   1.0390232e-03   1.0327475e-03   5.1947651e-03
   6.4165477e-04   1.0372964e-03   1.0310266e-03   5.1855852e-03
   6.4029530e-04   1.0355667e-03   1.0293028e-03   5.1763935e-03
   6.3893546e-04   1.0338341e-03   1.0275762e-03   5.1671900e-03
   6.3757525e-04   1.0320986e-03   1.0258467e-03   5.1579751e-03
   6.3621471e-04   1.0303604e-03   1.0241146e-03   5.1487487e-03
   6.3485383e-04   1.0286194e-03   1.0223796e-03   5.1395110e-03
   6.3349266e-04   1.0268757e-03   1.0206420e-03   5.1302623e-03
   6.3213118e-04   1.0251292e-03   1.0189017e-03   5.1210027e-03
   6.3076944e-04   1.0233801e-03   1.0171588e-03   5.1117322e-03
   6.2940743e-04   1.0216283e-03   1.0154133e-03   5.1024512e-03
   6.2804518e-04   1.0198740e-03   1.0136652e-03   5.0931596e-03
   6.2668270e-04   1.0181170e-03   1.0119145e-03   5.0838578e-03
   6.2532001e-04   1.0163575e-03   1.0101614e-03   5.0745457e-03
   6.2395712e-04   1.0145955e-03   1.0084057e-03   5.0652236e-03
   6.2259405e-04   1.0128310e-03   1.0066476e-03   5.0558917e-03
   6.2123082e-04   1.0110640e-03   1.0048871e-03   5.0465500e-03
   6.1986744e-04   1.0092946e-03   1.0031242e-03   5.0371987e-03
   6.1850392e-04   1.0075228e-03   1.0013589e-03   5.0278381e-03
   6.1714029e-04   1.0057487e-03   9.9959134e-04   5.0184681e-03
   6.1577655e-04   1.0039722e-03   9.9782146e-04   5.0090890e-03
   6.1441273e-04   1.0021934e-03   9.9604930e-04   4.9997009e-03
   6.1304883e-04   1.0004123e-03   9.9427491e-04   4.9903039e-03
   6.1168487e-04   9.9862904e-04   9.9249832e-04   4.9808983e-03
   6.1032088e-04   9.9684353e-04   9.9071955e-04   4.9714840e-03
   6.0895685e-04   9.9505585e-04   9.8893863e-04   4.9620614e-03
   6.0759281e-04   9.9326601e-04   9.8715559e-04   4.9526305e-03
   6.0622878e-04   9.9147405e-04   9.8537046e-04   4.9431915e-03
   6.0486476e-04   9.8968000e-04   9.8358328e-04   4.9337444e-03
   6.0350077e-04   9.8788389e-04   9.8179407e-04   4.9242896e-03
   6.0213684e-04   9.8608574e-04   9.8000286e-04   4.9148270e-03
   6.0077296e-04   9.8428559e-04   9.7820967e-04   4.9053568e-03
   5.9940915e-04   9.8248347e-04   9.7641455e-04   4.8958793e-03
   5.9804544e-04   9.8067940e-04   9.7461751e-04   4.8863944e-03
   5.9668183e-04   9.7887342e-04   9.7281859e-04   4.8769024e-03
   5.9531834e-04   9.7706555e-04   9.7101781e-04   4.8674033e-03
   5.9395499e-04   9.7525582e-04   9.6921521e-04   4.8578974e-03
   5.9259178e-04   9.7344426e-04   9.6741080e-04   4.8483847e-03
   5.9122873e-04   9.7163090e-04   9.6560463e-04   4.8388655e-03
   5.8986585e-04   9.6981577e-04   9.6379671e-04   4.8293397e-03
   5.8850317e-04   9.6799889e-04   9.6198708e-04   4.8198077e-03
   5.8714068e-04   9.6618029e-04   9.6017576e-04   4.8102694e-03
   5.8577842e-04   9.6436001e-04   9.5836279e-04   4.8007250e-03
   5.8441638e-04   9.6253806e-04   9.5654818e-04   4.7911748e-03
   5.8305459e-04   9.6071449e-04   9.5473197e-04   4.7816187e-03
   5.8169306e-04   9.5888930e-04   9.5291418e-04   4.7720569e-03
   5.8033179e-04   9.5706254e-04   9.5109484e-04   4.7624896e-03
   5.7897082e-04   9.5523423e-04   9.4927398e-04   4.7529169e-03
   5.7761014e-04   9.5340439e-04   9.4745163e-04   4.7433389e-03
   5.7624977e-04   9.5157306e-04   9.4562781e-04   4.7337557e-03
   5.7488972e-04   9.4974026e-04   9.4380255e-04   4.7241675e-03
   5.7353001e-04   9.4790602e-04   9.4197587e-04   4.7145745e-03
   5.7217066e-04   9.4607036e-04   9.4014781e-04   4.7049766e-03
   5.7081167e-04   9.4423331e-04   9.3831838e-04   4.6953741e-03
   5.6945305e-04   9.4239491e-04   9.3648762e-04   4.6857671e-03
   5.6809482e-04   9.4055516e-04   9.3465555e-04   4.6761558e-03
   5.6673700e-04   9.3871411e-04   9.3282220e-04   4.6665401e-03
   5.6537959e-04   9.3687177e-04   9.3098760e-04   4.6569203e-03
   5.6402261e-04   9.3502818e-04   9.2915176e-04   4.6472965e-03
   5.6266607e-04   9.3318336e-04   9.2731472e-04   4.6376688e-03
   5.6130998e-04   9.3133733e-04   9.2547650e-04   4.6280374e-03
   5.5995436e-04   9.2949013e-04   9.2363713e-04   4.6184023e-03
   5.5859922e-04   9.2764177e-04   9.2179663e-04   4.6087636e-03
   5.5724457e-04   9.2579228e-04   9.1995503e-04   4.5991216e-03
   5.5589042e-04   9.2394169e-04   9.1811235e-04   4.5894763e-03
   5.5453678e-04   9.2209003e-04   9.1626862e-04   4.5798278e-03
   5.5318368e-04   9.2023731e-04   9.1442387e-04   4.5701763e-03
   5.5183111e-04   9.1838357e-04   9.1257811e-04   4.5605218e-03
   5.5047909e-04   9.1652882e-04   9.1073137e-04   4.5508646e-03
   5.4912764e-04   9.1467310e-04   9.0888369e-04   4.5412047e-03
   5.4777676e-04   9.1281643e-04   9.0703507e-04   4.5315422e-03
   5.4642647e-04   9.1095883e-04   9.0518555e-04   4.5218772e-03
   5.4507678e-04   9.0910033e-04   9.0333516e-04   4.5122100e-03
   5.4372770e-04   9.0724095e-04   9.0148391e-04   4.5025405e-03
   5.4237924e-04   9.0538072e-04   8.9963183e-04   4.4928689e-03
   5.4103142e-04   9.0351966e-04   8.9777894e-04   4.4831953e-03
   5.3968424e-04   9.0165780e-04   8.9592527e-04   4.4735199e-03
   5.3833772e-04   8.9979515e-04   8.9407085e-04   4.4638426e-03
   5.3699186e-04   8.9793175e-04   8.9221569e-04   4.4541638e-03
   5.3564669e-04   8.9606761e-04   8.9035981e-04   4.4444834e-03
   5.3430221e-04   8.9420277e-04   8.8850325e-04   4.4348016e-03
   5.3295843e-04   8.9233724e-04   8.8664603e-04   4.4251185e-03
   5.3161536e-04   8.9047105e-04   8.8478817e-04   4.4154342e-03
   5.3027302e-04   8.8860422e-04   8.8292969e-04   4.4057488e-03
   5.2893141e-04   8.8673677e-04   8.8107061e-04   4.3960624e-03
   5.2759055e-04   8.8486873e-04   8.7921097e-04   4.3863751e-03
   5.2625045e-04   8.8300013e-04   8.7735077e-04   4.3766871e-03
   5.2491112e-04   8.8113097e-04   8.7549005e-04   4.3669985e-03
   5.2357256e-04   8.7926130e-04   8.7362883e-04   4.3573093e-03
   5.2223480e-04   8.7739112e-04   8.7176713e-04   4.3476197e-03
   5.2089784e-04   8.7552047e-04   8.6990497e-04   4.3379297e-03
   5.1956168e-04   8.7364936e-04   8.6804238e-04   4.3282396e-03
   5.1822635e-04   8.7177782e-04   8.6617937e-04   4.3185493e-03
   5.1689186e-04   8.6990586e-04   8.6431597e-04   4.3088590e-03
   5.1555820e-04   8.6803352e-04   8.6245220e-04   4.2991688e-03
   5.1422540e-04   8.6616082e-04   8.6058809e-04   4.2894788e-03
   5.1289346e-04   8.6428777e-04   8.5872365e-04   4.2797891e-03
   5.1156240e-04   8.6241440e-04   8.5685891e-04   4.2700999e-03
   5.1023222e-04   8.6054073e-04   8.5499388e-04   4.2604111e-03
   5.0890293e-04   8.5866678e-04   8.5312860e-04   4.2507229e-03
   5.0757455e-04   8.5679257e-04   8.5126308e-04   4.2410355e-03
   5.0624708e-04   8.5491813e-04   8.4939734e-04   4.2313489e-03
   5.0492054e-04   8.5304348e-04   8.4753141e-04   4.2216632e-03
   5.0359493e-04   8.5116863e-04   8.4566530e-04   4.2119785e-03
   5.0227026e-04   8.4929361e-04   8.4379904e-04   4.2022950e-03
   5.0094655e-04   8.4741845e-04   8.4193264e-04   4.1926127e-03
   4.9962380e-04   8.4554315e-04   8.4006614e-04   4.1829317e-03
   4.9830202e-04   8.4366775e-04   8.3819954e-04   4.1732521e-03
   4.9698123e-04   8.4179226e-04   8.3633287e-04   4.1635740e-03
   4.9566143e-04   8.3991670e-04   8.3446615e-04   4.1538975e-03
   4.9434263e-04   8.3804110e-04   8.3259941e-04   4.1442228e-03
   4.9302485e-04   8.3616547e-04   8.3073265e-04   4.1345498e-03
   4.9170808e-04   8.3428984e-04   8.2886591e-04   4.1248788e-03
   4.9039234e-04   8.3241422e-04   8.2699920e-04   4.1152097e-03
   4.8907765e-04   8.3053864e-04   8.2513254e-04   4.1055427e-03
   4.8776400e-04   8.2866312e-04   8.2326595e-04   4.0958780e-03
   4.8645141e-04   8.2678767e-04   8.2139945e-04   4.0862155e-03
   4.8513988e-04   8.2491232e-04   8.1953307e-04   4.0765554e-03
   4.8382944e-04   8.2303708e-04   8.1766681e-04   4.0668977e-03
   4.8252007e-04   8.2116198e-04   8.1580071e-04   4.0572426e-03
   4.8121180e-04   8.1928704e-04   8.1393477e-04   4.0475902e-03
   4.7990464e-04   8.1741227e-04   8.1206903e-04   4.0379405e-03
   4.7859858e-04   8.1553770e-04   8.1020349e-04   4.0282937e-03
   4.7729365e-04   8.1366333e-04   8.0833819e-04   4.0186498e-03
   4.7598984e-04   8.1178921e-04   8.0647313e-04   4.0090089e-03
   4.7468717e-04   8.0991533e-04   8.0460833e-04   3.9993711e-03
   4.7338565e-04   8.0804173e-04   8.0274382e-04   3.9897365e-03
   4.7208529e-04   8.0616841e-04   8.0087962e-04   3.9801052e-03
   4.7078608e-04   8.0429541e-04   7.9901573e-04   3.9704773e-03
   4.6948805e-04   8.0242273e-04   7.9715219e-04   3.9608528e-03
   4.6819120e-04   8.0055040e-04   7.9528901e-04   3.9512319e-03
   4.6689554e-04   7.9867844e-04   7.9342621e-04   3.9416146e-03
   4.6560108e-04   7.9680686e-04   7.9156380e-04   3.9320010e-03
   4.6430782e-04   7.9493568e-04   7.8970181e-04   3.9223913e-03
   4.6301577e-04   7.9306493e-04   7.8784025e-04   3.9127854e-03
   4.6172495e-04   7.9119461e-04   7.8597914e-04   3.9031836e-03
   4.6043535e-04   7.8932475e-04   7.8411851e-04   3.8935858e-03
   4.5914699e-04   7.8745536e-04   7.8225835e-04   3.8839921e-03
   4.5785988e-04   7.8558647e-04   7.8039871e-04   3.8744027e-03
   4.5657402e-04   7.8371809e-04   7.7853958e-04   3.8648176e-03
   4.5528943e-04   7.8185023e-04   7.7668100e-04   3.8552369e-03
   4.5400610e-04   7.7998293e-04   7.7482297e-04   3.8456607e-03
   4.5272405e-04   7.7811619e-04   7.7296552e-04   3.8360891e-03
   4.5144328e-04   7.7625003e-04   7.7110867e-04   3.8265221e-03
   4.5016381e-04   7.7438446e-04   7.6925242e-04   3.8169598e-03
   4.4888564e-04   7.7251952e-04   7.6739679e-04   3.8074023e-03
   4.4760877e-04   7.7065521e-04   7.6554182e-04   3.7978498e-03
   4.4633322e-04   7.6879155e-04   7.6368750e-04   3.7883022e-03
   4.4505899e-04   7.6692855e-04   7.6183386e-04   3.7787596e-03
   4.4378610e-04   7.6506624e-04   7.5998092e-04   3.7692222e-03
   4.4251454e-04   7.6320464e-04   7.5812869e-04   3.7596900e-03
   4.4124432e-04   7.6134375e-04   7.5627718e-04   3.7501630e-03
   4.3997546e-04   7.5948359e-04   7.5442642e-04   3.7406415e-03
   4.3870795e-04   7.5762419e-04   7.5257642e-04   3.7311253e-03
   4.3744181e-04   7.5576556e-04   7.5072720e-04   3.7216147e-03
   4.3617705e-04   7.5390771e-04   7.4887878e-04   3.7121097e-03
   4.3491367e-04   7.5205066e-04   7.4703116e-04   3.7026103e-03
   4.3365167e-04   7.5019443e-04   7.4518437e-04   3.6931167e-03
   4.3239107e-04   7.4833903e-04   7.4333842e-04   3.6836290e-03
   4.3113187e-04   7.4648448e-04   7.4149333e-04   3.6741471e-03
   4.2987408e-04   7.4463080e-04   7.3964911e-04   3.6646711e-03
   4.2861770e-04   7.4277800e-04   7.3780578e-04   3.6552013e-03
   4.2736275e-04   7.4092609e-04   7.3596336e-04   3.6457375e-03
   4.2610922e-04   7.3907510e-04   7.3412186e-04   3.6362799e-03
   4.2485713e-04   7.3722504e-04   7.3228129e-04   3.6268286e-03
   4.2360648e-04   7.3537592e-04   7.3044168e-04   3.6173836e-03
   4.2235728e-04   7.3352776e-04   7.2860303e-04   3.6079451e-03
   4.2110954e-04   7.3168058e-04   7.2676537e-04   3.5985130e-03
   4.1986326e-04   7.2983439e-04   7.2492870e-04   3.5890874e-03
   4.1861844e-04   7.2798920e-04   7.2309305e-04   3.5796685e-03
   4.1737510e-04   7.2614503e-04   7.2125843e-04   3.5702563e-03
   4.1613324e-04   7.2430190e-04   7.1942484e-04   3.5608508e-03
   4.1489287e-04   7.2245982e-04   7.1759232e-04   3.5514521e-03
   4.1365399e-04   7.2061880e-04   7.1576086e-04   3.5420604e-03
   4.1241661e-04   7.1877887e-04   7.1393050e-04   3.5326756e-03
   4.1118074e-04   7.1694003e-04   7.1210123e-04   3.5232978e-03
   4.0994638e-04   7.1510230e-04   7.1027308e-04   3.5139272e-03
   4.0871353e-04   7.1326569e-04   7.0844607e-04   3.5045637e-03
   4.0748221e-04   7.1143022e-04   7.0662019e-04   3.4952074e-03
   4.0625242e-04   7.0959591e-04   7.0479548e-04   3.4858585e-03
   4.0502417e-04   7.0776276e-04   7.0297194e-04   3.4765169e-03
   4.0379746e-04   7.0593080e-04   7.0114958e-04   3.4671827e-03
   4.0257229e-04   7.0410003e-04   6.9932843e-04   3.4578561e-03
   4.0134868e-04   7.0227047e-04   6.9750849e-04   3.4485370e-03
   4.0012663e-04   7.0044214e-04   6.9568978e-04   3.4392255e-03
   3.9890615e-04   6.9861504e-04   6.9387232e-04   3.4299217e-03
   3.9768723e-04   6.9678920e-04   6.9205611e-04   3.4206257e-03
   3.9646989e-04   6.9496462e-04   6.9024117e-04   3.4113375e-03
   3.9525413e-04   6.9314131e-04   6.8842751e-04   3.4020572e-03
   3.9403996e-04   6.9131931e-04   6.8661515e-04   3.3927848e-03
   3.9282739e-04   6.8949860e-04   6.8480411e-04   3.3835205e-03
   3.9161641e-04   6.8767922e-04   6.8299438e-04   3.3742642e-03
   3.9040703e-04   6.8586117e-04   6.8118599e-04   3.3650160e-03
   3.8919926e-04   6.8404447e-04   6.7937896e-04   3.3557760e-03
   3.8799311e-04   6.8222912e-04   6.7757328e-04   3.3465443e-03
   3.8678858e-04   6.8041515e-04   6.7576899e-04   3.3373209e-03
   3.8558567e-04   6.7860257e-04   6.7396608e-04   3.3281058e-03
   3.8438439e-04   6.7679138e-04   6.7216457e-04   3.3188992e-03
   3.8318475e-04   6.7498160e-04   6.7036448e-04   3.3097011e-03
   3.8198675e-04   6.7317325e-04   6.6856582e-04   3.3005115e-03
   3.8079039e-04   6.7136633e-04   6.6676859e-04   3.2913305e-03
   3.7959568e-04   6.6956087e-04   6.6497282e-04   3.2821582e-03
   3.7840263e-04   6.6775686e-04   6.6317851e-04   3.2729946e-03
   3.7721124e-04   6.6595434e-04   6.6138568e-04   3.2638398e-03
   3.7602152e-04   6.6415329e-04   6.5959434e-04   3.2546938e-03
   3.7483346e-04   6.6235375e-04   6.5780451e-04   3.2455568e-03
   3.7364708e-04   6.6055572e-04   6.5601618e-04   3.2364286e-03
   3.7246238e-04   6.5875921e-04   6.5422938e-04   3.2273095e-03
   3.7127936e-04   6.5696424e-04   6.5244412e-04   3.2181994e-03
   3.7009803e-04   6.5517081e-04   6.5066041e-04   3.2090985e-03
   3.6891840e-04   6.5337895e-04   6.4887827e-04   3.2000067e-03
   3.6774046e-04   6.5158866e-04   6.4709769e-04   3.1909241e-03
   3.6656423e-04   6.4979995e-04   6.4531870e-04   3.1818508e-03
   3.6538970e-04   6.4801283e-04   6.4354131e-04   3.1727869e-03
   3.6421689e-04   6.4622733e-04   6.4176553e-04   3.1637323e-03
   3.6304579e-04   6.4444344e-04   6.3999136e-04   3.1546872e-03
   3.6187642e-04   6.4266118e-04   6.3821883e-04   3.1456515e-03
   3.6070876e-04   6.4088056e-04   6.3644794e-04   3.1366254e-03
   3.5954284e-04   6.3910160e-04   6.3467870e-04   3.1276089e-03
   3.5837865e-04   6.3732430e-04   6.3291113e-04   3.1186021e-03
   3.5721620e-04   6.3554867e-04   6.3114524e-04   3.1096049e-03
   3.5605549e-04   6.3377474e-04   6.2938103e-04   3.1006175e-03
   3.5489653e-04   6.3200250e-04   6.2761852e-04   3.0916398e-03
   3.5373932e-04   6.3023196e-04   6.2585772e-04   3.0826720e-03
   3.5258386e-04   6.2846315e-04   6.2409864e-04   3.0737142e-03
   3.5143016e-04   6.2669607e-04   6.2234129e-04   3.0647662e-03
   3.5027822e-04   6.2493073e-04   6.2058568e-04   3.0558283e-03
   3.4912805e-04   6.2316714e-04   6.1883182e-04   3.0469004e-03
   3.4797965e-04   6.2140531e-04   6.1707973e-04   3.0379825e-03
   3.4683303e-04   6.1964526e-04   6.1532941e-04   3.0290749e-03
   3.4568818e-04   6.1788699e-04   6.1358087e-04   3.0201774e-03
   3.4454512e-04   6.1613052e-04   6.1183413e-04   3.0112901e-03
   3.4340384e-04   6.1437585e-04   6.1008919e-04   3.0024131e-03
   3.4226435e-04   6.1262299e-04   6.0834606e-04   2.9935465e-03
   3.4112665e-04   6.1087196e-04   6.0660476e-04   2.9846902e-03
   3.3999075e-04   6.0912276e-04   6.0486530e-04   2.9758444e-03
   3.3885665e-04   6.0737541e-04   6.0312768e-04   2.9670090e-03
   3.3772435e-04   6.0562992e-04   6.0139191e-04   2.9581841e-03
   3.3659387e-04   6.0388629e-04   5.9965801e-04   2.9493698e-03
   3.3546519e-04   6.0214453e-04   5.9792598e-04   2.9405660e-03
   3.3433833e-04   6.0040466e-04   5.9619583e-04   2.9317730e-03
   3.3321329e-04   5.9866669e-04   5.9446758e-04   2.9229906e-03
   3.3209006e-04   5.9693062e-04   5.9274123e-04   2.9142189e-03
   3.3096867e-04   5.9519646e-04   5.9101679e-04   2.9054580e-03
   3.2984910e-04   5.9346423e-04   5.8929428e-04   2.8967079e-03
   3.2873136e-04   5.9173393e-04   5.8757369e-04   2.8879687e-03
   3.2761546e-04   5.9000557e-04   5.8585505e-04   2.8792404e-03
   3.2650140e-04   5.8827916e-04   5.8413836e-04   2.8705231e-03
   3.2538917e-04   5.8655472e-04   5.8242362e-04   2.8618167e-03
   3.2427879e-04   5.8483224e-04   5.8071086e-04   2.8531213e-03
   3.2317026e-04   5.8311175e-04   5.7900007e-04   2.8444370e-03
   3.2206358e-04   5.8139324e-04   5.7729127e-04   2.8357639e-03
   3.2095876e-04   5.7967673e-04   5.7558446e-04   2.8271018e-03
   3.1985579e-04   5.7796223e-04   5.7387966e-04   2.8184510e-03
   3.1875468e-04   5.7624974e-04   5.7217687e-04   2.8098114e-03
   3.1765543e-04   5.7453928e-04   5.7047610e-04   2.8011830e-03
   3.1655805e-04   5.7283085e-04   5.6877736e-04   2.7925660e-03
   3.1546254e-04   5.7112446e-04   5.6708066e-04   2.7839603e-03
   3.1436889e-04   5.6942013e-04   5.6538601e-04   2.7753660e-03
   3.1327713e-04   5.6771785e-04   5.6369341e-04   2.7667831e-03
   3.1218723e-04   5.6601764e-04   5.6200288e-04   2.7582117e-03
   3.1109922e-04   5.6431950e-04   5.6031442e-04   2.7496518e-03
   3.1001309e-04   5.6262345e-04   5.5862804e-04   2.7411034e-03
   3.0892885e-04   5.6092949e-04   5.5694375e-04   2.7325666e-03
   3.0784649e-04   5.5923763e-04   5.5526156e-04   2.7240414e-03
   3.0676603e-04   5.5754788e-04   5.5358147e-04   2.7155278e-03
   3.0568746e-04   5.5586025e-04   5.5190350e-04   2.7070259e-03
   3.0461078e-04   5.5417474e-04   5.5022765e-04   2.6985358e-03
   3.0353600e-04   5.5249137e-04   5.4855392e-04   2.6900573e-03
   3.0246312e-04   5.5081014e-04   5.4688234e-04   2.6815907e-03
   3.0139214e-04   5.4913106e-04   5.4521290e-04   2.6731359e-03
   3.0032307e-04   5.4745413e-04   5.4354561e-04   2.6646930e-03
   2.9925591e-04   5.4577937e-04   5.4188048e-04   2.6562619e-03
   2.9819066e-04   5.4410678e-04   5.4021752e-04   2.6478428e-03
   2.9712732e-04   5.4243637e-04   5.3855674e-04   2.6394356e-03
   2.9606589e-04   5.4076814e-04   5.3689814e-04   2.6310404e-03
   2.9500638e-04   5.3910212e-04   5.3524173e-04   2.6226573e-03
   2.9394879e-04   5.3743829e-04   5.3358751e-04   2.6142862e-03
   2.9289312e-04   5.3577668e-04   5.3193551e-04   2.6059272e-03
   2.9183938e-04   5.3411728e-04   5.3028571e-04   2.5975803e-03
   2.9078756e-04   5.3246011e-04   5.2863814e-04   2.5892456e-03
   2.8973767e-04   5.3080516e-04   5.2699279e-04   2.5809230e-03
   2.8868970e-04   5.2915246e-04   5.2534967e-04   2.5726127e-03
   2.8764367e-04   5.2750200e-04   5.2370880e-04   2.5643146e-03
   2.8659958e-04   5.2585380e-04   5.2207017e-04   2.5560288e-03
   2.8555742e-04   5.2420786e-04   5.2043380e-04   2.5477553e-03
   2.8451719e-04   5.2256418e-04   5.1879969e-04   2.5394942e-03
   2.8347891e-04   5.2092278e-04   5.1716785e-04   2.5312454e-03
   2.8244257e-04   5.1928365e-04   5.1553828e-04   2.5230090e-03
   2.8140817e-04   5.1764682e-04   5.1391100e-04   2.5147851e-03
   2.8037572e-04   5.1601228e-04   5.1228600e-04   2.5065736e-03
   2.7934521e-04   5.1438004e-04   5.1066330e-04   2.4983746e-03
   2.7831666e-04   5.1275010e-04   5.0904290e-04   2.4901881e-03
   2.7729005e-04   5.1112248e-04   5.0742481e-04   2.4820142e-03
   2.7626540e-04   5.0949718e-04   5.0580903e-04   2.4738528e-03
   2.7524270e-04   5.0787421e-04   5.0419558e-04   2.4657040e-03
   2.7422195e-04   5.0625357e-04   5.0258445e-04   2.4575679e-03
   2.7320316e-04   5.0463527e-04   5.0097565e-04   2.4494444e-03
   2.7218633e-04   5.0301931e-04   4.9936919e-04   2.4413336e-03
   2.7117147e-04   5.0140571e-04   4.9776508e-04   2.4332355e-03
   2.7015856e-04   4.9979446e-04   4.9616332e-04   2.4251501e-03
   2.6914762e-04   4.9818558e-04   4.9456391e-04   2.4170775e-03
   2.6813864e-04   4.9657907e-04   4.9296687e-04   2.4090177e-03
   2.6713162e-04   4.9497493e-04   4.9137220e-04   2.4009706e-03
   2.6612658e-04   4.9337318e-04   4.8977991e-04   2.3929365e-03
   2.6512350e-04   4.9177381e-04   4.8818999e-04   2.3849152e-03
   2.6412240e-04   4.9017684e-04   4.8660246e-04   2.3769067e-03
   2.6312327e-04   4.8858226e-04   4.8501733e-04   2.3689112e-03
   2.6212611e-04   4.8699010e-04   4.8343459e-04   2.3609286e-03
   2.6113092e-04   4.8540034e-04   4.8185425e-04   2.3529590e-03
   2.6013771e-04   4.8381299e-04   4.8027633e-04   2.3450024e-03
   2.5914648e-04   4.8222807e-04   4.7870082e-04   2.3370588e-03
   2.5815722e-04   4.8064558e-04   4.7712773e-04   2.3291282e-03
   2.5716995e-04   4.7906552e-04   4.7555706e-04   2.3212106e-03
   2.5618465e-04   4.7748790e-04   4.7398883e-04   2.3133062e-03
   2.5520134e-04   4.7591272e-04   4.7242303e-04   2.3054148e-03
   2.5422001e-04   4.7433998e-04   4.7085967e-04   2.2975365e-03
   2.5324066e-04   4.7276971e-04   4.6929876e-04   2.2896714e-03
   2.5226329e-04   4.7120189e-04   4.6774030e-04   2.2818195e-03
   2.5128792e-04   4.6963653e-04   4.6618429e-04   2.2739807e-03
   2.5031453e-04   4.6807365e-04   4.6463075e-04   2.2661552e-03
   2.4934312e-04   4.6651324e-04   4.6307967e-04   2.2583429e-03
   2.4837371e-04   4.6495530e-04   4.6153107e-04   2.2505438e-03
   2.4740628e-04   4.6339986e-04   4.5998494e-04   2.2427580e-03
   2.4644085e-04   4.6184690e-04   4.5844129e-04   2.2349855e-03
   2.4547740e-04   4.6029643e-04   4.5690013e-04   2.2272263e-03
   2.4451595e-04   4.5874846e-04   4.5536146e-04   2.2194804e-03
   2.4355649e-04   4.5720300e-04   4.5382528e-04   2.2117479e-03
   2.4259903e-04   4.5566004e-04   4.5229160e-04   2.2040288e-03
   2.4164355e-04   4.5411960e-04   4.5076043e-04   2.1963230e-03
   2.4069008e-04   4.5258167e-04   4.4923176e-04   2.1886307e-03
   2.3973860e-04   4.5104627e-04   4.4770561e-04   2.1809517e-03
   2.3878911e-04   4.4951339e-04   4.4618197e-04   2.1732862e-03
   2.3784162e-04   4.4798304e-04   4.4466086e-04   2.1656342e-03
   2.3689614e-04   4.4645522e-04   4.4314227e-04   2.1579957e-03
   2.3595264e-04   4.4492995e-04   4.4162622e-04   2.1503706e-03
   2.3501115e-04   4.4340721e-04   4.4011270e-04   2.1427591e-03
   2.3407166e-04   4.4188703e-04   4.3860171e-04   2.1351611e-03
   2.3313416e-04   4.4036940e-04   4.3709327e-04   2.1275767e-03
   2.3219867e-04   4.3885432e-04   4.3558738e-04   2.1200058e-03
   2.3126518e-04   4.3734180e-04   4.3408404e-04   2.1124485e-03
   2.3033369e-04   4.3583185e-04   4.3258325e-04   2.1049048e-03
   2.2940420e-04   4.3432446e-04   4.3108502e-04   2.0973747e-03
   2.2847671e-04   4.3281965e-04   4.2958936e-04   2.0898582e-03
   2.2755123e-04   4.3131741e-04   4.2809626e-04   2.0823554e-03
   2.2662775e-04   4.2981775e-04   4.2660573e-04   2.0748663e-03
   2.2570627e-04   4.2832068e-04   4.2511777e-04   2.0673908e-03
   2.2478680e-04   4.2682619e-04   4.2363240e-04   2.0599290e-03
   2.2386933e-04   4.2533430e-04   4.2214960e-04   2.0524810e-03
   2.2295386e-04   4.2384499e-04   4.2066939e-04   2.0450466e-03
   2.2204040e-04   4.2235829e-04   4.1919177e-04   2.0376260e-03
   2.2112894e-04   4.2087419e-04   4.1771674e-04   2.0302192e-03
   2.2021949e-04   4.1939269e-04   4.1624431e-04   2.0228261e-03
   2.1931204e-04   4.1791380e-04   4.1477447e-04   2.0154467e-03
   2.1840660e-04   4.1643752e-04   4.1330724e-04   2.0080812e-03
   2.1750316e-04   4.1496386e-04   4.1184261e-04   2.0007295e-03
   2.1660173e-04   4.1349282e-04   4.1038060e-04   1.9933916e-03
   2.1570230e-04   4.1202440e-04   4.0892119e-04   1.9860675e-03
   2.1480488e-04   4.1055861e-04   4.0746440e-04   1.9787573e-03
   2.1390946e-04   4.0909544e-04   4.0601023e-04   1.9714609e-03
   2.1301605e-04   4.0763491e-04   4.0455868e-04   1.9641784e-03
   2.1212465e-04   4.0617701e-04   4.0310976e-04   1.9569097e-03
   2.1123525e-04   4.0472175e-04   4.0166346e-04   1.9496550e-03
   2.1034786e-04   4.0326912e-04   4.0021979e-04   1.9424141e-03
   2.0946247e-04   4.0181915e-04   3.9877876e-04   1.9351872e-03
   2.0857909e-04   4.0037182e-04   3.9734036e-04   1.9279742e-03
   2.0769771e-04   3.9892714e-04   3.9590461e-04   1.9207751e-03
   2.0681834e-04   3.9748511e-04   3.9447149e-04   1.9135900e-03
   2.0594097e-04   3.9604574e-04   3.9304103e-04   1.9064188e-03
   2.0506561e-04   3.9460903e-04   3.9161321e-04   1.8992616e-03
   2.0419225e-04   3.9317497e-04   3.9018803e-04   1.8921184e-03
   2.0332089e-04   3.9174358e-04   3.8876552e-04   1.8849892e-03
   2.0245154e-04   3.9031486e-04   3.8734566e-04   1.8778739e-03
   2.0158420e-04   3.8888881e-04   3.8592845e-04   1.8707727e-03
   2.0071886e-04   3.8746543e-04   3.8451391e-04   1.8636855e-03
   1.9985552e-04   3.8604472e-04   3.8310203e-04   1.8566123e-03
   1.9899418e-04   3.8462669e-04   3.8169282e-04   1.8495531e-03
   1.9813485e-04   3.8321133e-04   3.8028627e-04   1.8425080e-03
   1.9727752e-04   3.8179866e-04   3.7888240e-04   1.8354770e-03
   1.9642219e-04   3.8038868e-04   3.7748120e-04   1.8284599e-03
   1.9556886e-04   3.7898137e-04   3.7608267e-04   1.8214570e-03
   1.9471753e-04   3.7757676e-04   3.7468682e-04   1.8144681e-03
   1.9386821e-04   3.7617484e-04   3.7329365e-04   1.8074934e-03
   1.9302088e-04   3.7477561e-04   3.7190317e-04   1.8005327e-03
   1.9217555e-04   3.7337907e-04   3.7051536e-04   1.7935861e-03
   1.9133223e-04   3.7198524e-04   3.6913024e-04   1.7866536e-03
   1.9049090e-04   3.7059410e-04   3.6774781e-04   1.7797352e-03
   1.8965157e-04   3.6920566e-04   3.6636807e-04   1.7728310e-03
   1.8881423e-04   3.6781993e-04   3.6499103e-04   1.7659409e-03
   1.8797890e-04   3.6643690e-04   3.6361667e-04   1.7590649e-03
   1.8714556e-04   3.6505657e-04   3.6224501e-04   1.7522030e-03
   1.8631422e-04   3.6367896e-04   3.6087605e-04   1.7453553e-03
   1.8548487e-04   3.6230406e-04   3.5950979e-04   1.7385217e-03
   1.8465751e-04   3.6093187e-04   3.5814623e-04   1.7317023e-03
   1.8383215e-04   3.5956239e-04   3.5678537e-04   1.7248971e-03
   1.8300879e-04   3.5819563e-04   3.5542722e-04   1.7181060e-03
   1.8218741e-04   3.5683159e-04   3.5407177e-04   1.7113291e-03
   1.8136803e-04   3.5547027e-04   3.5271903e-04   1.7045664e-03
   1.8055064e-04   3.5411167e-04   3.5136900e-04   1.6978178e-03
   1.7973524e-04   3.5275579e-04   3.5002169e-04   1.6910835e-03
   1.7892182e-04   3.5140264e-04   3.4867708e-04   1.6843633e-03
   1.7811040e-04   3.5005221e-04   3.4733519e-04   1.6776574e-03
   1.7730097e-04   3.4870451e-04   3.4599601e-04   1.6709656e-03
   1.7649352e-04   3.4735954e-04   3.4465955e-04   1.6642880e-03
   1.7568806e-04   3.4601729e-04   3.4332581e-04   1.6576247e-03
   1.7488458e-04   3.4467778e-04   3.4199479e-04   1.6509755e-03
   1.7408309e-04   3.4334100e-04   3.4066649e-04   1.6443406e-03
   1.7328358e-04   3.4200696e-04   3.3934091e-04   1.6377199e-03
   1.7248605e-04   3.4067565e-04   3.3801805e-04   1.6311134e-03
   1.7169051e-04   3.3934708e-04   3.3669792e-04   1.6245211e-03
   1.7089695e-04   3.3802124e-04   3.3538052e-04   1.6179431e-03
   1.7010536e-04   3.3669815e-04   3.3406584e-04   1.6113793e-03
   1.6931576e-04   3.3537779e-04   3.3275389e-04   1.6048297e-03
   1.6852813e-04   3.3406018e-04   3.3144466e-04   1.5982943e-03
   1.6774248e-04   3.3274530e-04   3.3013817e-04   1.5917732e-03
   1.6695881e-04   3.3143317e-04   3.2883441e-04   1.5852664e-03
   1.6617711e-04   3.3012379e-04   3.2753338e-04   1.5787737e-03
   1.6539738e-04   3.2881715e-04   3.2623508e-04   1.5722953e-03
   1.6461963e-04   3.2751325e-04   3.2493952e-04   1.5658312e-03
   1.6384385e-04   3.2621210e-04   3.2364669e-04   1.5593813e-03
   1.6307004e-04   3.2491370e-04   3.2235660e-04   1.5529456e-03
   1.6229819e-04   3.2361805e-04   3.2106924e-04   1.5465242e-03
   1.6152832e-04   3.2232515e-04   3.1978462e-04   1.5401170e-03
   1.6076041e-04   3.2103499e-04   3.1850274e-04   1.5337241e-03
   1.5999447e-04   3.1974759e-04   3.1722359e-04   1.5273454e-03
   1.5923049e-04   3.1846294e-04   3.1594718e-04   1.5209810e-03
   1.5846848e-04   3.1718104e-04   3.1467352e-04   1.5146308e-03
   1.5770843e-04   3.1590189e-04   3.1340259e-04   1.5082949e-03
   1.5695034e-04   3.1462550e-04   3.1213440e-04   1.5019732e-03
   1.5619421e-04   3.1335186e-04   3.1086896e-04   1.4956658e-03
   1.5544004e-04   3.1208098e-04   3.0960625e-04   1.4893726e-03
   1.5468782e-04   3.1081284e-04   3.0834629e-04   1.4830937e-03
   1.5393756e-04   3.0954747e-04   3.0708907e-04   1.4768290e-03
   1.5318926e-04   3.0828485e-04   3.0583459e-04   1.4705786e-03
   1.5244291e-04   3.0702498e-04   3.0458286e-04   1.4643424e-03
   1.5169851e-04   3.0576787e-04   3.0333387e-04   1.4581204e-03
   1.5095606e-04   3.0451352e-04   3.0208762e-04   1.4519127e-03
   1.5021556e-04   3.0326192e-04   3.0084412e-04   1.4457192e-03
   1.4947701e-04   3.0201309e-04   2.9960336e-04   1.4395400e-03
   1.4874040e-04   3.0076700e-04   2.9836534e-04   1.4333750e-03
   1.4800574e-04   2.9952368e-04   2.9713007e-04   1.4272242e-03
   1.4727302e-04   2.9828311e-04   2.9589755e-04   1.4210877e-03
   1.4654224e-04   2.9704531e-04   2.9466777e-04   1.4149654e-03
   1.4581341e-04   2.9581025e-04   2.9344073e-04   1.4088573e-03
   1.4508651e-04   2.9457796e-04   2.9221644e-04   1.4027635e-03
   1.4436155e-04   2.9334843e-04   2.9099489e-04   1.3966839e-03
   1.4363853e-04   2.9212165e-04   2.8977609e-04   1.3906185e-03
   1.4291744e-04   2.9089763e-04   2.8856003e-04   1.3845673e-03
   1.4219829e-04   2.8967637e-04   2.8734672e-04   1.3785303e-03
   1.4148107e-04   2.8845787e-04   2.8613615e-04   1.3725075e-03
   1.4076577e-04   2.8724212e-04   2.8492833e-04   1.3664990e-03
   1.4005241e-04   2.8602913e-04   2.8372325e-04   1.3605046e-03
   1.3934097e-04   2.8481890e-04   2.8252092e-04   1.3545245e-03
   1.3863146e-04   2.8361143e-04   2.8132133e-04   1.3485585e-03
   1.3792387e-04   2.8240671e-04   2.8012448e-04   1.3426068e-03
   1.3721820e-04   2.8120475e-04   2.7893038e-04   1.3366692e-03
   1.3651445e-04   2.8000555e-04   2.7773902e-04   1.3307458e-03
   1.3581262e-04   2.7880910e-04   2.7655040e-04   1.3248366e-03
   1.3511271e-04   2.7761541e-04   2.7536453e-04   1.3189416e-03
   1.3441472e-04   2.7642447e-04   2.7418139e-04   1.3130607e-03
   1.3371863e-04   2.7523629e-04   2.7300100e-04   1.3071940e-03
   1.3302446e-04   2.7405086e-04   2.7182335e-04   1.3013415e-03
   1.3233220e-04   2.7286819e-04   2.7064844e-04   1.2955031e-03
   1.3164185e-04   2.7168827e-04   2.6947627e-04   1.2896789e-03
   1.3095341e-04   2.7051110e-04   2.6830684e-04   1.2838689e-03
   1.3026687e-04   2.6933669e-04   2.6714015e-04   1.2780729e-03
   1.2958223e-04   2.6816503e-04   2.6597620e-04   1.2722911e-03
   1.2889950e-04   2.6699612e-04   2.6481498e-04   1.2665235e-03
   1.2821866e-04   2.6582996e-04   2.6365651e-04   1.2607699e-03
   1.2753973e-04   2.6466655e-04   2.6250077e-04   1.2550305e-03
   1.2686269e-04   2.6350589e-04   2.6134776e-04   1.2493052e-03
   1.2618754e-04   2.6234798e-04   2.6019749e-04   1.2435940e-03
   1.2551428e-04   2.6119281e-04   2.5904996e-04   1.2378969e-03
   1.2484292e-04   2.6004040e-04   2.5790515e-04   1.2322139e-03
   1.2417345e-04   2.5889073e-04   2.5676309e-04   1.2265450e-03
   1.2350586e-04   2.5774380e-04   2.5562375e-04   1.2208901e-03
   1.2284016e-04   2.5659962e-04   2.5448714e-04   1.2152493e-03
   1.2217634e-04   2.5545819e-04   2.5335327e-04   1.2096226e-03
   1.2151440e-04   2.5431950e-04   2.5222212e-04   1.2040100e-03
   1.2085434e-04   2.5318355e-04   2.5109371e-04   1.1984114e-03
   1.2019616e-04   2.5205034e-04   2.4996802e-04   1.1928269e-03
   1.1953985e-04   2.5091987e-04   2.4884505e-04   1.1872564e-03
   1.1888542e-04   2.4979214e-04   2.4772482e-04   1.1816999e-03
   1.1823286e-04   2.4866715e-04   2.4660730e-04   1.1761575e-03
   1.1758217e-04   2.4754490e-04   2.4549252e-04   1.1706290e-03
   1.1693335e-04   2.4642538e-04   2.4438045e-04   1.1651146e-03
   1.1628639e-04   2.4530860e-04   2.4327110e-04   1.1596142e-03
   1.1564130e-04   2.4419455e-04   2.4216448e-04   1.1541278e-03
   1.1499807e-04   2.4308324e-04   2.4106057e-04   1.1486553e-03
   1.1435669e-04   2.4197466e-04   2.3995938e-04   1.1431969e-03
   1.1371718e-04   2.4086880e-04   2.3886091e-04   1.1377524e-03
   1.1307952e-04   2.3976568e-04   2.3776516e-04   1.1323218e-03
   1.1244371e-04   2.3866529e-04   2.3667212e-04   1.1269052e-03
   1.1180976e-04   2.3756762e-04   2.3558179e-04   1.1215026e-03
   1.1117766e-04   2.3647268e-04   2.3449417e-04   1.1161139e-03
   1.1054740e-04   2.3538046e-04   2.3340927e-04   1.1107391e-03
   1.0991899e-04   2.3429097e-04   2.3232707e-04   1.1053782e-03
   1.0929242e-04   2.3320419e-04   2.3124758e-04   1.1000312e-03
   1.0866769e-04   2.3212014e-04   2.3017080e-04   1.0946982e-03
   1.0804480e-04   2.3103881e-04   2.2909672e-04   1.0893790e-03
   1.0742375e-04   2.2996019e-04   2.2802534e-04   1.0840737e-03
   1.0680453e-04   2.2888429e-04   2.2695667e-04   1.0787823e-03
   1.0618714e-04   2.2781111e-04   2.2589070e-04   1.0735047e-03
   1.0557159e-04   2.2674064e-04   2.2482743e-04   1.0682410e-03
   1.0495786e-04   2.2567288e-04   2.2376685e-04   1.0629911e-03
   1.0434596e-04   2.2460783e-04   2.2270898e-04   1.0577550e-03
   1.0373589e-04   2.2354548e-04   2.2165379e-04   1.0525328e-03
   1.0312763e-04   2.2248585e-04   2.2060130e-04   1.0473244e-03
   1.0252120e-04   2.2142892e-04   2.1955150e-04   1.0421297e-03
   1.0191658e-04   2.2037470e-04   2.1850439e-04   1.0369489e-03
   1.0131377e-04   2.1932317e-04   2.1745997e-04   1.0317818e-03
   1.0071278e-04   2.1827435e-04   2.1641823e-04   1.0266285e-03
   1.0011360e-04   2.1722823e-04   2.1537918e-04   1.0214890e-03
   9.9516230e-05   2.1618480e-04   2.1434282e-04   1.0163632e-03
   9.8920664e-05   2.1514407e-04   2.1330913e-04   1.0112512e-03
   9.8326902e-05   2.1410603e-04   2.1227812e-04   1.0061529e-03
   9.7734941e-05   2.1307069e-04   2.1124979e-04   1.0010682e-03
   9.7144779e-05   2.1203803e-04   2.1022414e-04   9.9599733e-04
   9.6556414e-05   2.1100807e-04   2.0920116e-04   9.9094012e-04
   9.5969844e-05   2.0998079e-04   2.0818086e-04   9.8589658e-04
   9.5385066e-05   2.0895619e-04   2.0716322e-04   9.8086672e-04
   9.4802078e-05   2.0793428e-04   2.0614826e-04   9.7585051e-04
   9.4220877e-05   2.0691505e-04   2.0513596e-04   9.7084794e-04
   9.3641462e-05   2.0589850e-04   2.0412632e-04   9.6585901e-04
   9.3063830e-05   2.0488462e-04   2.0311935e-04   9.6088371e-04
   9.2487978e-05   2.0387342e-04   2.0211504e-04   9.5592201e-04
   9.1913905e-05   2.0286490e-04   2.0111339e-04   9.5097391e-04
   9.1341608e-05   2.0185904e-04   2.0011439e-04   9.4603940e-04
   9.0771084e-05   2.0085586e-04   1.9911805e-04   9.4111847e-04
   9.0202331e-05   1.9985534e-04   1.9812437e-04   9.3621109e-04
   8.9635347e-05   1.9885749e-04   1.9713333e-04   9.3131727e-04
   8.9070129e-05   1.9786230e-04   1.9614495e-04   9.2643698e-04
   8.8506675e-05   1.9686977e-04   1.9515921e-04   9.2157022e-04
   8.7944983e-05   1.9587990e-04   1.9417611e-04   9.1671697e-04
   8.7385050e-05   1.9489268e-04   1.9319566e-04   9.1187722e-04
   8.6826873e-05   1.9390813e-04   1.9221785e-04   9.0705096e-04
   8.6270451e-05   1.9292622e-04   1.9124267e-04   9.0223817e-04
   8.5715780e-05   1.9194697e-04   1.9027014e-04   8.9743884e-04
   8.5162859e-05   1.9097036e-04   1.8930023e-04   8.9265296e-04
   8.4611685e-05   1.8999640e-04   1.8833296e-04   8.8788052e-04
   8.4062255e-05   1.8902508e-04   1.8736832e-04   8.8312150e-04
   8.3514567e-05   1.8805641e-04   1.8640631e-04   8.7837589e-04
   8.2968619e-05   1.8709037e-04   1.8544692e-04   8.7364367e-04
   8.2424408e-05   1.8612697e-04   1.8449015e-04   8.6892484e-04
   8.1881931e-05   1.8516621e-04   1.8353601e-04   8.6421937e-04
   8.1341186e-05   1.8420808e-04   1.8258448e-04   8.5952726e-04
   8.0802171e-05   1.8325258e-04   1.8163557e-04   8.5484849e-04
   8.0264882e-05   1.8229970e-04   1.8068927e-04   8.5018305e-04
   7.9729319e-05   1.8134946e-04   1.7974558e-04   8.4553092e-04
   7.9195477e-05   1.8040183e-04   1.7880450e-04   8.4089209e-04
   7.8663355e-05   1.7945683e-04   1.7786603e-04   8.3626655e-04
   7.8132949e-05   1.7851444e-04   1.7693016e-04   8.3165428e-04
   7.7604258e-05   1.7757467e-04   1.7599690e-04   8.2705527e-04
   7.7077279e-05   1.7663751e-04   1.7506623e-04   8.2246950e-04
   7.6552009e-05   1.7570297e-04   1.7413816e-04   8.1789697e-04
   7.6028445e-05   1.7477103e-04   1.7321268e-04   8.1333764e-04
   7.5506586e-05   1.7384170e-04   1.7228980e-04   8.0879152e-04
   7.4986429e-05   1.7291497e-04   1.7136950e-04   8.0425859e-04
   7.4467970e-05   1.7199084e-04   1.7045179e-04   7.9973882e-04
   7.3951208e-05   1.7106931e-04   1.6953666e-04   7.9523222e-04
   7.3436139e-05   1.7015038e-04   1.6862412e-04   7.9073875e-04
   7.2922762e-05   1.6923404e-04   1.6771416e-04   7.8625842e-04
   7.2411073e-05   1.6832029e-04   1.6680677e-04   7.8179120e-04
   7.1901071e-05   1.6740913e-04   1.6590195e-04   7.7733707e-04
   7.1392751e-05   1.6650055e-04   1.6499971e-04   7.7289603e-04
   7.0886113e-05   1.6559456e-04   1.6410003e-04   7.6846805e-04
   7.0381152e-05   1.6469115e-04   1.6320292e-04   7.6405313e-04
   6.9877868e-05   1.6379031e-04   1.6230838e-04   7.5965125e-04
   6.9376255e-05   1.6289205e-04   1.6141639e-04   7.5526239e-04
   6.8876314e-05   1.6199636e-04   1.6052696e-04   7.5088654e-04
   6.8378039e-05   1.6110324e-04   1.5964009e-04   7.4652367e-04
   6.7881430e-05   1.6021269e-04   1.5875577e-04   7.4217379e-04
   6.7386483e-05   1.5932470e-04   1.5787400e-04   7.3783686e-04
   6.6893196e-05   1.5843927e-04   1.5699477e-04   7.3351288e-04
   6.6401565e-05   1.5755641e-04   1.5611809e-04   7.2920183e-04
   6.5911589e-05   1.5667609e-04   1.5524395e-04   7.2490369e-04
   6.5423264e-05   1.5579833e-04   1.5437235e-04   7.2061846e-04
   6.4936588e-05   1.5492312e-04   1.5350329e-04   7.1634610e-04
   6.4451559e-05   1.5405045e-04   1.5263675e-04   7.1208661e-04
   6.3968173e-05   1.5318033e-04   1.5177275e-04   7.0783997e-04
   6.3486428e-05   1.5231276e-04   1.5091127e-04   7.0360616e-04
   6.3006320e-05   1.5144772e-04   1.5005232e-04   6.9938518e-04
   6.2527849e-05   1.5058521e-04   1.4919589e-04   6.9517699e-04
   6.2051010e-05   1.4972524e-04   1.4834198e-04   6.9098159e-04
   6.1575801e-05   1.4886780e-04   1.4749059e-04   6.8679896e-04
   6.1102219e-05   1.4801288e-04   1.4664170e-04   6.8262908e-04
   6.0630262e-05   1.4716049e-04   1.4579533e-04   6.7847194e-04
   6.0159926e-05   1.4631062e-04   1.4495146e-04   6.7432752e-04
   5.9691210e-05   1.4546327e-04   1.4411010e-04   6.7019581e-04
   5.9224110e-05   1.4461844e-04   1.4327124e-04   6.6607678e-04
   5.8758624e-05   1.4377611e-04   1.4243488e-04   6.6197042e-04
   5.8294748e-05   1.4293630e-04   1.4160101e-04   6.5787672e-04
   5.7832481e-05   1.4209899e-04   1.4076963e-04   6.5379565e-04
   5.7371819e-05   1.4126418e-04   1.3994074e-04   6.4972721e-04
   5.6912759e-05   1.4043188e-04   1.3911434e-04   6.4567136e-04
   5.6455299e-05   1.3960207e-04   1.3829042e-04   6.4162811e-04
   5.5999437e-05   1.3877475e-04   1.3746898e-04   6.3759742e-04
   5.5545168e-05   1.3794993e-04   1.3665002e-04   6.3357929e-04
   5.5092491e-05   1.3712759e-04   1.3583353e-04   6.2957369e-04
   5.4641403e-05   1.3630774e-04   1.3501951e-04   6.2558061e-04
   5.4191901e-05   1.3549037e-04   1.3420795e-04   6.2160003e-04
   5.3743982e-05   1.3467548e-04   1.3339887e-04   6.1763194e-04
   5.3297643e-05   1.3386306e-04   1.3259224e-04   6.1367631e-04
   5.2852882e-05   1.3305311e-04   1.3178807e-04   6.0973314e-04
   5.2409696e-05   1.3224564e-04   1.3098636e-04   6.0580239e-04
   5.1968081e-05   1.3144063e-04   1.3018709e-04   6.0188406e-04
   5.1528036e-05   1.3063808e-04   1.2939028e-04   5.9797813e-04
   5.1089557e-05   1.2983799e-04   1.2859591e-04   5.9408457e-04
   5.0652642e-05   1.2904036e-04   1.2780398e-04   5.9020338e-04
   5.0217287e-05   1.2824518e-04   1.2701450e-04   5.8633453e-04
   4.9783490e-05   1.2745246e-04   1.2622744e-04   5.8247801e-04
   4.9351249e-05   1.2666217e-04   1.2544282e-04   5.7863380e-04
   4.8920559e-05   1.2587433e-04   1.2466063e-04   5.7480188e-04
   4.8491419e-05   1.2508893e-04   1.2388087e-04   5.7098224e-04
   4.8063826e-05   1.2430597e-04   1.2310353e-04   5.6717484e-04
   4.7637777e-05   1.2352544e-04   1.2232860e-04   5.6337969e-04
   4.7213268e-05   1.2274735e-04   1.2155610e-04   5.5959676e-04
   4.6790297e-05   1.2197167e-04   1.2078600e-04   5.5582603e-04
   4.6368862e-05   1.2119843e-04   1.2001832e-04   5.5206748e-04
   4.5948959e-05   1.2042760e-04   1.1925304e-04   5.4832110e-04
   4.5530586e-05   1.1965919e-04   1.1849016e-04   5.4458686e-04
   4.5113739e-05   1.1889319e-04   1.1772969e-04   5.4086475e-04
   4.4698417e-05   1.1812960e-04   1.1697161e-04   5.3715476e-04
   4.4284615e-05   1.1736842e-04   1.1621592e-04   5.3345686e-04
   4.3872331e-05   1.1660964e-04   1.1546262e-04   5.2977103e-04
   4.3461563e-05   1.1585327e-04   1.1471171e-04   5.2609726e-04
   4.3052307e-05   1.1509929e-04   1.1396318e-04   5.2243552e-04
   4.2644560e-05   1.1434770e-04   1.1321703e-04   5.1878581e-04
   4.2238321e-05   1.1359850e-04   1.1247326e-04   5.1514809e-04
   4.1833585e-05   1.1285169e-04   1.1173186e-04   5.1152236e-04
   4.1430349e-05   1.1210727e-04   1.1099283e-04   5.0790859e-04
   4.1028612e-05   1.1136522e-04   1.1025616e-04   5.0430677e-04
   4.0628371e-05   1.1062555e-04   1.0952185e-04   5.0071687e-04
   4.0229621e-05   1.0988825e-04   1.0878991e-04   4.9713888e-04
   3.9832361e-05   1.0915332e-04   1.0806032e-04   4.9357278e-04
   3.9436587e-05   1.0842075e-04   1.0733308e-04   4.9001855e-04
   3.9042297e-05   1.0769055e-04   1.0660819e-04   4.8647617e-04
   3.8649488e-05   1.0696271e-04   1.0588564e-04   4.8294562e-04
   3.8258156e-05   1.0623722e-04   1.0516544e-04   4.7942689e-04
   3.7868300e-05   1.0551408e-04   1.0444757e-04   4.7591995e-04
   3.7479915e-05   1.0479330e-04   1.0373204e-04   4.7242479e-04
   3.7093000e-05   1.0407485e-04   1.0301884e-04   4.6894139e-04
   3.6707550e-05   1.0335875e-04   1.0230797e-04   4.6546972e-04
   3.6323565e-05   1.0264499e-04   1.0159942e-04   4.6200977e-04
   3.5941039e-05   1.0193356e-04   1.0089319e-04   4.5856152e-04
   3.5559971e-05   1.0122446e-04   1.0018927e-04   4.5512495e-04
   3.5180358e-05   1.0051768e-04   9.9487675e-05   4.5170004e-04
   3.4802197e-05   9.9813235e-05   9.8788384e-05   4.4828678e-04
   3.4425484e-05   9.9111105e-05   9.8091400e-05   4.4488514e-04
   3.4050217e-05   9.8411292e-05   9.7396718e-05   4.4149510e-04
   3.3676393e-05   9.7713791e-05   9.6704335e-05   4.3811664e-04
   3.3304009e-05   9.7018599e-05   9.6014247e-05   4.3474975e-04
   3.2933063e-05   9.6325712e-05   9.5326450e-05   4.3139441e-04
   3.2563550e-05   9.5635128e-05   9.4640942e-05   4.2805059e-04
   3.2195469e-05   9.4946841e-05   9.3957718e-05   4.2471828e-04
   3.1828816e-05   9.4260849e-05   9.3276774e-05   4.2139746e-04
   3.1463589e-05   9.3577148e-05   9.2598108e-05   4.1808811e-04
   3.1099784e-05   9.2895733e-05   9.1921716e-05   4.1479020e-04
   3.0737398e-05   9.2216603e-05   9.1247593e-05   4.1150372e-04
   3.0376430e-05   9.1539752e-05   9.0575736e-05   4.0822865e-04
   3.0016875e-05   9.0865177e-05   8.9906142e-05   4.0496498e-04
   2.9658731e-05   9.0192875e-05   8.9238807e-05   4.0171267e-04
   2.9301995e-05   8.9522842e-05   8.8573726e-05   3.9847171e-04
   2.8946664e-05   8.8855074e-05   8.7910898e-05   3.9524208e-04
   2.8592734e-05   8.8189567e-05   8.7250317e-05   3.9202377e-04
   2.8240204e-05   8.7526318e-05   8.6591980e-05   3.8881674e-04
   2.7889070e-05   8.6865323e-05   8.5935884e-05   3.8562099e-04
   2.7539329e-05   8.6206578e-05   8.5282024e-05   3.8243649e-04
   2.7190979e-05   8.5550080e-05   8.4630397e-05   3.7926322e-04
   2.6844016e-05   8.4895824e-05   8.3981000e-05   3.7610116e-04
   2.6498437e-05   8.4243808e-05   8.3333828e-05   3.7295030e-04
   2.6154240e-05   8.3594027e-05   8.2688878e-05   3.6981061e-04
   2.5811421e-05   8.2946478e-05   8.2046146e-05   3.6668207e-04
   2.5469978e-05   8.2301156e-05   8.1405628e-05   3.6356466e-04
   2.5129907e-05   8.1658058e-05   8.0767321e-05   3.6045836e-04
   2.4791206e-05   8.1017181e-05   8.0131220e-05   3.5736316e-04
   2.4453872e-05   8.0378520e-05   7.9497323e-05   3.5427903e-04
   2.4117902e-05   7.9742072e-05   7.8865625e-05   3.5120595e-04
   2.3783292e-05   7.9107833e-05   7.8236122e-05   3.4814391e-04
   2.3450040e-05   7.8475799e-05   7.7608812e-05   3.4509287e-04
   2.3118144e-05   7.7845966e-05   7.6983689e-05   3.4205283e-04
   2.2787599e-05   7.7218331e-05   7.6360750e-05   3.3902377e-04
   2.2458404e-05   7.6592890e-05   7.5739991e-05   3.3600565e-04
   2.2130554e-05   7.5969638e-05   7.5121410e-05   3.3299846e-04
   2.1804048e-05   7.5348573e-05   7.4505000e-05   3.3000219e-04
   2.1478882e-05   7.4729690e-05   7.3890760e-05   3.2701681e-04
   2.1155053e-05   7.4112985e-05   7.3278685e-05   3.2404230e-04
   2.0832559e-05   7.3498455e-05   7.2668771e-05   3.2107863e-04
   2.0511396e-05   7.2886096e-05   7.2061015e-05   3.1812580e-04
   2.0191561e-05   7.2275904e-05   7.1455412e-05   3.1518379e-04
   1.9873052e-05   7.1667874e-05   7.0851959e-05   3.1225256e-04
   1.9555865e-05   7.1062004e-05   7.0250653e-05   3.0933209e-04
   1.9239999e-05   7.0458290e-05   6.9651488e-05   3.0642238e-04
   1.8925448e-05   6.9856726e-05   6.9054461e-05   3.0352340e-04
   1.8612212e-05   6.9257311e-05   6.8459569e-05   3.0063513e-04
   1.8300286e-05   6.8660039e-05   6.7866807e-05   2.9775754e-04
   1.7989668e-05   6.8064907e-05   6.7276173e-05   2.9489062e-04
   1.7680355e-05   6.7471911e-05   6.6687660e-05   2.9203435e-04
   1.7372343e-05   6.6881047e-05   6.6101267e-05   2.8918871e-04
   1.7065631e-05   6.6292311e-05   6.5516989e-05   2.8635367e-04
   1.6760215e-05   6.5705700e-05   6.4934822e-05   2.8352922e-04
   1.6456091e-05   6.5121209e-05   6.4354763e-05   2.8071533e-04
   1.6153258e-05   6.4538834e-05   6.3776806e-05   2.7791199e-04
   1.5851712e-05   6.3958572e-05   6.3200950e-05   2.7511917e-04
   1.5551450e-05   6.3380419e-05   6.2627189e-05   2.7233686e-04
   1.5252470e-05   6.2804371e-05   6.2055519e-05   2.6956503e-04
   1.4954768e-05   6.2230423e-05   6.1485938e-05   2.6680366e-04
   1.4658341e-05   6.1658572e-05   6.0918440e-05   2.6405273e-04
   1.4363186e-05   6.1088815e-05   6.0353023e-05   2.6131222e-04
   1.4069301e-05   6.0521146e-05   5.9789681e-05   2.5858212e-04
   1.3776683e-05   5.9955563e-05   5.9228412e-05   2.5586240e-04
   1.3485328e-05   5.9392060e-05   5.8669211e-05   2.5315303e-04
   1.3195234e-05   5.8830635e-05   5.8112074e-05   2.5045400e-04
   1.2906398e-05   5.8271283e-05   5.7556997e-05   2.4776529e-04
   1.2618816e-05   5.7714001e-05   5.7003977e-05   2.4508688e-04
   1.2332486e-05   5.7158784e-05   5.6453010e-05   2.4241875e-04
   1.2047405e-05   5.6605628e-05   5.5904091e-05   2.3976087e-04
   1.1763570e-05   5.6054530e-05   5.5357216e-05   2.3711323e-04
   1.1480978e-05   5.5505485e-05   5.4812383e-05   2.3447580e-04
   1.1199626e-05   5.4958490e-05   5.4269586e-05   2.3184856e-04
   1.0919511e-05   5.4413541e-05   5.3728822e-05   2.2923150e-04
   1.0640631e-05   5.3870633e-05   5.3190086e-05   2.2662459e-04
   1.0362981e-05   5.3329763e-05   5.2653376e-05   2.2402781e-04
   1.0086560e-05   5.2790926e-05   5.2118686e-05   2.2144114e-04
   9.8113643e-06   5.2254119e-05   5.1586014e-05   2.1886457e-04
   9.5373910e-06   5.1719338e-05   5.1055354e-05   2.1629806e-04
   9.2646372e-06   5.1186578e-05   5.0526703e-05   2.1374160e-04
   8.9931000e-06   5.0655837e-05   5.0000058e-05   2.1119517e-04
   8.7227764e-06   5.0127108e-05   4.9475413e-05   2.0865874e-04
   8.4536635e-06   4.9600390e-05   4.8952766e-05   2.0613230e-04
   8.1857584e-06   4.9075677e-05   4.8432111e-05   2.0361582e-04
   7.9190581e-06   4.8552967e-05   4.7913446e-05   2.0110929e-04
   7.6535598e-06   4.8032253e-05   4.7396766e-05   1.9861269e-04
   7.3892605e-06   4.7513534e-05   4.6882067e-05   1.9612598e-04
   7.1261572e-06   4.6996804e-05   4.6369345e-05   1.9364916e-04
   6.8642471e-06   4.6482060e-05   4.5858596e-05   1.9118219e-04
   6.6035273e-06   4.5969298e-05   4.5349817e-05   1.8872507e-04
   6.3439947e-06   4.5458514e-05   4.4843002e-05   1.8627777e-04
   6.0856465e-06   4.4949703e-05   4.4338149e-05   1.8384026e-04
   5.8284798e-06   4.4442862e-05   4.3835253e-05   1.8141253e-04
   5.5724916e-06   4.3937986e-05   4.3334311e-05   1.7899456e-04
   5.3176790e-06   4.3435072e-05   4.2835317e-05   1.7658632e-04
   5.0640392e-06   4.2934116e-05   4.2338269e-05   1.7418780e-04
   4.8115692e-06   4.2435113e-05   4.1843161e-05   1.7179897e-04
   4.5602660e-06   4.1938060e-05   4.1349991e-05   1.6941981e-04
   4.3101269e-06   4.1442952e-05   4.0858754e-05   1.6705031e-04
   4.0611488e-06   4.0949786e-05   4.0369447e-05   1.6469044e-04
   3.8133288e-06   4.0458558e-05   3.9882064e-05   1.6234017e-04
   3.5666641e-06   3.9969262e-05   3.9396602e-05   1.5999950e-04
   3.3211518e-06   3.9481897e-05   3.8913058e-05   1.5766839e-04
   3.0767889e-06   3.8996456e-05   3.8431427e-05   1.5534683e-04
   2.8335725e-06   3.8512937e-05   3.7951704e-05   1.5303479e-04
   2.5914998e-06   3.8031335e-05   3.7473887e-05   1.5073226e-04
   2.3505679e-06   3.7551647e-05   3.6997971e-05   1.4843922e-04
   2.1107737e-06   3.7073867e-05   3.6523952e-05   1.4615564e-04
   1.8721146e-06   3.6597993e-05   3.6051826e-05   1.4388150e-04
   1.6345874e-06   3.6124020e-05   3.5581588e-05   1.4161678e-04
   1.3981895e-06   3.5651944e-05   3.5113236e-05   1.3936146e-04
   1.1629178e-06   3.5181761e-05   3.4646765e-05   1.3711552e-04
   9.2876952e-07   3.4713468e-05   3.4182170e-05   1.3487895e-04
   6.9574173e-07   3.4247059e-05   3.3719448e-05   1.3265170e-04
   4.6383155e-07   3.3782531e-05   3.3258596e-05   1.3043378e-04
   2.3303610e-07   3.3319880e-05   3.2799607e-05   1.2822515e-04
   3.3524926e-09   3.2859101e-05   3.2342480e-05   1.2602579e-04
  -2.2522214e-07   3.2400192e-05   3.1887210e-05   1.2383569e-04
  -4.5269068e-07   3.1943147e-05   3.1433792e-05   1.2165482e-04
  -6.7905601e-07   3.1487963e-05   3.0982223e-05   1.1948317e-04
  -9.0432100e-07   3.1034635e-05   3.0532498e-05   1.1732070e-04
  -1.1284885e-06   3.0583160e-05   3.0084614e-05   1.1516740e-04
  -1.3515614e-06   3.0133533e-05   2.9638567e-05   1.1302326e-04
  -1.5735426e-06   2.9685751e-05   2.9194352e-05   1.1088824e-04
  -1.7944349e-06   2.9239810e-05   2.8751965e-05   1.0876233e-04
  -2.0142412e-06   2.8795704e-05   2.8311403e-05   1.0664550e-04
  -2.2329644e-06   2.8353431e-05   2.7872662e-05   1.0453774e-04
  -2.4506073e-06   2.7912987e-05   2.7435737e-05   1.0243903e-04
  -2.6671728e-06   2.7474366e-05   2.7000624e-05   1.0034933e-04
  -2.8826637e-06   2.7037565e-05   2.6567320e-05   9.8268645e-05
  -3.0970829e-06   2.6602581e-05   2.6135820e-05   9.6196937e-05
  -3.3104332e-06   2.6169409e-05   2.5706120e-05   9.4134189e-05
  -3.5227175e-06   2.5738044e-05   2.5278216e-05   9.2080382e-05
  -3.7339387e-06   2.5308484e-05   2.4852105e-05   9.0035493e-05
  -3.9440995e-06   2.4880723e-05   2.4427781e-05   8.7999502e-05
  -4.1532028e-06   2.4454758e-05   2.4005242e-05   8.5972388e-05
  -4.3612515e-06   2.4030585e-05   2.3584483e-05   8.3954130e-05
  -4.5682484e-06   2.3608199e-05   2.3165500e-05   8.1944707e-05
  -4.7741964e-06   2.3187598e-05   2.2748289e-05   7.9944099e-05
  -4.9790982e-06   2.2768775e-05   2.2332846e-05   7.7952284e-05
  -5.1829567e-06   2.2351729e-05   2.1919166e-05   7.5969242e-05
  -5.3857747e-06   2.1936453e-05   2.1507247e-05   7.3994952e-05
  -5.5875551e-06   2.1522945e-05   2.1097084e-05   7.2029392e-05
  -5.7883006e-06   2.1111201e-05   2.0688672e-05   7.0072543e-05
  -5.9880141e-06   2.0701216e-05   2.0282008e-05   6.8124382e-05
  -6.1866985e-06   2.0292986e-05   1.9877088e-05   6.6184890e-05
  -6.3843565e-06   1.9886507e-05   1.9473908e-05   6.4254046e-05
  -6.5809909e-06   1.9481776e-05   1.9072463e-05   6.2331828e-05
  -6.7766046e-06   1.9078787e-05   1.8672750e-05   6.0418216e-05
  -6.9712004e-06   1.8677538e-05   1.8274765e-05   5.8513189e-05
  -7.1647810e-06   1.8278023e-05   1.7878503e-05   5.6616726e-05
  -7.3573493e-06   1.7880240e-05   1.7483961e-05   5.4728806e-05
  -7.5489081e-06   1.7484183e-05   1.7091134e-05   5.2849409e-05
  -7.7394602e-06   1.7089850e-05   1.6700019e-05   5.0978514e-05
  -7.9290083e-06   1.6697235e-05   1.6310612e-05   4.9116100e-05
  -8.1175553e-06   1.6306335e-05   1.5922908e-05   4.7262147e-05
  -8.3051039e-06   1.5917145e-05   1.5536903e-05   4.5416632e-05
  -8.4916570e-06   1.5529663e-05   1.5152594e-05   4.3579537e-05
  -8.6772174e-06   1.5143883e-05   1.4769976e-05   4.1750839e-05
  -8.8617877e-06   1.4759801e-05   1.4389045e-05   3.9930519e-05
  -9.0453708e-06   1.4377414e-05   1.4009798e-05   3.8118556e-05
  -9.2279695e-06   1.3996718e-05   1.3632231e-05   3.6314928e-05
  -9.4095866e-06   1.3617708e-05   1.3256338e-05   3.4519615e-05
  -9.5902247e-06   1.3240381e-05   1.2882117e-05   3.2732597e-05
  -9.7698868e-06   1.2864732e-05   1.2509564e-05   3.0953853e-05
  -9.9485755e-06   1.2490757e-05   1.2138673e-05   2.9183361e-05
  -1.0126294e-05   1.2118453e-05   1.1769442e-05   2.7421103e-05
  -1.0303044e-05   1.1747815e-05   1.1401866e-05   2.5667055e-05
  -1.0478829e-05   1.1378839e-05   1.1035941e-05   2.3921200e-05
  -1.0653652e-05   1.1011522e-05   1.0671664e-05   2.2183514e-05
  -1.0827515e-05   1.0645859e-05   1.0309030e-05   2.0453978e-05
  -1.1000422e-05   1.0281846e-05   9.9480348e-06   1.8732572e-05
  -1.1172374e-05   9.9194792e-06   9.5886751e-06   1.7019274e-05
  -1.1343375e-05   9.5587547e-06   9.2309466e-06   1.5314065e-05
  -1.1513428e-05   9.1996683e-06   8.8748454e-06   1.3616923e-05
  -1.1682535e-05   8.8422160e-06   8.5203674e-06   1.1927828e-05
  -1.1850698e-05   8.4863938e-06   8.1675086e-06   1.0246759e-05
  -1.2017922e-05   8.1321978e-06   7.8162651e-06   8.5736962e-06
  -1.2184207e-05   7.7796238e-06   7.4666328e-06   6.9086187e-06
  -1.2349558e-05   7.4286679e-06   7.1186078e-06   5.2515060e-06
  -1.2513976e-05   7.0793260e-06   6.7721861e-06   3.6023376e-06
  -1.2677465e-05   6.7315942e-06   6.4273636e-06   1.9610930e-06
  -1.2840028e-05   6.3854685e-06   6.0841365e-06   3.2775182e-07
  -1.3001666e-05   6.0409448e-06   5.7425006e-06  -1.2977065e-06
  -1.3162383e-05   5.6980191e-06   5.4024521e-06  -2.9153024e-06
  -1.3322181e-05   5.3566875e-06   5.0639870e-06  -4.5250562e-06
  -1.3481063e-05   5.0169459e-06   4.7271012e-06  -6.1269885e-06
  -1.3639032e-05   4.6787904e-06   4.3917908e-06  -7.7211195e-06
  -1.3796090e-05   4.3422169e-06   4.0580519e-06  -9.3074698e-06
  -1.3952241e-05   4.0072215e-06   3.7258804e-06  -1.0886060e-05
  -1.4107487e-05   3.6738002e-06   3.3952724e-06  -1.2456910e-05
  -1.4261830e-05   3.3419489e-06   3.0662239e-06  -1.4020040e-05
  -1.4415273e-05   3.0116638e-06   2.7387309e-06  -1.5575470e-05
  -1.4567819e-05   2.6829407e-06   2.4127896e-06  -1.7123222e-05
  -1.4719471e-05   2.3557759e-06   2.0883959e-06  -1.8663315e-05
  -1.4870231e-05   2.0301651e-06   1.7655459e-06  -2.0195770e-05
  -1.5020102e-05   1.7061046e-06   1.4442356e-06  -2.1720606e-05
  -1.5169086e-05   1.3835902e-06   1.1244610e-06  -2.3237845e-05
  -1.5317187e-05   1.0626181e-06   8.0621830e-07  -2.4747505e-05
  -1.5464407e-05   7.4318431e-07   4.8950345e-07  -2.6249609e-05
  -1.5610748e-05   4.2528479e-07   1.7431253e-07  -2.7744175e-05
  -1.5756214e-05   1.0891562e-07  -1.3935841e-07  -2.9231224e-05
  -1.5900806e-05  -2.0592718e-07  -4.5151331e-07  -3.0710777e-05
  -1.6044528e-05  -5.1924756e-07  -7.6215610e-07  -3.2182852e-05
  -1.6187383e-05  -8.3104946e-07  -1.0712907e-06  -3.3647471e-05
  -1.6329372e-05  -1.1413369e-06  -1.3789211e-06  -3.5104654e-05
  -1.6470498e-05  -1.4501137e-06  -1.6850512e-06  -3.6554420e-05
  -1.6610765e-05  -1.7573839e-06  -1.9896849e-06  -3.7996791e-05
  -1.6750174e-05  -2.0631514e-06  -2.2928261e-06  -3.9431785e-05
  -1.6888729e-05  -2.3674203e-06  -2.5944788e-06  -4.0859423e-05
  -1.7026432e-05  -2.6701943e-06  -2.8946469e-06  -4.2279725e-05
  -1.7163285e-05  -2.9714775e-06  -3.1933342e-06  -4.3692711e-05
  -1.7299292e-05  -3.2712737e-06  -3.4905448e-06  -4.5098402e-05
  -1.7434454e-05  -3.5695870e-06  -3.7862825e-06  -4.6496816e-05
  -1.7568775e-05  -3.8664212e-06  -4.0805513e-06  -4.7887974e-05
  -1.7702257e-05  -4.1617803e-06  -4.3733549e-06  -4.9271897e-05
  -1.7834903e-05  -4.4556681e-06  -4.6646974e-06  -5.0648603e-05
  -1.7966715e-05  -4.7480887e-06  -4.9545827e-06  -5.2018113e-05
  -1.8097695e-05  -5.0390459e-06  -5.2430145e-06  -5.3380447e-05
  -1.8227848e-05  -5.3285436e-06  -5.5299969e-06  -5.4735624e-05
  -1.8357174e-05  -5.6165857e-06  -5.8155337e-06  -5.6083666e-05
  -1.8485677e-05  -5.9031763e-06  -6.0996287e-06  -5.7424590e-05
  -1.8613359e-05  -6.1883190e-06  -6.3822860e-06  -5.8758418e-05
  -1.8740223e-05  -6.4720180e-06  -6.6635093e-06  -6.0085168e-05
  -1.8866271e-05  -6.7542769e-06  -6.9433025e-06  -6.1404862e-05
  -1.8991507e-05  -7.0350999e-06  -7.2216696e-06  -6.2717518e-05
  -1.9115931e-05  -7.3144906e-06  -7.4986143e-06  -6.4023156e-05
  -1.9239548e-05  -7.5924531e-06  -7.7741405e-06  -6.5321797e-05
  -1.9362360e-05  -7.8689912e-06  -8.0482522e-06  -6.6613459e-05
  -1.9484369e-05  -8.1441088e-06  -8.3209531e-06  -6.7898163e-05
  -1.9605577e-05  -8.4178097e-06  -8.5922471e-06  -6.9175928e-05
  -1.9725988e-05  -8.6900979e-06  -8.8621381e-06  -7.0446773e-05
  -1.9845603e-05  -8.9609773e-06  -9.1306300e-06  -7.1710720e-05
  -1.9964427e-05  -9.2304515e-06  -9.3977265e-06  -7.2967786e-05
  -2.0082460e-05  -9.4985247e-06  -9.6634315e-06  -7.4217992e-05
  -2.0199705e-05  -9.7652005e-06  -9.9277489e-06  -7.5461357e-05
  -2.0316165e-05  -1.0030483e-05  -1.0190682e-05  -7.6697901e-05
  -2.0431843e-05  -1.0294376e-05  -1.0452236e-05  -7.7927643e-05
  -2.0546741e-05  -1.0556883e-05  -1.0712413e-05  -7.9150604e-05
  -2.0660862e-05  -1.0818008e-05  -1.0971219e-05  -8.0366801e-05
  -2.0774208e-05  -1.1077755e-05  -1.1228655e-05  -8.1576256e-05
  -2.0886781e-05  -1.1336128e-05  -1.1484727e-05  -8.2778986e-05
  -2.0998585e-05  -1.1593131e-05  -1.1739438e-05  -8.3975013e-05
  -2.1109621e-05  -1.1848767e-05  -1.1992792e-05  -8.5164354e-05
  -2.1219892e-05  -1.2103040e-05  -1.2244793e-05  -8.6347030e-05
  -2.1329401e-05  -1.2355954e-05  -1.2495444e-05  -8.7523060e-05
  -2.1438150e-05  -1.2607514e-05  -1.2744750e-05  -8.8692463e-05
  -2.1546141e-05  -1.2857722e-05  -1.2992713e-05  -8.9855259e-05
  -2.1653378e-05  -1.3106583e-05  -1.3239339e-05  -9.1011467e-05
  -2.1759862e-05  -1.3354100e-05  -1.3484631e-05  -9.2161105e-05
  -2.1865596e-05  -1.3600277e-05  -1.3728592e-05  -9.3304195e-05
  -2.1970583e-05  -1.3845118e-05  -1.3971226e-05  -9.4440753e-05
  -2.2074825e-05  -1.4088627e-05  -1.4212537e-05  -9.5570801e-05
  -2.2178324e-05  -1.4330808e-05  -1.4452529e-05  -9.6694357e-05
  -2.2281084e-05  -1.4571664e-05  -1.4691206e-05  -9.7811440e-05
  -2.2383105e-05  -1.4811199e-05  -1.4928571e-05  -9.8922069e-05
  -2.2484392e-05  -1.5049417e-05  -1.5164628e-05  -1.0002626e-04
  -2.2584946e-05  -1.5286321e-05  -1.5399382e-05  -1.0112404e-04
  -2.2684769e-05  -1.5521917e-05  -1.5632834e-05  -1.0221543e-04
  -2.2783865e-05  -1.5756206e-05  -1.5864991e-05  -1.0330043e-04
  -2.2882235e-05  -1.5989193e-05  -1.6095854e-05  -1.0437908e-04
  -2.2979883e-05  -1.6220883e-05  -1.6325428e-05  -1.0545139e-04
  -2.3076810e-05  -1.6451277e-05  -1.6553717e-05  -1.0651738e-04
  -2.3173019e-05  -1.6680382e-05  -1.6780724e-05  -1.0757706e-04
  -2.3268512e-05  -1.6908199e-05  -1.7006453e-05  -1.0863047e-04
  -2.3363292e-05  -1.7134732e-05  -1.7230908e-05  -1.0967761e-04
  -2.3457361e-05  -1.7359987e-05  -1.7454093e-05  -1.1071850e-04
  -2.3550722e-05  -1.7583966e-05  -1.7676011e-05  -1.1175318e-04
  -2.3643377e-05  -1.7806672e-05  -1.7896666e-05  -1.1278164e-04
  -2.3735328e-05  -1.8028111e-05  -1.8116061e-05  -1.1380392e-04
  -2.3826578e-05  -1.8248285e-05  -1.8334201e-05  -1.1482002e-04
  -2.3917130e-05  -1.8467198e-05  -1.8551089e-05  -1.1582998e-04
  -2.4006984e-05  -1.8684853e-05  -1.8766728e-05  -1.1683380e-04
  -2.4096145e-05  -1.8901256e-05  -1.8981123e-05  -1.1783152e-04
  -2.4184615e-05  -1.9116409e-05  -1.9194277e-05  -1.1882313e-04
  -2.4272395e-05  -1.9330316e-05  -1.9406194e-05  -1.1980868e-04
  -2.4359488e-05  -1.9542980e-05  -1.9616878e-05  -1.2078816e-04
  -2.4445897e-05  -1.9754406e-05  -1.9826331e-05  -1.2176161e-04
  -2.4531623e-05  -1.9964597e-05  -2.0034559e-05  -1.2272904e-04
  -2.4616670e-05  -2.0173557e-05  -2.0241564e-05  -1.2369046e-04
  -2.4701040e-05  -2.0381289e-05  -2.0447350e-05  -1.2464591e-04
  -2.4784734e-05  -2.0587797e-05  -2.0651921e-05  -1.2559539e-04
  -2.4867756e-05  -2.0793085e-05  -2.0855280e-05  -1.2653892e-04
  -2.4950107e-05  -2.0997157e-05  -2.1057432e-05  -1.2747653e-04
  -2.5031791e-05  -2.1200016e-05  -2.1258379e-05  -1.2840823e-04
  -2.5112809e-05  -2.1401665e-05  -2.1458126e-05  -1.2933404e-04
  -2.5193163e-05  -2.1602109e-05  -2.1656675e-05  -1.3025398e-04
  -2.5272857e-05  -2.1801351e-05  -2.1854032e-05  -1.3116806e-04
  -2.5351892e-05  -2.1999395e-05  -2.2050198e-05  -1.3207631e-04
  -2.5430270e-05  -2.2196244e-05  -2.2245179e-05  -1.3297874e-04
  -2.5507995e-05  -2.2391902e-05  -2.2438976e-05  -1.3387538e-04
  -2.5585067e-05  -2.2586373e-05  -2.2631596e-05  -1.3476623e-04
  -2.5661491e-05  -2.2779660e-05  -2.2823039e-05  -1.3565132e-04
  -2.5737267e-05  -2.2971767e-05  -2.3013311e-05  -1.3653067e-04
  -2.5812399e-05  -2.3162698e-05  -2.3202415e-05  -1.3740429e-04
  -2.5886888e-05  -2.3352455e-05  -2.3390355e-05  -1.3827221e-04
  -2.5960737e-05  -2.3541044e-05  -2.3577133e-05  -1.3913444e-04
  -2.6033948e-05  -2.3728466e-05  -2.3762755e-05  -1.3999100e-04
  -2.6106523e-05  -2.3914727e-05  -2.3947222e-05  -1.4084190e-04
  -2.6178466e-05  -2.4099829e-05  -2.4130540e-05  -1.4168717e-04
  -2.6249777e-05  -2.4283776e-05  -2.4312710e-05  -1.4252682e-04
  -2.6320459e-05  -2.4466572e-05  -2.4493738e-05  -1.4336088e-04
  -2.6390515e-05  -2.4648220e-05  -2.4673626e-05  -1.4418935e-04
  -2.6459946e-05  -2.4828724e-05  -2.4852378e-05  -1.4501226e-04
  -2.6528756e-05  -2.5008087e-05  -2.5029998e-05  -1.4582962e-04
  -2.6596946e-05  -2.5186314e-05  -2.5206489e-05  -1.4664146e-04
  -2.6664519e-05  -2.5363407e-05  -2.5381855e-05  -1.4744779e-04
  -2.6731476e-05  -2.5539370e-05  -2.5556099e-05  -1.4824863e-04
  -2.6797820e-05  -2.5714206e-05  -2.5729224e-05  -1.4904400e-04
  -2.6863554e-05  -2.5887920e-05  -2.5901235e-05  -1.4983391e-04
  -2.6928679e-05  -2.6060514e-05  -2.6072135e-05  -1.5061838e-04
  -2.6993198e-05  -2.6231993e-05  -2.6241927e-05  -1.5139744e-04
  -2.7057113e-05  -2.6402360e-05  -2.6410615e-05  -1.5217109e-04
  -2.7120426e-05  -2.6571617e-05  -2.6578202e-05  -1.5293935e-04
  -2.7183139e-05  -2.6739770e-05  -2.6744692e-05  -1.5370225e-04
  -2.7245255e-05  -2.6906821e-05  -2.6910088e-05  -1.5445980e-04
  -2.7306776e-05  -2.7072774e-05  -2.7074394e-05  -1.5521202e-04
  -2.7367704e-05  -2.7237632e-05  -2.7237614e-05  -1.5595893e-04
  -2.7428041e-05  -2.7401399e-05  -2.7399750e-05  -1.5670054e-04
  -2.7487790e-05  -2.7564078e-05  -2.7560806e-05  -1.5743686e-04
  -2.7546952e-05  -2.7725673e-05  -2.7720786e-05  -1.5816793e-04
  -2.7605530e-05  -2.7886188e-05  -2.7879693e-05  -1.5889376e-04
  -2.7663527e-05  -2.8045625e-05  -2.8037531e-05  -1.5961436e-04
  -2.7720943e-05  -2.8203988e-05  -2.8194303e-05  -1.6032975e-04
  -2.7777782e-05  -2.8361282e-05  -2.8350012e-05  -1.6103994e-04
  -2.7834045e-05  -2.8517508e-05  -2.8504663e-05  -1.6174497e-04
  -2.7889735e-05  -2.8672671e-05  -2.8658258e-05  -1.6244483e-04
  -2.7944854e-05  -2.8826774e-05  -2.8810800e-05  -1.6313956e-04
  -2.7999404e-05  -2.8979821e-05  -2.8962294e-05  -1.6382917e-04
  -2.8053387e-05  -2.9131815e-05  -2.9112743e-05  -1.6451367e-04
  -2.8106806e-05  -2.9282759e-05  -2.9262149e-05  -1.6519308e-04
  -2.8159662e-05  -2.9432657e-05  -2.9410517e-05  -1.6586742e-04
  -2.8211958e-05  -2.9581512e-05  -2.9557851e-05  -1.6653671e-04
  -2.8263695e-05  -2.9729328e-05  -2.9704152e-05  -1.6720096e-04
  -2.8314877e-05  -2.9876109e-05  -2.9849425e-05  -1.6786019e-04
  -2.8365504e-05  -3.0021856e-05  -2.9993673e-05  -1.6851443e-04
  -2.8415580e-05  -3.0166575e-05  -3.0136900e-05  -1.6916367e-04
  -2.8465106e-05  -3.0310268e-05  -3.0279109e-05  -1.6980795e-04
  -2.8514084e-05  -3.0452939e-05  -3.0420303e-05  -1.7044728e-04
  -2.8562517e-05  -3.0594591e-05  -3.0560485e-05  -1.7108167e-04
  -2.8610406e-05  -3.0735227e-05  -3.0699660e-05  -1.7171115e-04
  -2.8657755e-05  -3.0874852e-05  -3.0837829e-05  -1.7233572e-04
  -2.8704564e-05  -3.1013467e-05  -3.0974998e-05  -1.7295542e-04
  -2.8750836e-05  -3.1151077e-05  -3.1111169e-05  -1.7357024e-04
  -2.8796573e-05  -3.1287686e-05  -3.1246344e-05  -1.7418022e-04
  -2.8841777e-05  -3.1423295e-05  -3.1380529e-05  -1.7478537e-04
  -2.8886451e-05  -3.1557910e-05  -3.1513726e-05  -1.7538569e-04
  -2.8930595e-05  -3.1691532e-05  -3.1645938e-05  -1.7598122e-04
  -2.8974213e-05  -3.1824166e-05  -3.1777169e-05  -1.7657197e-04
  -2.9017307e-05  -3.1955814e-05  -3.1907422e-05  -1.7715795e-04
  -2.9059878e-05  -3.2086481e-05  -3.2036700e-05  -1.7773919e-04
  -2.9101928e-05  -3.2216169e-05  -3.2165007e-05  -1.7831569e-04
  -2.9143460e-05  -3.2344882e-05  -3.2292345e-05  -1.7888747e-04
  -2.9184476e-05  -3.2472622e-05  -3.2418719e-05  -1.7945456e-04
  -2.9224978e-05  -3.2599394e-05  -3.2544132e-05  -1.8001696e-04
  -2.9264967e-05  -3.2725201e-05  -3.2668586e-05  -1.8057469e-04
  -2.9304446e-05  -3.2850046e-05  -3.2792086e-05  -1.8112778e-04
  -2.9343417e-05  -3.2973932e-05  -3.2914633e-05  -1.8167623e-04
  -2.9381882e-05  -3.3096862e-05  -3.3036233e-05  -1.8222007e-04
  -2.9419842e-05  -3.3218840e-05  -3.3156887e-05  -1.8275931e-04
  -2.9457301e-05  -3.3339869e-05  -3.3276599e-05  -1.8329396e-04
  -2.9494259e-05  -3.3459953e-05  -3.3395373e-05  -1.8382404e-04
  -2.9530720e-05  -3.3579094e-05  -3.3513211e-05  -1.8434957e-04
  -2.9566684e-05  -3.3697296e-05  -3.3630118e-05  -1.8487057e-04
  -2.9602155e-05  -3.3814563e-05  -3.3746095e-05  -1.8538705e-04
  -2.9637133e-05  -3.3930896e-05  -3.3861147e-05  -1.8589903e-04
  -2.9671621e-05  -3.4046300e-05  -3.3975276e-05  -1.8640652e-04
  -2.9705621e-05  -3.4160778e-05  -3.4088486e-05  -1.8690954e-04
  -2.9739136e-05  -3.4274334e-05  -3.4200780e-05  -1.8740810e-04
  -2.9772166e-05  -3.4386969e-05  -3.4312161e-05  -1.8790223e-04
  -2.9804714e-05  -3.4498688e-05  -3.4422633e-05  -1.8839193e-04
  -2.9836782e-05  -3.4609494e-05  -3.4532198e-05  -1.8887723e-04
  -2.9868371e-05  -3.4719389e-05  -3.4640860e-05  -1.8935814e-04
  -2.9899485e-05  -3.4828378e-05  -3.4748622e-05  -1.8983468e-04
  -2.9930124e-05  -3.4936463e-05  -3.4855487e-05  -1.9030685e-04
  -2.9960291e-05  -3.5043648e-05  -3.4961459e-05  -1.9077469e-04
  -2.9989988e-05  -3.5149935e-05  -3.5066540e-05  -1.9123820e-04
  -3.0019216e-05  -3.5255329e-05  -3.5170733e-05  -1.9169740e-04
  -3.0047978e-05  -3.5359831e-05  -3.5274043e-05  -1.9215230e-04
  -3.0076276e-05  -3.5463446e-05  -3.5376471e-05  -1.9260293e-04
  -3.0104111e-05  -3.5566176e-05  -3.5478021e-05  -1.9304929e-04
  -3.0131485e-05  -3.5668025e-05  -3.5578697e-05  -1.9349140e-04
  -3.0158401e-05  -3.5768995e-05  -3.5678501e-05  -1.9392929e-04
  -3.0184859e-05  -3.5869090e-05  -3.5777436e-05  -1.9436296e-04
  -3.0210863e-05  -3.5968314e-05  -3.5875506e-05  -1.9479243e-04
  -3.0236415e-05  -3.6066668e-05  -3.5972714e-05  -1.9521771e-04
  -3.0261515e-05  -3.6164157e-05  -3.6069063e-05  -1.9563883e-04
  -3.0286166e-05  -3.6260783e-05  -3.6164555e-05  -1.9605579e-04
  -3.0310369e-05  -3.6356550e-05  -3.6259195e-05  -1.9646861e-04
  -3.0334128e-05  -3.6451460e-05  -3.6352984e-05  -1.9687731e-04
  -3.0357443e-05  -3.6545517e-05  -3.6445927e-05  -1.9728191e-04
  -3.0380316e-05  -3.6638724e-05  -3.6538027e-05  -1.9768241e-04
  -3.0402750e-05  -3.6731084e-05  -3.6629285e-05  -1.9807884e-04
  -3.0424746e-05  -3.6822600e-05  -3.6719706e-05  -1.9847121e-04
  -3.0446306e-05  -3.6913275e-05  -3.6809293e-05  -1.9885953e-04
  -3.0467433e-05  -3.7003112e-05  -3.6898048e-05  -1.9924382e-04
  -3.0488127e-05  -3.7092114e-05  -3.6985975e-05  -1.9962410e-04
  -3.0508390e-05  -3.7180285e-05  -3.7073076e-05  -2.0000038e-04
  -3.0528226e-05  -3.7267627e-05  -3.7159355e-05  -2.0037267e-04
  -3.0547634e-05  -3.7354143e-05  -3.7244815e-05  -2.0074100e-04
  -3.0566618e-05  -3.7439837e-05  -3.7329459e-05  -2.0110537e-04
  -3.0585179e-05  -3.7524712e-05  -3.7413289e-05  -2.0146580e-04
  -3.0603320e-05  -3.7608770e-05  -3.7496310e-05  -2.0182231e-04
  -3.0621040e-05  -3.7692015e-05  -3.7578523e-05  -2.0217491e-04
  -3.0638344e-05  -3.7774449e-05  -3.7659932e-05  -2.0252362e-04
  -3.0655232e-05  -3.7856076e-05  -3.7740539e-05  -2.0286845e-04
  -3.0671706e-05  -3.7936899e-05  -3.7820349e-05  -2.0320942e-04
  -3.0687768e-05  -3.8016920e-05  -3.7899363e-05  -2.0354654e-04
  -3.0703420e-05  -3.8096143e-05  -3.7977586e-05  -2.0387982e-04
  -3.0718664e-05  -3.8174571e-05  -3.8055019e-05  -2.0420929e-04
  -3.0733502e-05  -3.8252206e-05  -3.8131665e-05  -2.0453495e-04
  -3.0747934e-05  -3.8329052e-05  -3.8207529e-05  -2.0485683e-04
  -3.0761964e-05  -3.8405112e-05  -3.8282612e-05  -2.0517493e-04
  -3.0775593e-05  -3.8480388e-05  -3.8356918e-05  -2.0548927e-04
  -3.0788823e-05  -3.8554884e-05  -3.8430449e-05  -2.0579986e-04
  -3.0801655e-05  -3.8628602e-05  -3.8503209e-05  -2.0610673e-04
  -3.0814091e-05  -3.8701545e-05  -3.8575200e-05  -2.0640988e-04
  -3.0826133e-05  -3.8773718e-05  -3.8646426e-05  -2.0670933e-04
  -3.0837783e-05  -3.8845121e-05  -3.8716889e-05  -2.0700510e-04
  -3.0849043e-05  -3.8915759e-05  -3.8786593e-05  -2.0729719e-04
  -3.0859914e-05  -3.8985634e-05  -3.8855539e-05  -2.0758563e-04
  -3.0870398e-05  -3.9054749e-05  -3.8923731e-05  -2.0787042e-04
  -3.0880497e-05  -3.9123107e-05  -3.8991173e-05  -2.0815159e-04
  -3.0890213e-05  -3.9190712e-05  -3.9057866e-05  -2.0842914e-04
  -3.0899547e-05  -3.9257565e-05  -3.9123814e-05  -2.0870310e-04
  -3.0908501e-05  -3.9323670e-05  -3.9189020e-05  -2.0897347e-04
  -3.0917077e-05  -3.9389029e-05  -3.9253486e-05  -2.0924027e-04
  -3.0925276e-05  -3.9453647e-05  -3.9317216e-05  -2.0950352e-04
  -3.0933101e-05  -3.9517524e-05  -3.9380211e-05  -2.0976322e-04
  -3.0940553e-05  -3.9580666e-05  -3.9442476e-05  -2.1001940e-04
  -3.0947634e-05  -3.9643073e-05  -3.9504013e-05  -2.1027207e-04
  -3.0954345e-05  -3.9704749e-05  -3.9564825e-05  -2.1052123e-04
  -3.0960688e-05  -3.9765698e-05  -3.9624914e-05  -2.1076691e-04
  -3.0966665e-05  -3.9825921e-05  -3.9684284e-05  -2.1100913e-04
  -3.0972278e-05  -3.9885422e-05  -3.9742937e-05  -2.1124788e-04
  -3.0977528e-05  -3.9944203e-05  -3.9800876e-05  -2.1148320e-04
  -3.0982417e-05  -4.0002268e-05  -3.9858104e-05  -2.1171508e-04
  -3.0986946e-05  -4.0059619e-05  -3.9914624e-05  -2.1194356e-04
  -3.0991118e-05  -4.0116258e-05  -3.9970439e-05  -2.1216863e-04
  -3.0994934e-05  -4.0172190e-05  -4.0025551e-05  -2.1239031e-04
  -3.0998396e-05  -4.0227416e-05  -4.0079963e-05  -2.1260863e-04
  -3.1001505e-05  -4.0281940e-05  -4.0133678e-05  -2.1282359e-04
  -3.1004263e-05  -4.0335764e-05  -4.0186699e-05  -2.1303520e-04
  -3.1006672e-05  -4.0388891e-05  -4.0239028e-05  -2.1324348e-04
  -3.1008733e-05  -4.0441324e-05  -4.0290668e-05  -2.1344845e-04
  -3.1010448e-05  -4.0493065e-05  -4.0341623e-05  -2.1365011e-04
  -3.1011819e-05  -4.0544118e-05  -4.0391895e-05  -2.1384849e-04
  -3.1012847e-05  -4.0594485e-05  -4.0441486e-05  -2.1404359e-04
  -3.1013535e-05  -4.0644169e-05  -4.0490399e-05  -2.1423542e-04
  -3.1013882e-05  -4.0693172e-05  -4.0538638e-05  -2.1442401e-04
  -3.1013893e-05  -4.0741498e-05  -4.0586204e-05  -2.1460937e-04
  -3.1013566e-05  -4.0789150e-05  -4.0633101e-05  -2.1479151e-04
  -3.1012906e-05  -4.0836129e-05  -4.0679331e-05  -2.1497043e-04
  -3.1011913e-05  -4.0882438e-05  -4.0724897e-05  -2.1514617e-04
  -3.1010588e-05  -4.0928081e-05  -4.0769801e-05  -2.1531872e-04
  -3.1008934e-05  -4.0973061e-05  -4.0814048e-05  -2.1548811e-04
  -3.1006951e-05  -4.1017379e-05  -4.0857638e-05  -2.1565435e-04
  -3.1004643e-05  -4.1061038e-05  -4.0900575e-05  -2.1581745e-04
  -3.1002009e-05  -4.1104042e-05  -4.0942861e-05  -2.1597742e-04
  -3.0999052e-05  -4.1146393e-05  -4.0984500e-05  -2.1613427e-04
  -3.0995774e-05  -4.1188094e-05  -4.1025493e-05  -2.1628803e-04
  -3.0992175e-05  -4.1229146e-05  -4.1065844e-05  -2.1643871e-04
  -3.0988258e-05  -4.1269554e-05  -4.1105556e-05  -2.1658630e-04
  -3.0984025e-05  -4.1309320e-05  -4.1144630e-05  -2.1673084e-04
  -3.0979476e-05  -4.1348446e-05  -4.1183069e-05  -2.1687234e-04
  -3.0974613e-05  -4.1386935e-05  -4.1220877e-05  -2.1701080e-04
  -3.0969438e-05  -4.1424789e-05  -4.1258055e-05  -2.1714624e-04
  -3.0963952e-05  -4.1462012e-05  -4.1294607e-05  -2.1727867e-04
  -3.0958157e-05  -4.1498606e-05  -4.1330535e-05  -2.1740811e-04
  -3.0952055e-05  -4.1534574e-05  -4.1365841e-05  -2.1753457e-04
  -3.0945647e-05  -4.1569917e-05  -4.1400529e-05  -2.1765806e-04
  -3.0938935e-05  -4.1604640e-05  -4.1434601e-05  -2.1777859e-04
  -3.0931920e-05  -4.1638744e-05  -4.1468059e-05  -2.1789619e-04
  -3.0924603e-05  -4.1672233e-05  -4.1500906e-05  -2.1801085e-04
  -3.0916986e-05  -4.1705108e-05  -4.1533145e-05  -2.1812260e-04
  -3.0909072e-05  -4.1737372e-05  -4.1564778e-05  -2.1823145e-04
  -3.0900860e-05  -4.1769028e-05  -4.1595808e-05  -2.1833740e-04
  -3.0892354e-05  -4.1800079e-05  -4.1626238e-05  -2.1844048e-04
  -3.0883554e-05  -4.1830527e-05  -4.1656069e-05  -2.1854069e-04
  -3.0874461e-05  -4.1860375e-05  -4.1685305e-05  -2.1863805e-04
  -3.0865078e-05  -4.1889625e-05  -4.1713949e-05  -2.1873257e-04
  -3.0855406e-05  -4.1918280e-05  -4.1742002e-05  -2.1882427e-04
  -3.0845446e-05  -4.1946342e-05  -4.1769467e-05  -2.1891315e-04
  -3.0835200e-05  -4.1973814e-05  -4.1796347e-05  -2.1899923e-04
  -3.0824669e-05  -4.2000699e-05  -4.1822644e-05  -2.1908252e-04
  -3.0813856e-05  -4.2026999e-05  -4.1848361e-05  -2.1916304e-04
  -3.0802760e-05  -4.2052716e-05  -4.1873500e-05  -2.1924079e-04
  -3.0791384e-05  -4.2077854e-05  -4.1898064e-05  -2.1931579e-04
  -3.0779730e-05  -4.2102414e-05  -4.1922056e-05  -2.1938805e-04
  -3.0767798e-05  -4.2126399e-05  -4.1945478e-05  -2.1945758e-04
  -3.0755590e-05  -4.2149812e-05  -4.1968332e-05  -2.1952440e-04
  -3.0743109e-05  -4.2172656e-05  -4.1990620e-05  -2.1958852e-04
  -3.0730354e-05  -4.2194932e-05  -4.2012346e-05  -2.1964995e-04
  -3.0717328e-05  -4.2216643e-05  -4.2033512e-05  -2.1970871e-04
  -3.0704032e-05  -4.2237792e-05  -4.2054121e-05  -2.1976480e-04
  -3.0690467e-05  -4.2258381e-05  -4.2074174e-05  -2.1981824e-04
  -3.0676635e-05  -4.2278413e-05  -4.2093674e-05  -2.1986903e-04
  -3.0662538e-05  -4.2297890e-05  -4.2112624e-05  -2.1991720e-04
  -3.0648176e-05  -4.2316814e-05  -4.2131027e-05  -2.1996276e-04
  -3.0633552e-05  -4.2335189e-05  -4.2148883e-05  -2.2000571e-04
  -3.0618666e-05  -4.2353016e-05  -4.2166197e-05  -2.2004607e-04
  -3.0603521e-05  -4.2370298e-05  -4.2182971e-05  -2.2008384e-04
  -3.0588117e-05  -4.2387038e-05  -4.2199206e-05  -2.2011906e-04
  -3.0572456e-05  -4.2403237e-05  -4.2214906e-05  -2.2015171e-04
  -3.0556539e-05  -4.2418899e-05  -4.2230072e-05  -2.2018183e-04
  -3.0540368e-05  -4.2434025e-05  -4.2244707e-05  -2.2020941e-04
  -3.0523944e-05  -4.2448619e-05  -4.2258815e-05  -2.2023447e-04
  -3.0507269e-05  -4.2462682e-05  -4.2272396e-05  -2.2025703e-04
  -3.0490343e-05  -4.2476217e-05  -4.2285453e-05  -2.2027709e-04
  -3.0473169e-05  -4.2489226e-05  -4.2297989e-05  -2.2029467e-04
  -3.0455748e-05  -4.2501713e-05  -4.2310006e-05  -2.2030977e-04
  -3.0438080e-05  -4.2513678e-05  -4.2321507e-05  -2.2032241e-04
  -3.0420169e-05  -4.2525125e-05  -4.2332494e-05  -2.2033261e-04
  -3.0402014e-05  -4.2536056e-05  -4.2342969e-05  -2.2034037e-04
  -3.0383617e-05  -4.2546473e-05  -4.2352934e-05  -2.2034570e-04
  -3.0364980e-05  -4.2556379e-05  -4.2362393e-05  -2.2034862e-04
  -3.0346103e-05  -4.2565775e-05  -4.2371346e-05  -2.2034914e-04
  -3.0326990e-05  -4.2574666e-05  -4.2379798e-05  -2.2034727e-04
  -3.0307639e-05  -4.2583052e-05  -4.2387749e-05  -2.2034302e-04
  -3.0288054e-05  -4.2590936e-05  -4.2395202e-05  -2.2033640e-04
  -3.0268235e-05  -4.2598320e-05  -4.2402161e-05  -2.2032743e-04
  -3.0248184e-05  -4.2605207e-05  -4.2408626e-05  -2.2031611e-04
  -3.0227902e-05  -4.2611599e-05  -4.2414600e-05  -2.2030246e-04
  -3.0207390e-05  -4.2617499e-05  -4.2420086e-05  -2.2028649e-04
  -3.0186650e-05  -4.2622908e-05  -4.2425086e-05  -2.2026820e-04
  -3.0165683e-05  -4.2627830e-05  -4.2429601e-05  -2.2024762e-04
  -3.0144490e-05  -4.2632265e-05  -4.2433636e-05  -2.2022476e-04
  -3.0123073e-05  -4.2636218e-05  -4.2437191e-05  -2.2019961e-04
  -3.0101433e-05  -4.2639689e-05  -4.2440269e-05  -2.2017220e-04
  -3.0079572e-05  -4.2642681e-05  -4.2442872e-05  -2.2014254e-04
  -3.0057490e-05  -4.2645197e-05  -4.2445003e-05  -2.2011064e-04
  -3.0035188e-05  -4.2647239e-05  -4.2446663e-05  -2.2007650e-04
  -3.0012669e-05  -4.2648808e-05  -4.2447856e-05  -2.2004015e-04
  -2.9989934e-05  -4.2649908e-05  -4.2448582e-05  -2.2000159e-04
  -2.9966983e-05  -4.2650541e-05  -4.2448846e-05  -2.1996082e-04
  -2.9943819e-05  -4.2650708e-05  -4.2448648e-05  -2.1991788e-04
  -2.9920442e-05  -4.2650412e-05  -4.2447991e-05  -2.1987275e-04
  -2.9896853e-05  -4.2649655e-05  -4.2446877e-05  -2.1982546e-04
  -2.9873055e-05  -4.2648440e-05  -4.2445309e-05  -2.1977602e-04
  -2.9849047e-05  -4.2646769e-05  -4.2443288e-05  -2.1972444e-04
  -2.9824832e-05  -4.2644644e-05  -4.2440817e-05  -2.1967072e-04
  -2.9800411e-05  -4.2642066e-05  -4.2437898e-05  -2.1961488e-04
  -2.9775785e-05  -4.2639040e-05  -4.2434534e-05  -2.1955693e-04
  -2.9750955e-05  -4.2635565e-05  -4.2430725e-05  -2.1949688e-04
  -2.9725922e-05  -4.2631646e-05  -4.2426476e-05  -2.1943475e-04
  -2.9700689e-05  -4.2627283e-05  -4.2421787e-05  -2.1937053e-04
  -2.9675255e-05  -4.2622480e-05  -4.2416661e-05  -2.1930425e-04
  -2.9649623e-05  -4.2617238e-05  -4.2411100e-05  -2.1923592e-04
  -2.9623793e-05  -4.2611559e-05  -4.2405107e-05  -2.1916553e-04
  -2.9597766e-05  -4.2605446e-05  -4.2398683e-05  -2.1909311e-04
  -2.9571545e-05  -4.2598901e-05  -4.2391830e-05  -2.1901867e-04
  -2.9545130e-05  -4.2591926e-05  -4.2384552e-05  -2.1894221e-04
  -2.9518522e-05  -4.2584523e-05  -4.2376849e-05  -2.1886375e-04
  -2.9491723e-05  -4.2576695e-05  -4.2368724e-05  -2.1878330e-04
  -2.9464734e-05  -4.2568443e-05  -4.2360179e-05  -2.1870087e-04
  -2.9437555e-05  -4.2559769e-05  -4.2351217e-05  -2.1861646e-04
  -2.9410189e-05  -4.2550676e-05  -4.2341838e-05  -2.1853009e-04
  -2.9382637e-05  -4.2541166e-05  -4.2332047e-05  -2.1844177e-04
  -2.9354899e-05  -4.2531241e-05  -4.2321844e-05  -2.1835151e-04
  -2.9326976e-05  -4.2520903e-05  -4.2311231e-05  -2.1825932e-04
  -2.9298871e-05  -4.2510154e-05  -4.2300211e-05  -2.1816521e-04
  -2.9270584e-05  -4.2498996e-05  -4.2288786e-05  -2.1806919e-04
  -2.9242117e-05  -4.2487432e-05  -4.2276958e-05  -2.1797127e-04
  -2.9213470e-05  -4.2475463e-05  -4.2264729e-05  -2.1787147e-04
  -2.9184645e-05  -4.2463091e-05  -4.2252102e-05  -2.1776978e-04
  -2.9155643e-05  -4.2450319e-05  -4.2239077e-05  -2.1766622e-04
  -2.9126464e-05  -4.2437149e-05  -4.2225657e-05  -2.1756081e-04
  -2.9097112e-05  -4.2423583e-05  -4.2211845e-05  -2.1745354e-04
  -2.9067585e-05  -4.2409622e-05  -4.2197642e-05  -2.1734444e-04
  -2.9037886e-05  -4.2395270e-05  -4.2183050e-05  -2.1723351e-04
  -2.9008016e-05  -4.2380527e-05  -4.2168071e-05  -2.1712076e-04
  -2.8977976e-05  -4.2365396e-05  -4.2152708e-05  -2.1700621e-04
  -2.8947767e-05  -4.2349879e-05  -4.2136963e-05  -2.1688985e-04
  -2.8917390e-05  -4.2333978e-05  -4.2120836e-05  -2.1677171e-04
  -2.8886846e-05  -4.2317695e-05  -4.2104331e-05  -2.1665179e-04
  -2.8856137e-05  -4.2301032e-05  -4.2087450e-05  -2.1653010e-04
  -2.8825263e-05  -4.2283992e-05  -4.2070194e-05  -2.1640665e-04
  -2.8794226e-05  -4.2266575e-05  -4.2052566e-05  -2.1628145e-04
  -2.8763027e-05  -4.2248784e-05  -4.2034567e-05  -2.1615451e-04
  -2.8731667e-05  -4.2230622e-05  -4.2016199e-05  -2.1602584e-04
  -2.8700147e-05  -4.2212089e-05  -4.1997465e-05  -2.1589546e-04
  -2.8668468e-05  -4.2193189e-05  -4.1978366e-05  -2.1576336e-04
  -2.8636632e-05  -4.2173923e-05  -4.1958904e-05  -2.1562956e-04
  -2.8604638e-05  -4.2154293e-05  -4.1939082e-05  -2.1549407e-04
  -2.8572490e-05  -4.2134300e-05  -4.1918901e-05  -2.1535691e-04
  -2.8540187e-05  -4.2113948e-05  -4.1898363e-05  -2.1521807e-04
  -2.8507731e-05  -4.2093238e-05  -4.1877471e-05  -2.1507757e-04
  -2.8475122e-05  -4.2072171e-05  -4.1856225e-05  -2.1493541e-04
  -2.8442362e-05  -4.2050750e-05  -4.1834629e-05  -2.1479162e-04
  -2.8409453e-05  -4.2028977e-05  -4.1812683e-05  -2.1464619e-04
  -2.8376394e-05  -4.2006854e-05  -4.1790390e-05  -2.1449913e-04
  -2.8343188e-05  -4.1984383e-05  -4.1767752e-05  -2.1435047e-04
  -2.8309834e-05  -4.1961565e-05  -4.1744771e-05  -2.1420019e-04
  -2.8276335e-05  -4.1938402e-05  -4.1721449e-05  -2.1404832e-04
  -2.8242692e-05  -4.1914897e-05  -4.1697787e-05  -2.1389487e-04
  -2.8208904e-05  -4.1891051e-05  -4.1673787e-05  -2.1373984e-04
  -2.8174975e-05  -4.1866866e-05  -4.1649452e-05  -2.1358324e-04
  -2.8140903e-05  -4.1842345e-05  -4.1624782e-05  -2.1342508e-04
  -2.8106692e-05  -4.1817488e-05  -4.1599781e-05  -2.1326538e-04
  -2.8072341e-05  -4.1792298e-05  -4.1574450e-05  -2.1310413e-04
  -2.8037851e-05  -4.1766777e-05  -4.1548791e-05  -2.1294136e-04
  -2.8003225e-05  -4.1740927e-05  -4.1522805e-05  -2.1277706e-04
  -2.7968462e-05  -4.1714749e-05  -4.1496495e-05  -2.1261125e-04
  -2.7933563e-05  -4.1688246e-05  -4.1469862e-05  -2.1244393e-04
  -2.7898531e-05  -4.1661418e-05  -4.1442908e-05  -2.1227513e-04
  -2.7863366e-05  -4.1634269e-05  -4.1415636e-05  -2.1210483e-04
  -2.7828068e-05  -4.1606800e-05  -4.1388046e-05  -2.1193306e-04
  -2.7792639e-05  -4.1579013e-05  -4.1360141e-05  -2.1175983e-04
  -2.7757080e-05  -4.1550909e-05  -4.1331923e-05  -2.1158513e-04
  -2.7721392e-05  -4.1522490e-05  -4.1303393e-05  -2.1140899e-04
  -2.7685576e-05  -4.1493759e-05  -4.1274553e-05  -2.1123141e-04
  -2.7649633e-05  -4.1464717e-05  -4.1245405e-05  -2.1105239e-04
  -2.7613564e-05  -4.1435366e-05  -4.1215951e-05  -2.1087195e-04
  -2.7577370e-05  -4.1405708e-05  -4.1186193e-05  -2.1069010e-04
  -2.7541051e-05  -4.1375744e-05  -4.1156132e-05  -2.1050684e-04
  -2.7504610e-05  -4.1345476e-05  -4.1125770e-05  -2.1032219e-04
  -2.7468046e-05  -4.1314907e-05  -4.1095109e-05  -2.1013615e-04
  -2.7431362e-05  -4.1284037e-05  -4.1064151e-05  -2.0994873e-04
  -2.7394557e-05  -4.1252870e-05  -4.1032897e-05  -2.0975994e-04
  -2.7357633e-05  -4.1221405e-05  -4.1001350e-05  -2.0956979e-04
  -2.7320591e-05  -4.1189646e-05  -4.0969510e-05  -2.0937828e-04
  -2.7283432e-05  -4.1157594e-05  -4.0937381e-05  -2.0918544e-04
  -2.7246157e-05  -4.1125251e-05  -4.0904962e-05  -2.0899125e-04
  -2.7208766e-05  -4.1092618e-05  -4.0872258e-05  -2.0879574e-04
  -2.7171261e-05  -4.1059697e-05  -4.0839268e-05  -2.0859891e-04
  -2.7133642e-05  -4.1026491e-05  -4.0805995e-05  -2.0840077e-04
  -2.7095912e-05  -4.0993000e-05  -4.0772440e-05  -2.0820133e-04
  -2.7058070e-05  -4.0959227e-05  -4.0738606e-05  -2.0800060e-04
  -2.7020117e-05  -4.0925173e-05  -4.0704494e-05  -2.0779858e-04
  -2.6982055e-05  -4.0890840e-05  -4.0670105e-05  -2.0759528e-04
  -2.6943884e-05  -4.0856229e-05  -4.0635441e-05  -2.0739072e-04
  -2.6905605e-05  -4.0821343e-05  -4.0600505e-05  -2.0718490e-04
  -2.6867220e-05  -4.0786184e-05  -4.0565297e-05  -2.0697782e-04
  -2.6828729e-05  -4.0750751e-05  -4.0529820e-05  -2.0676951e-04
  -2.6790133e-05  -4.0715049e-05  -4.0494075e-05  -2.0655996e-04
  -2.6751434e-05  -4.0679078e-05  -4.0458063e-05  -2.0634918e-04
  -2.6712631e-05  -4.0642839e-05  -4.0421787e-05  -2.0613718e-04
  -2.6673726e-05  -4.0606335e-05  -4.0385249e-05  -2.0592397e-04
  -2.6634720e-05  -4.0569567e-05  -4.0348449e-05  -2.0570957e-04
  -2.6595613e-05  -4.0532538e-05  -4.0311389e-05  -2.0549396e-04
  -2.6556407e-05  -4.0495247e-05  -4.0274072e-05  -2.0527718e-04
  -2.6517103e-05  -4.0457698e-05  -4.0236498e-05  -2.0505921e-04
  -2.6477701e-05  -4.0419892e-05  -4.0198670e-05  -2.0484007e-04
  -2.6438203e-05  -4.0381831e-05  -4.0160589e-05  -2.0461978e-04
  -2.6398609e-05  -4.0343515e-05  -4.0122256e-05  -2.0439833e-04
  -2.6358919e-05  -4.0304948e-05  -4.0083674e-05  -2.0417573e-04
  -2.6319136e-05  -4.0266130e-05  -4.0044844e-05  -2.0395200e-04
  -2.6279260e-05  -4.0227063e-05  -4.0005767e-05  -2.0372713e-04
  -2.6239292e-05  -4.0187749e-05  -3.9966446e-05  -2.0350115e-04
  -2.6199232e-05  -4.0148189e-05  -3.9926881e-05  -2.0327405e-04
  -2.6159082e-05  -4.0108385e-05  -3.9887075e-05  -2.0304584e-04
  -2.6118842e-05  -4.0068339e-05  -3.9847029e-05  -2.0281654e-04
  -2.6078513e-05  -4.0028052e-05  -3.9806744e-05  -2.0258614e-04
  -2.6038097e-05  -3.9987525e-05  -3.9766222e-05  -2.0235467e-04
  -2.5997593e-05  -3.9946761e-05  -3.9725465e-05  -2.0212211e-04
  -2.5957003e-05  -3.9905761e-05  -3.9684475e-05  -2.0188849e-04
  -2.5916328e-05  -3.9864527e-05  -3.9643252e-05  -2.0165381e-04
  -2.5875569e-05  -3.9823059e-05  -3.9601799e-05  -2.0141808e-04
  -2.5834726e-05  -3.9781361e-05  -3.9560117e-05  -2.0118131e-04
  -2.5793800e-05  -3.9739432e-05  -3.9518207e-05  -2.0094349e-04
  -2.5752793e-05  -3.9697275e-05  -3.9476072e-05  -2.0070465e-04
  -2.5711704e-05  -3.9654892e-05  -3.9433712e-05  -2.0046479e-04
  -2.5670535e-05  -3.9612284e-05  -3.9391129e-05  -2.0022391e-04
  -2.5629287e-05  -3.9569452e-05  -3.9348326e-05  -1.9998203e-04
  -2.5587960e-05  -3.9526398e-05  -3.9305302e-05  -1.9973914e-04
  -2.5546556e-05  -3.9483124e-05  -3.9262060e-05  -1.9949527e-04
  -2.5505074e-05  -3.9439631e-05  -3.9218602e-05  -1.9925041e-04
  -2.5463517e-05  -3.9395921e-05  -3.9174929e-05  -1.9900457e-04
  -2.5421884e-05  -3.9351994e-05  -3.9131041e-05  -1.9875777e-04
  -2.5380177e-05  -3.9307854e-05  -3.9086942e-05  -1.9851000e-04
  -2.5338396e-05  -3.9263500e-05  -3.9042632e-05  -1.9826128e-04
  -2.5296542e-05  -3.9218935e-05  -3.8998113e-05  -1.9801161e-04
  -2.5254616e-05  -3.9174161e-05  -3.8953387e-05  -1.9776100e-04
  -2.5212619e-05  -3.9129178e-05  -3.8908454e-05  -1.9750945e-04
  -2.5170552e-05  -3.9083988e-05  -3.8863317e-05  -1.9725698e-04
  -2.5128415e-05  -3.9038593e-05  -3.8817976e-05  -1.9700360e-04
  -2.5086209e-05  -3.8992994e-05  -3.8772434e-05  -1.9674930e-04
  -2.5043935e-05  -3.8947193e-05  -3.8726691e-05  -1.9649410e-04
  -2.5001593e-05  -3.8901191e-05  -3.8680750e-05  -1.9623800e-04
  -2.4959186e-05  -3.8854989e-05  -3.8634611e-05  -1.9598101e-04
  -2.4916712e-05  -3.8808590e-05  -3.8588276e-05  -1.9572313e-04
  -2.4874174e-05  -3.8761994e-05  -3.8541747e-05  -1.9546439e-04
  -2.4831572e-05  -3.8715203e-05  -3.8495025e-05  -1.9520477e-04
  -2.4788906e-05  -3.8668218e-05  -3.8448112e-05  -1.9494429e-04
  -2.4746177e-05  -3.8621041e-05  -3.8401008e-05  -1.9468296e-04
  -2.4703387e-05  -3.8573674e-05  -3.8353716e-05  -1.9442078e-04
  -2.4660536e-05  -3.8526117e-05  -3.8306236e-05  -1.9415775e-04
  -2.4617624e-05  -3.8478372e-05  -3.8258571e-05  -1.9389390e-04
  -2.4574653e-05  -3.8430441e-05  -3.8210721e-05  -1.9362922e-04
  -2.4531623e-05  -3.8382325e-05  -3.8162688e-05  -1.9336371e-04
  -2.4488534e-05  -3.8334026e-05  -3.8114474e-05  -1.9309740e-04
  -2.4445389e-05  -3.8285544e-05  -3.8066079e-05  -1.9283027e-04
  -2.4402187e-05  -3.8236881e-05  -3.8017506e-05  -1.9256235e-04
  -2.4358929e-05  -3.8188039e-05  -3.7968755e-05  -1.9229363e-04
  -2.4315616e-05  -3.8139019e-05  -3.7919828e-05  -1.9202413e-04
  -2.4272249e-05  -3.8089823e-05  -3.7870726e-05  -1.9175385e-04
  -2.4228828e-05  -3.8040451e-05  -3.7821451e-05  -1.9148280e-04
  -2.4185354e-05  -3.7990905e-05  -3.7772004e-05  -1.9121098e-04
  -2.4141828e-05  -3.7941187e-05  -3.7722387e-05  -1.9093840e-04
  -2.4098251e-05  -3.7891298e-05  -3.7672600e-05  -1.9066506e-04
  -2.4054623e-05  -3.7841239e-05  -3.7622646e-05  -1.9039098e-04
  -2.4010944e-05  -3.7791012e-05  -3.7572525e-05  -1.9011616e-04
  -2.3967217e-05  -3.7740618e-05  -3.7522239e-05  -1.8984061e-04
  -2.3923441e-05  -3.7690058e-05  -3.7471789e-05  -1.8956433e-04
  -2.3879617e-05  -3.7639334e-05  -3.7421177e-05  -1.8928733e-04
  -2.3835746e-05  -3.7588447e-05  -3.7370403e-05  -1.8900962e-04
  -2.3791829e-05  -3.7537398e-05  -3.7319470e-05  -1.8873120e-04
  -2.3747865e-05  -3.7486189e-05  -3.7268378e-05  -1.8845208e-04
  -2.3703857e-05  -3.7434821e-05  -3.7217130e-05  -1.8817226e-04
  -2.3659804e-05  -3.7383296e-05  -3.7165725e-05  -1.8789176e-04
  -2.3615708e-05  -3.7331614e-05  -3.7114166e-05  -1.8761058e-04
  -2.3571568e-05  -3.7279777e-05  -3.7062453e-05  -1.8732872e-04
  -2.3527387e-05  -3.7227787e-05  -3.7010589e-05  -1.8704619e-04
  -2.3483164e-05  -3.7175644e-05  -3.6958574e-05  -1.8676300e-04
  -2.3438899e-05  -3.7123350e-05  -3.6906409e-05  -1.8647915e-04
  -2.3394595e-05  -3.7070906e-05  -3.6854097e-05  -1.8619465e-04
  -2.3350251e-05  -3.7018314e-05  -3.6801638e-05  -1.8590951e-04
  -2.3305868e-05  -3.6965575e-05  -3.6749033e-05  -1.8562373e-04
  -2.3261447e-05  -3.6912689e-05  -3.6696284e-05  -1.8533732e-04
  -2.3216988e-05  -3.6859659e-05  -3.6643393e-05  -1.8505028e-04
  -2.3172492e-05  -3.6806486e-05  -3.6590359e-05  -1.8476262e-04
  -2.3127960e-05  -3.6753171e-05  -3.6537185e-05  -1.8447435e-04
  -2.3083392e-05  -3.6699715e-05  -3.6483872e-05  -1.8418548e-04
  -2.3038790e-05  -3.6646119e-05  -3.6430421e-05  -1.8389600e-04
  -2.2994153e-05  -3.6592385e-05  -3.6376833e-05  -1.8360593e-04
  -2.2949483e-05  -3.6538513e-05  -3.6323110e-05  -1.8331526e-04
  -2.2904779e-05  -3.6484506e-05  -3.6269253e-05  -1.8302402e-04
  -2.2860043e-05  -3.6430365e-05  -3.6215262e-05  -1.8273220e-04
  -2.2815276e-05  -3.6376090e-05  -3.6161140e-05  -1.8243980e-04
  -2.2770477e-05  -3.6321683e-05  -3.6106888e-05  -1.8214685e-04
  -2.2725648e-05  -3.6267145e-05  -3.6052506e-05  -1.8185333e-04
  -2.2680789e-05  -3.6212477e-05  -3.5997996e-05  -1.8155926e-04
  -2.2635901e-05  -3.6157681e-05  -3.5943359e-05  -1.8126464e-04
  -2.2590985e-05  -3.6102758e-05  -3.5888596e-05  -1.8096948e-04
  -2.2546040e-05  -3.6047708e-05  -3.5833709e-05  -1.8067379e-04
  -2.2501069e-05  -3.5992534e-05  -3.5778699e-05  -1.8037756e-04
  -2.2456070e-05  -3.5937236e-05  -3.5723566e-05  -1.8008081e-04
  -2.2411046e-05  -3.5881816e-05  -3.5668313e-05  -1.7978354e-04
  -2.2365996e-05  -3.5826275e-05  -3.5612940e-05  -1.7948576e-04
  -2.2320921e-05  -3.5770613e-05  -3.5557448e-05  -1.7918747e-04
  -2.2275822e-05  -3.5714833e-05  -3.5501840e-05  -1.7888868e-04
  -2.2230699e-05  -3.5658935e-05  -3.5446114e-05  -1.7858940e-04
  -2.2185553e-05  -3.5602921e-05  -3.5390274e-05  -1.7828962e-04
  -2.2140385e-05  -3.5546791e-05  -3.5334320e-05  -1.7798936e-04
  -2.2095195e-05  -3.5490547e-05  -3.5278253e-05  -1.7768862e-04
  -2.2049984e-05  -3.5434190e-05  -3.5222075e-05  -1.7738741e-04
  -2.2004752e-05  -3.5377721e-05  -3.5165786e-05  -1.7708573e-04
  -2.1959500e-05  -3.5321141e-05  -3.5109388e-05  -1.7678358e-04
  -2.1914229e-05  -3.5264452e-05  -3.5052882e-05  -1.7648099e-04
  -2.1868939e-05  -3.5207655e-05  -3.4996269e-05  -1.7617793e-04
  -2.1823630e-05  -3.5150750e-05  -3.4939550e-05  -1.7587444e-04
  -2.1778304e-05  -3.5093739e-05  -3.4882726e-05  -1.7557050e-04
  -2.1732961e-05  -3.5036623e-05  -3.4825798e-05  -1.7526613e-04
  -2.1687601e-05  -3.4979403e-05  -3.4768769e-05  -1.7496133e-04
  -2.1642225e-05  -3.4922080e-05  -3.4711637e-05  -1.7465610e-04
  -2.1596833e-05  -3.4864656e-05  -3.4654406e-05  -1.7435046e-04
  -2.1551427e-05  -3.4807131e-05  -3.4597075e-05  -1.7404440e-04
  -2.1506007e-05  -3.4749507e-05  -3.4539646e-05  -1.7373793e-04
  -2.1460572e-05  -3.4691785e-05  -3.4482120e-05  -1.7343106e-04
  -2.1415125e-05  -3.4633965e-05  -3.4424498e-05  -1.7312380e-04
  -2.1369665e-05  -3.4576049e-05  -3.4366782e-05  -1.7281614e-04
  -2.1324193e-05  -3.4518038e-05  -3.4308971e-05  -1.7250809e-04
  -2.1278709e-05  -3.4459933e-05  -3.4251068e-05  -1.7219966e-04
  -2.1233215e-05  -3.4401736e-05  -3.4193074e-05  -1.7189086e-04
  -2.1187710e-05  -3.4343446e-05  -3.4134989e-05  -1.7158168e-04
  -2.1142195e-05  -3.4285066e-05  -3.4076814e-05  -1.7127214e-04
  -2.1096671e-05  -3.4226596e-05  -3.4018552e-05  -1.7096223e-04
  -2.1051138e-05  -3.4168038e-05  -3.3960202e-05  -1.7065197e-04
  -2.1005596e-05  -3.4109392e-05  -3.3901765e-05  -1.7034136e-04
  -2.0960047e-05  -3.4050660e-05  -3.3843244e-05  -1.7003040e-04
  -2.0914491e-05  -3.3991842e-05  -3.3784638e-05  -1.6971910e-04
  -2.0868928e-05  -3.3932940e-05  -3.3725949e-05  -1.6940747e-04
  -2.0823359e-05  -3.3873955e-05  -3.3667178e-05  -1.6909550e-04
  -2.0777785e-05  -3.3814887e-05  -3.3608326e-05  -1.6878321e-04
  -2.0732205e-05  -3.3755738e-05  -3.3549394e-05  -1.6847060e-04
  -2.0686621e-05  -3.3696509e-05  -3.3490383e-05  -1.6815767e-04
  -2.0641032e-05  -3.3637201e-05  -3.3431294e-05  -1.6784443e-04
  -2.0595441e-05  -3.3577815e-05  -3.3372128e-05  -1.6753088e-04
  -2.0549846e-05  -3.3518351e-05  -3.3312886e-05  -1.6721703e-04
  -2.0504248e-05  -3.3458812e-05  -3.3253569e-05  -1.6690289e-04
  -2.0458649e-05  -3.3399197e-05  -3.3194178e-05  -1.6658845e-04
  -2.0413048e-05  -3.3339508e-05  -3.3134715e-05  -1.6627373e-04
  -2.0367446e-05  -3.3279747e-05  -3.3075179e-05  -1.6595872e-04
  -2.0321843e-05  -3.3219913e-05  -3.3015572e-05  -1.6564344e-04
  -2.0276240e-05  -3.3160008e-05  -3.2955896e-05  -1.6532788e-04
  -2.0230638e-05  -3.3100033e-05  -3.2896150e-05  -1.6501206e-04
  -2.0185037e-05  -3.3039989e-05  -3.2836337e-05  -1.6469597e-04
  -2.0139438e-05  -3.2979877e-05  -3.2776456e-05  -1.6437963e-04
  -2.0093840e-05  -3.2919697e-05  -3.2716510e-05  -1.6406303e-04
  -2.0048244e-05  -3.2859452e-05  -3.2656498e-05  -1.6374618e-04
  -2.0002652e-05  -3.2799141e-05  -3.2596422e-05  -1.6342909e-04
  -1.9957063e-05  -3.2738766e-05  -3.2536283e-05  -1.6311175e-04
  -1.9911478e-05  -3.2678328e-05  -3.2476082e-05  -1.6279419e-04
  -1.9865897e-05  -3.2617828e-05  -3.2415820e-05  -1.6247639e-04
  -1.9820321e-05  -3.2557266e-05  -3.2355497e-05  -1.6215836e-04
  -1.9774750e-05  -3.2496644e-05  -3.2295115e-05  -1.6184012e-04
  -1.9729185e-05  -3.2435963e-05  -3.2234675e-05  -1.6152165e-04
  -1.9683627e-05  -3.2375223e-05  -3.2174177e-05  -1.6120298e-04
  -1.9638075e-05  -3.2314425e-05  -3.2113622e-05  -1.6088409e-04
  -1.9592530e-05  -3.2253571e-05  -3.2053012e-05  -1.6056500e-04
  -1.9546992e-05  -3.2192661e-05  -3.1992348e-05  -1.6024572e-04
  -1.9501463e-05  -3.2131697e-05  -3.1931629e-05  -1.5992624e-04
  -1.9455942e-05  -3.2070678e-05  -3.1870858e-05  -1.5960656e-04
  -1.9410430e-05  -3.2009607e-05  -3.1810035e-05  -1.5928671e-04
  -1.9364928e-05  -3.1948484e-05  -3.1749161e-05  -1.5896667e-04
  -1.9319436e-05  -3.1887309e-05  -3.1688236e-05  -1.5864645e-04
  -1.9273953e-05  -3.1826085e-05  -3.1627263e-05  -1.5832606e-04
  -1.9228482e-05  -3.1764811e-05  -3.1566241e-05  -1.5800550e-04
  -1.9183022e-05  -3.1703489e-05  -3.1505172e-05  -1.5768478e-04
  -1.9137573e-05  -3.1642119e-05  -3.1444056e-05  -1.5736389e-04
  -1.9092136e-05  -3.1580703e-05  -3.1382894e-05  -1.5704285e-04
  -1.9046712e-05  -3.1519241e-05  -3.1321688e-05  -1.5672166e-04
  -1.9001301e-05  -3.1457735e-05  -3.1260438e-05  -1.5640032e-04
  -1.8955904e-05  -3.1396184e-05  -3.1199145e-05  -1.5607884e-04
  -1.8910520e-05  -3.1334591e-05  -3.1137810e-05  -1.5575722e-04
  -1.8865150e-05  -3.1272955e-05  -3.1076433e-05  -1.5543547e-04
  -1.8819795e-05  -3.1211278e-05  -3.1015016e-05  -1.5511358e-04
  -1.8774455e-05  -3.1149561e-05  -3.0953560e-05  -1.5479157e-04
  -1.8729130e-05  -3.1087804e-05  -3.0892065e-05  -1.5446943e-04
  -1.8683821e-05  -3.1026008e-05  -3.0830532e-05  -1.5414718e-04
  -1.8638529e-05  -3.0964175e-05  -3.0768962e-05  -1.5382481e-04
  -1.8593253e-05  -3.0902305e-05  -3.0707356e-05  -1.5350233e-04
  -1.8547995e-05  -3.0840398e-05  -3.0645715e-05  -1.5317975e-04
  -1.8502754e-05  -3.0778456e-05  -3.0584039e-05  -1.5285706e-04
  -1.8457531e-05  -3.0716480e-05  -3.0522330e-05  -1.5253428e-04
  -1.8412326e-05  -3.0654470e-05  -3.0460587e-05  -1.5221140e-04
  -1.8367140e-05  -3.0592428e-05  -3.0398813e-05  -1.5188843e-04
  -1.8321973e-05  -3.0530353e-05  -3.0337008e-05  -1.5156537e-04
  -1.8276826e-05  -3.0468248e-05  -3.0275172e-05  -1.5124223e-04
  -1.8231699e-05  -3.0406112e-05  -3.0213307e-05  -1.5091901e-04
  -1.8186592e-05  -3.0343946e-05  -3.0151414e-05  -1.5059572e-04
  -1.8141506e-05  -3.0281752e-05  -3.0089492e-05  -1.5027236e-04
  -1.8096440e-05  -3.0219530e-05  -3.0027543e-05  -1.4994893e-04
  -1.8051397e-05  -3.0157281e-05  -2.9965568e-05  -1.4962543e-04
  -1.8006375e-05  -3.0095006e-05  -2.9903568e-05  -1.4930188e-04
  -1.7961375e-05  -3.0032706e-05  -2.9841543e-05  -1.4897827e-04
  -1.7916399e-05  -2.9970381e-05  -2.9779494e-05  -1.4865461e-04
  -1.7871445e-05  -2.9908032e-05  -2.9717422e-05  -1.4833090e-04
  -1.7826514e-05  -2.9845659e-05  -2.9655327e-05  -1.4800715e-04
  -1.7781608e-05  -2.9783265e-05  -2.9593211e-05  -1.4768335e-04
  -1.7736725e-05  -2.9720849e-05  -2.9531075e-05  -1.4735952e-04
  -1.7691867e-05  -2.9658413e-05  -2.9468918e-05  -1.4703566e-04
  -1.7647034e-05  -2.9595957e-05  -2.9406742e-05  -1.4671177e-04
  -1.7602226e-05  -2.9533481e-05  -2.9344548e-05  -1.4638785e-04
  -1.7557444e-05  -2.9470987e-05  -2.9282336e-05  -1.4606391e-04
  -1.7512688e-05  -2.9408476e-05  -2.9220107e-05  -1.4573995e-04
  -1.7467958e-05  -2.9345947e-05  -2.9157862e-05  -1.4541597e-04
  -1.7423254e-05  -2.9283403e-05  -2.9095601e-05  -1.4509199e-04
  -1.7378578e-05  -2.9220843e-05  -2.9033326e-05  -1.4476799e-04
  -1.7333929e-05  -2.9158269e-05  -2.8971037e-05  -1.4444399e-04
  -1.7289308e-05  -2.9095681e-05  -2.8908734e-05  -1.4411999e-04
  -1.7244715e-05  -2.9033079e-05  -2.8846420e-05  -1.4379600e-04
  -1.7200151e-05  -2.8970466e-05  -2.8784093e-05  -1.4347201e-04
  -1.7155615e-05  -2.8907841e-05  -2.8721756e-05  -1.4314802e-04
  -1.7111108e-05  -2.8845205e-05  -2.8659408e-05  -1.4282406e-04
  -1.7066631e-05  -2.8782558e-05  -2.8597051e-05  -1.4250011e-04
  -1.7022184e-05  -2.8719903e-05  -2.8534685e-05  -1.4217617e-04
  -1.6977767e-05  -2.8657238e-05  -2.8472311e-05  -1.4185227e-04
  -1.6933380e-05  -2.8594566e-05  -2.8409930e-05  -1.4152839e-04
  -1.6889024e-05  -2.8531887e-05  -2.8347542e-05  -1.4120453e-04
  -1.6844699e-05  -2.8469201e-05  -2.8285148e-05  -1.4088072e-04
  -1.6800406e-05  -2.8406509e-05  -2.8222749e-05  -1.4055694e-04
  -1.6756145e-05  -2.8343812e-05  -2.8160345e-05  -1.4023320e-04
  -1.6711916e-05  -2.8281110e-05  -2.8097937e-05  -1.3990950e-04
  -1.6667719e-05  -2.8218405e-05  -2.8035526e-05  -1.3958585e-04
  -1.6623555e-05  -2.8155697e-05  -2.7973113e-05  -1.3926225e-04
  -1.6579424e-05  -2.8092987e-05  -2.7910698e-05  -1.3893871e-04
  -1.6535327e-05  -2.8030275e-05  -2.7848282e-05  -1.3861522e-04
  -1.6491263e-05  -2.7967562e-05  -2.7785866e-05  -1.3829179e-04
  -1.6447233e-05  -2.7904849e-05  -2.7723450e-05  -1.3796842e-04
  -1.6403238e-05  -2.7842136e-05  -2.7661035e-05  -1.3764512e-04
  -1.6359277e-05  -2.7779424e-05  -2.7598621e-05  -1.3732189e-04
  -1.6315352e-05  -2.7716714e-05  -2.7536210e-05  -1.3699873e-04
  -1.6271461e-05  -2.7654007e-05  -2.7473801e-05  -1.3667565e-04
  -1.6227607e-05  -2.7591302e-05  -2.7411397e-05  -1.3635265e-04
  -1.6183788e-05  -2.7528602e-05  -2.7348996e-05  -1.3602973e-04
  -1.6140005e-05  -2.7465905e-05  -2.7286601e-05  -1.3570689e-04
  -1.6096259e-05  -2.7403214e-05  -2.7224211e-05  -1.3538414e-04
  -1.6052550e-05  -2.7340529e-05  -2.7161827e-05  -1.3506148e-04
  -1.6008877e-05  -2.7277850e-05  -2.7099451e-05  -1.3473892e-04
  -1.5965243e-05  -2.7215178e-05  -2.7037081e-05  -1.3441646e-04
  -1.5921646e-05  -2.7152514e-05  -2.6974720e-05  -1.3409409e-04
  -1.5878086e-05  -2.7089858e-05  -2.6912368e-05  -1.3377183e-04
  -1.5834565e-05  -2.7027211e-05  -2.6850025e-05  -1.3344968e-04
  -1.5791083e-05  -2.6964574e-05  -2.6787692e-05  -1.3312763e-04
  -1.5747640e-05  -2.6901947e-05  -2.6725370e-05  -1.3280570e-04
  -1.5704235e-05  -2.6839331e-05  -2.6663060e-05  -1.3248388e-04
  -1.5660870e-05  -2.6776727e-05  -2.6600761e-05  -1.3216219e-04
  -1.5617545e-05  -2.6714134e-05  -2.6538475e-05  -1.3184061e-04
  -1.5574260e-05  -2.6651554e-05  -2.6476202e-05  -1.3151915e-04
  -1.5531014e-05  -2.6588988e-05  -2.6413942e-05  -1.3119783e-04
  -1.5487810e-05  -2.6526436e-05  -2.6351697e-05  -1.3087663e-04
  -1.5444646e-05  -2.6463898e-05  -2.6289467e-05  -1.3055557e-04
  -1.5401523e-05  -2.6401375e-05  -2.6227253e-05  -1.3023464e-04
  -1.5358442e-05  -2.6338868e-05  -2.6165055e-05  -1.2991385e-04
  -1.5315402e-05  -2.6276378e-05  -2.6102874e-05  -1.2959320e-04
  -1.5272404e-05  -2.6213904e-05  -2.6040710e-05  -1.2927269e-04
  -1.5229448e-05  -2.6151449e-05  -2.5978564e-05  -1.2895233e-04
  -1.5186535e-05  -2.6089011e-05  -2.5916436e-05  -1.2863212e-04
  -1.5143664e-05  -2.6026592e-05  -2.5854328e-05  -1.2831207e-04
  -1.5100836e-05  -2.5964193e-05  -2.5792239e-05  -1.2799216e-04
  -1.5058051e-05  -2.5901813e-05  -2.5730171e-05  -1.2767242e-04
  -1.5015310e-05  -2.5839454e-05  -2.5668124e-05  -1.2735284e-04
  -1.4972612e-05  -2.5777116e-05  -2.5606098e-05  -1.2703342e-04
  -1.4929958e-05  -2.5714800e-05  -2.5544094e-05  -1.2671416e-04
  -1.4887348e-05  -2.5652506e-05  -2.5482113e-05  -1.2639507e-04
  -1.4844783e-05  -2.5590234e-05  -2.5420154e-05  -1.2607616e-04
  -1.4802263e-05  -2.5527986e-05  -2.5358220e-05  -1.2575742e-04
  -1.4759787e-05  -2.5465762e-05  -2.5296310e-05  -1.2543885e-04
  -1.4717356e-05  -2.5403563e-05  -2.5234424e-05  -1.2512046e-04
  -1.4674971e-05  -2.5341389e-05  -2.5172564e-05  -1.2480226e-04
  -1.4632632e-05  -2.5279240e-05  -2.5110730e-05  -1.2448424e-04
  -1.4590338e-05  -2.5217117e-05  -2.5048922e-05  -1.2416640e-04
  -1.4548091e-05  -2.5155021e-05  -2.4987142e-05  -1.2384876e-04
  -1.4505889e-05  -2.5092952e-05  -2.4925388e-05  -1.2353130e-04
  -1.4463735e-05  -2.5030911e-05  -2.4863663e-05  -1.2321404e-04
  -1.4421627e-05  -2.4968899e-05  -2.4801967e-05  -1.2289698e-04
  -1.4379566e-05  -2.4906915e-05  -2.4740300e-05  -1.2258012e-04
  -1.4337553e-05  -2.4844961e-05  -2.4678662e-05  -1.2226346e-04
  -1.4295587e-05  -2.4783036e-05  -2.4617054e-05  -1.2194700e-04
  -1.4253669e-05  -2.4721142e-05  -2.4555478e-05  -1.2163075e-04
  -1.4211798e-05  -2.4659279e-05  -2.4493932e-05  -1.2131470e-04
  -1.4169976e-05  -2.4597448e-05  -2.4432418e-05  -1.2099887e-04
  -1.4128202e-05  -2.4535648e-05  -2.4370937e-05  -1.2068325e-04
  -1.4086477e-05  -2.4473881e-05  -2.4309488e-05  -1.2036785e-04
  -1.4044801e-05  -2.4412147e-05  -2.4248073e-05  -1.2005267e-04
  -1.4003174e-05  -2.4350447e-05  -2.4186691e-05  -1.1973771e-04
  -1.3961596e-05  -2.4288780e-05  -2.4125344e-05  -1.1942297e-04
  -1.3920067e-05  -2.4227148e-05  -2.4064031e-05  -1.1910846e-04
  -1.3878588e-05  -2.4165552e-05  -2.4002754e-05  -1.1879417e-04
  -1.3837159e-05  -2.4103990e-05  -2.3941512e-05  -1.1848012e-04
  -1.3795780e-05  -2.4042465e-05  -2.3880307e-05  -1.1816630e-04
  -1.3754452e-05  -2.3980977e-05  -2.3819138e-05  -1.1785271e-04
  -1.3713174e-05  -2.3919525e-05  -2.3758007e-05  -1.1753936e-04
  -1.3671946e-05  -2.3858111e-05  -2.3696913e-05  -1.1722625e-04
  -1.3630770e-05  -2.3796735e-05  -2.3635858e-05  -1.1691338e-04
  -1.3589644e-05  -2.3735397e-05  -2.3574841e-05  -1.1660075e-04
  -1.3548570e-05  -2.3674098e-05  -2.3513864e-05  -1.1628837e-04
  -1.3507548e-05  -2.3612839e-05  -2.3452926e-05  -1.1597624e-04
  -1.3466577e-05  -2.3551620e-05  -2.3392028e-05  -1.1566436e-04
  -1.3425658e-05  -2.3490441e-05  -2.3331171e-05  -1.1535273e-04
  -1.3384791e-05  -2.3429303e-05  -2.3270355e-05  -1.1504136e-04
  -1.3343976e-05  -2.3368206e-05  -2.3209580e-05  -1.1473024e-04
  -1.3303214e-05  -2.3307151e-05  -2.3148847e-05  -1.1441939e-04
  -1.3262505e-05  -2.3246139e-05  -2.3088157e-05  -1.1410879e-04
  -1.3221848e-05  -2.3185169e-05  -2.3027509e-05  -1.1379845e-04
  -1.3181245e-05  -2.3124242e-05  -2.2966905e-05  -1.1348839e-04
  -1.3140694e-05  -2.3063358e-05  -2.2906344e-05  -1.1317859e-04
  -1.3100197e-05  -2.3002519e-05  -2.2845828e-05  -1.1286905e-04
  -1.3059754e-05  -2.2941724e-05  -2.2785356e-05  -1.1255979e-04
  -1.3019364e-05  -2.2880975e-05  -2.2724930e-05  -1.1225081e-04
  -1.2979029e-05  -2.2820270e-05  -2.2664549e-05  -1.1194210e-04
  -1.2938747e-05  -2.2759612e-05  -2.2604214e-05  -1.1163366e-04
  -1.2898520e-05  -2.2698999e-05  -2.2543925e-05  -1.1132551e-04
  -1.2858347e-05  -2.2638434e-05  -2.2483683e-05  -1.1101764e-04
  -1.2818229e-05  -2.2577915e-05  -2.2423488e-05  -1.1071005e-04
  -1.2778166e-05  -2.2517444e-05  -2.2363341e-05  -1.1040274e-04
  -1.2738157e-05  -2.2457021e-05  -2.2303242e-05  -1.1009573e-04
  -1.2698204e-05  -2.2396647e-05  -2.2243192e-05  -1.0978900e-04
  -1.2658306e-05  -2.2336321e-05  -2.2183190e-05  -1.0948257e-04
  -1.2618464e-05  -2.2276044e-05  -2.2123238e-05  -1.0917642e-04
  -1.2578677e-05  -2.2215818e-05  -2.2063335e-05  -1.0887058e-04
  -1.2538946e-05  -2.2155641e-05  -2.2003483e-05  -1.0856503e-04
  -1.2499271e-05  -2.2095514e-05  -2.1943681e-05  -1.0825978e-04
  -1.2459652e-05  -2.2035439e-05  -2.1883931e-05  -1.0795483e-04
  -1.2420089e-05  -2.1975415e-05  -2.1824231e-05  -1.0765018e-04
  -1.2380583e-05  -2.1915442e-05  -2.1764584e-05  -1.0734584e-04
  -1.2341133e-05  -2.1855522e-05  -2.1704988e-05  -1.0704180e-04
  -1.2301741e-05  -2.1795654e-05  -2.1645445e-05  -1.0673807e-04
  -1.2262405e-05  -2.1735839e-05  -2.1585955e-05  -1.0643465e-04
  -1.2223126e-05  -2.1676078e-05  -2.1526518e-05  -1.0613154e-04
  -1.2183904e-05  -2.1616370e-05  -2.1467135e-05  -1.0582875e-04
  -1.2144740e-05  -2.1556716e-05  -2.1407807e-05  -1.0552627e-04
  -1.2105633e-05  -2.1497116e-05  -2.1348532e-05  -1.0522411e-04
  -1.2066584e-05  -2.1437571e-05  -2.1289313e-05  -1.0492227e-04
  -1.2027592e-05  -2.1378082e-05  -2.1230148e-05  -1.0462075e-04
  -1.1988659e-05  -2.1318648e-05  -2.1171040e-05  -1.0431955e-04
  -1.1949783e-05  -2.1259270e-05  -2.1111987e-05  -1.0401867e-04
  -1.1910966e-05  -2.1199948e-05  -2.1052991e-05  -1.0371812e-04
  -1.1872207e-05  -2.1140683e-05  -2.0994051e-05  -1.0341790e-04
  -1.1833507e-05  -2.1081475e-05  -2.0935169e-05  -1.0311800e-04
  -1.1794865e-05  -2.1022325e-05  -2.0876344e-05  -1.0281844e-04
  -1.1756282e-05  -2.0963232e-05  -2.0817577e-05  -1.0251921e-04
  -1.1717758e-05  -2.0904198e-05  -2.0758868e-05  -1.0222031e-04
  -1.1679293e-05  -2.0845222e-05  -2.0700217e-05  -1.0192175e-04
  -1.1640888e-05  -2.0786305e-05  -2.0641625e-05  -1.0162352e-04
  -1.1602541e-05  -2.0727447e-05  -2.0583093e-05  -1.0132564e-04
  -1.1564254e-05  -2.0668649e-05  -2.0524620e-05  -1.0102809e-04
  -1.1526026e-05  -2.0609911e-05  -2.0466207e-05  -1.0073089e-04
  -1.1487859e-05  -2.0551233e-05  -2.0407855e-05  -1.0043403e-04
  -1.1449750e-05  -2.0492615e-05  -2.0349563e-05  -1.0013751e-04
  -1.1411702e-05  -2.0434059e-05  -2.0291332e-05  -9.9841342e-05
  -1.1373714e-05  -2.0375564e-05  -2.0233162e-05  -9.9545521e-05
  -1.1335786e-05  -2.0317130e-05  -2.0175054e-05  -9.9250050e-05
  -1.1297919e-05  -2.0258759e-05  -2.0117007e-05  -9.8954930e-05
  -1.1260112e-05  -2.0200450e-05  -2.0059023e-05  -9.8660163e-05
  -1.1222365e-05  -2.0142203e-05  -2.0001102e-05  -9.8365750e-05
  -1.1184679e-05  -2.0084020e-05  -1.9943244e-05  -9.8071693e-05
  -1.1147054e-05  -2.0025899e-05  -1.9885449e-05  -9.7777993e-05
  -1.1109489e-05  -1.9967843e-05  -1.9827717e-05  -9.7484651e-05
  -1.1071986e-05  -1.9909850e-05  -1.9770049e-05  -9.7191669e-05
  -1.1034544e-05  -1.9851922e-05  -1.9712446e-05  -9.6899049e-05
  -1.0997163e-05  -1.9794058e-05  -1.9654907e-05  -9.6606792e-05
  -1.0959843e-05  -1.9736259e-05  -1.9597433e-05  -9.6314899e-05
  -1.0922585e-05  -1.9678525e-05  -1.9540024e-05  -9.6023372e-05
  -1.0885388e-05  -1.9620857e-05  -1.9482680e-05  -9.5732212e-05
  -1.0848253e-05  -1.9563255e-05  -1.9425403e-05  -9.5441420e-05
  -1.0811179e-05  -1.9505718e-05  -1.9368191e-05  -9.5150998e-05
  -1.0774168e-05  -1.9448249e-05  -1.9311046e-05  -9.4860947e-05
  -1.0737218e-05  -1.9390846e-05  -1.9253967e-05  -9.4571269e-05
  -1.0700331e-05  -1.9333510e-05  -1.9196955e-05  -9.4281965e-05
  -1.0663505e-05  -1.9276241e-05  -1.9140011e-05  -9.3993036e-05
  -1.0626742e-05  -1.9219040e-05  -1.9083134e-05  -9.3704484e-05
  -1.0590042e-05  -1.9161907e-05  -1.9026325e-05  -9.3416309e-05
  -1.0553403e-05  -1.9104842e-05  -1.8969584e-05  -9.3128514e-05
  -1.0516828e-05  -1.9047846e-05  -1.8912911e-05  -9.2841099e-05
  -1.0480315e-05  -1.8990918e-05  -1.8856308e-05  -9.2554065e-05
  -1.0443864e-05  -1.8934060e-05  -1.8799773e-05  -9.2267415e-05
  -1.0407477e-05  -1.8877270e-05  -1.8743307e-05  -9.1981149e-05
  -1.0371152e-05  -1.8820551e-05  -1.8686911e-05  -9.1695268e-05
  -1.0334890e-05  -1.8763901e-05  -1.8630585e-05  -9.1409775e-05
  -1.0298692e-05  -1.8707322e-05  -1.8574329e-05  -9.1124669e-05
  -1.0262557e-05  -1.8650813e-05  -1.8518143e-05  -9.0839952e-05
  -1.0226485e-05  -1.8594375e-05  -1.8462028e-05  -9.0555626e-05
  -1.0190476e-05  -1.8538008e-05  -1.8405984e-05  -9.0271691e-05
  -1.0154531e-05  -1.8481712e-05  -1.8350010e-05  -8.9988149e-05
  -1.0118649e-05  -1.8425488e-05  -1.8294109e-05  -8.9705001e-05
  -1.0082831e-05  -1.8369335e-05  -1.8238279e-05  -8.9422248e-05
  -1.0047076e-05  -1.8313255e-05  -1.8182521e-05  -8.9139891e-05
  -1.0011386e-05  -1.8257247e-05  -1.8126835e-05  -8.8857932e-05
  -9.9757587e-06  -1.8201311e-05  -1.8071221e-05  -8.8576371e-05
  -9.9401958e-06  -1.8145449e-05  -1.8015681e-05  -8.8295210e-05
  -9.9046969e-06  -1.8089659e-05  -1.7960213e-05  -8.8014450e-05
  -9.8692621e-06  -1.8033943e-05  -1.7904818e-05  -8.7734091e-05
  -9.8338914e-06  -1.7978301e-05  -1.7849497e-05  -8.7454136e-05
  -9.7985849e-06  -1.7922732e-05  -1.7794250e-05  -8.7174584e-05
  -9.7633427e-06  -1.7867237e-05  -1.7739076e-05  -8.6895438e-05
  -9.7281649e-06  -1.7811817e-05  -1.7683977e-05  -8.6616698e-05
  -9.6930516e-06  -1.7756471e-05  -1.7628952e-05  -8.6338366e-05
  -9.6580027e-06  -1.7701200e-05  -1.7574002e-05  -8.6060441e-05
  -9.6230184e-06  -1.7646005e-05  -1.7519126e-05  -8.5782926e-05
  -9.5880988e-06  -1.7590884e-05  -1.7464326e-05  -8.5505822e-05
  -9.5532438e-06  -1.7535839e-05  -1.7409601e-05  -8.5229128e-05
  -9.5184537e-06  -1.7480870e-05  -1.7354952e-05  -8.4952848e-05
  -9.4837283e-06  -1.7425977e-05  -1.7300378e-05  -8.4676980e-05
  -9.4490679e-06  -1.7371160e-05  -1.7245881e-05  -8.4401527e-05
  -9.4144725e-06  -1.7316419e-05  -1.7191459e-05  -8.4126490e-05
  -9.3799420e-06  -1.7261755e-05  -1.7137115e-05  -8.3851869e-05
  -9.3454767e-06  -1.7207168e-05  -1.7082847e-05  -8.3577665e-05
  -9.3110765e-06  -1.7152658e-05  -1.7028656e-05  -8.3303880e-05
  -9.2767415e-06  -1.7098225e-05  -1.6974542e-05  -8.3030514e-05
  -9.2424717e-06  -1.7043870e-05  -1.6920505e-05  -8.2757568e-05
  -9.2082673e-06  -1.6989593e-05  -1.6866546e-05  -8.2485043e-05
  -9.1741282e-06  -1.6935394e-05  -1.6812665e-05  -8.2212940e-05
  -9.1400546e-06  -1.6881273e-05  -1.6758861e-05  -8.1941260e-05
  -9.1060464e-06  -1.6827230e-05  -1.6705136e-05  -8.1670004e-05
  -9.0721038e-06  -1.6773266e-05  -1.6651489e-05  -8.1399173e-05
  -9.0382268e-06  -1.6719380e-05  -1.6597921e-05  -8.1128767e-05
  -9.0044154e-06  -1.6665574e-05  -1.6544432e-05  -8.0858788e-05
  -8.9706696e-06  -1.6611847e-05  -1.6491021e-05  -8.0589236e-05
  -8.9369896e-06  -1.6558199e-05  -1.6437690e-05  -8.0320113e-05
  -8.9033754e-06  -1.6504631e-05  -1.6384438e-05  -8.0051419e-05
  -8.8698270e-06  -1.6451143e-05  -1.6331266e-05  -7.9783154e-05
  -8.8363445e-06  -1.6397734e-05  -1.6278173e-05  -7.9515320e-05
  -8.8029279e-06  -1.6344406e-05  -1.6225161e-05  -7.9247918e-05
  -8.7695773e-06  -1.6291159e-05  -1.6172229e-05  -7.8980948e-05
  -8.7362926e-06  -1.6237991e-05  -1.6119377e-05  -7.8714412e-05
  -8.7030740e-06  -1.6184905e-05  -1.6066605e-05  -7.8448309e-05
  -8.6699215e-06  -1.6131900e-05  -1.6013914e-05  -7.8182641e-05
  -8.6368351e-06  -1.6078975e-05  -1.5961304e-05  -7.7917409e-05
  -8.6038149e-06  -1.6026132e-05  -1.5908775e-05  -7.7652613e-05
  -8.5708609e-06  -1.5973371e-05  -1.5856328e-05  -7.7388254e-05
  -8.5379731e-06  -1.5920691e-05  -1.5803962e-05  -7.7124333e-05
  -8.5051516e-06  -1.5868093e-05  -1.5751677e-05  -7.6860851e-05
  -8.4723964e-06  -1.5815577e-05  -1.5699474e-05  -7.6597808e-05
  -8.4397076e-06  -1.5763143e-05  -1.5647353e-05  -7.6335205e-05
  -8.4070851e-06  -1.5710791e-05  -1.5595314e-05  -7.6073042e-05
  -8.3745291e-06  -1.5658522e-05  -1.5543358e-05  -7.5811322e-05
  -8.3420395e-06  -1.5606336e-05  -1.5491484e-05  -7.5550043e-05
  -8.3096163e-06  -1.5554233e-05  -1.5439692e-05  -7.5289207e-05
  -8.2772597e-06  -1.5502212e-05  -1.5387984e-05  -7.5028815e-05
  -8.2449696e-06  -1.5450275e-05  -1.5336358e-05  -7.4768867e-05
  -8.2127461e-06  -1.5398421e-05  -1.5284815e-05  -7.4509364e-05
  -8.1805892e-06  -1.5346651e-05  -1.5233356e-05  -7.4250307e-05
  -8.1484989e-06  -1.5294964e-05  -1.5181979e-05  -7.3991696e-05
  -8.1164753e-06  -1.5243361e-05  -1.5130687e-05  -7.3733532e-05
  -8.0845183e-06  -1.5191843e-05  -1.5079478e-05  -7.3475815e-05
  -8.0526280e-06  -1.5140408e-05  -1.5028353e-05  -7.3218547e-05
  -8.0208045e-06  -1.5089058e-05  -1.4977312e-05  -7.2961727e-05
  -7.9890476e-06  -1.5037792e-05  -1.4926355e-05  -7.2705357e-05
  -7.9573576e-06  -1.4986610e-05  -1.4875483e-05  -7.2449436e-05
  -7.9257343e-06  -1.4935513e-05  -1.4824695e-05  -7.2193967e-05
  -7.8941779e-06  -1.4884502e-05  -1.4773991e-05  -7.1938948e-05
  -7.8626882e-06  -1.4833575e-05  -1.4723372e-05  -7.1684382e-05
  -7.8312654e-06  -1.4782733e-05  -1.4672838e-05  -7.1430267e-05
  -7.7999095e-06  -1.4731977e-05  -1.4622390e-05  -7.1176606e-05
  -7.7686205e-06  -1.4681306e-05  -1.4572026e-05  -7.0923398e-05
  -7.7373983e-06  -1.4630721e-05  -1.4521747e-05  -7.0670644e-05
  -7.7062430e-06  -1.4580221e-05  -1.4471554e-05  -7.0418345e-05
  -7.6751547e-06  -1.4529807e-05  -1.4421447e-05  -7.0166501e-05
  -7.6441333e-06  -1.4479480e-05  -1.4371425e-05  -6.9915113e-05
  -7.6131789e-06  -1.4429238e-05  -1.4321489e-05  -6.9664181e-05
  -7.5822914e-06  -1.4379082e-05  -1.4271638e-05  -6.9413705e-05
  -7.5514709e-06  -1.4329013e-05  -1.4221874e-05  -6.9163687e-05
  -7.5207174e-06  -1.4279031e-05  -1.4172196e-05  -6.8914126e-05
  -7.4900309e-06  -1.4229135e-05  -1.4122605e-05  -6.8665024e-05
  -7.4594114e-06  -1.4179325e-05  -1.4073099e-05  -6.8416381e-05
  -7.4288589e-06  -1.4129603e-05  -1.4023681e-05  -6.8168196e-05
  -7.3983734e-06  -1.4079967e-05  -1.3974349e-05  -6.7920471e-05
  -7.3679550e-06  -1.4030419e-05  -1.3925103e-05  -6.7673207e-05
  -7.3376036e-06  -1.3980958e-05  -1.3875945e-05  -6.7426403e-05
  -7.3073192e-06  -1.3931584e-05  -1.3826873e-05  -6.7180060e-05
  -7.2771018e-06  -1.3882297e-05  -1.3777889e-05  -6.6934178e-05
  -7.2469515e-06  -1.3833099e-05  -1.3728992e-05  -6.6688759e-05
  -7.2168683e-06  -1.3783987e-05  -1.3680182e-05  -6.6443801e-05
  -7.1868521e-06  -1.3734964e-05  -1.3631460e-05  -6.6199307e-05
  -7.1569030e-06  -1.3686028e-05  -1.3582825e-05  -6.5955275e-05
  -7.1270209e-06  -1.3637181e-05  -1.3534278e-05  -6.5711708e-05
  -7.0972058e-06  -1.3588421e-05  -1.3485819e-05  -6.5468604e-05
  -7.0674579e-06  -1.3539750e-05  -1.3437447e-05  -6.5225965e-05
  -7.0377769e-06  -1.3491167e-05  -1.3389163e-05  -6.4983790e-05
  -7.0081631e-06  -1.3442672e-05  -1.3340968e-05  -6.4742080e-05
  -6.9786162e-06  -1.3394266e-05  -1.3292860e-05  -6.4500836e-05
  -6.9491364e-06  -1.3345948e-05  -1.3244841e-05  -6.4260058e-05
  -6.9197237e-06  -1.3297719e-05  -1.3196910e-05  -6.4019746e-05
  -6.8903780e-06  -1.3249579e-05  -1.3149068e-05  -6.3779901e-05
  -6.8610993e-06  -1.3201528e-05  -1.3101314e-05  -6.3540523e-05
  -6.8318876e-06  -1.3153566e-05  -1.3053649e-05  -6.3301612e-05
  -6.8027430e-06  -1.3105692e-05  -1.3006072e-05  -6.3063169e-05
  -6.7736653e-06  -1.3057908e-05  -1.2958584e-05  -6.2825193e-05
  -6.7446547e-06  -1.3010213e-05  -1.2911185e-05  -6.2587686e-05
  -6.7157110e-06  -1.2962608e-05  -1.2863875e-05  -6.2350647e-05
  -6.6868343e-06  -1.2915091e-05  -1.2816654e-05  -6.2114077e-05
  -6.6580246e-06  -1.2867665e-05  -1.2769523e-05  -6.1877977e-05
  -6.6292819e-06  -1.2820327e-05  -1.2722480e-05  -6.1642346e-05
  -6.6006061e-06  -1.2773080e-05  -1.2675527e-05  -6.1407184e-05
  -6.5719972e-06  -1.2725922e-05  -1.2628663e-05  -6.1172493e-05
  -6.5434553e-06  -1.2678854e-05  -1.2581888e-05  -6.0938272e-05
  -6.5149802e-06  -1.2631876e-05  -1.2535203e-05  -6.0704522e-05
  -6.4865721e-06  -1.2584988e-05  -1.2488608e-05  -6.0471242e-05
  -6.4582308e-06  -1.2538189e-05  -1.2442102e-05  -6.0238434e-05
  -6.4299564e-06  -1.2491481e-05  -1.2395686e-05  -6.0006097e-05
  -6.4017488e-06  -1.2444864e-05  -1.2349359e-05  -5.9774231e-05
  -6.3736081e-06  -1.2398336e-05  -1.2303123e-05  -5.9542837e-05
  -6.3455341e-06  -1.2351898e-05  -1.2256976e-05  -5.9311916e-05
  -6.3175270e-06  -1.2305551e-05  -1.2210920e-05  -5.9081466e-05
  -6.2895866e-06  -1.2259295e-05  -1.2164953e-05  -5.8851489e-05
  -6.2617130e-06  -1.2213129e-05  -1.2119077e-05  -5.8621985e-05
  -6.2339061e-06  -1.2167053e-05  -1.2073291e-05  -5.8392954e-05
  -6.2061659e-06  -1.2121068e-05  -1.2027595e-05  -5.8164396e-05
  -6.1784925e-06  -1.2075174e-05  -1.1981989e-05  -5.7936311e-05
  -6.1508857e-06  -1.2029371e-05  -1.1936474e-05  -5.7708699e-05
  -6.1233455e-06  -1.1983658e-05  -1.1891049e-05  -5.7481562e-05
  -6.0958719e-06  -1.1938036e-05  -1.1845715e-05  -5.7254898e-05
  -6.0684650e-06  -1.1892506e-05  -1.1800471e-05  -5.7028708e-05
  -6.0411246e-06  -1.1847066e-05  -1.1755318e-05  -5.6802992e-05
  -6.0138508e-06  -1.1801717e-05  -1.1710255e-05  -5.6577751e-05
  -5.9866435e-06  -1.1756459e-05  -1.1665284e-05  -5.6352984e-05
  -5.9595027e-06  -1.1711292e-05  -1.1620402e-05  -5.6128691e-05
  -5.9324283e-06  -1.1666217e-05  -1.1575612e-05  -5.5904874e-05
  -5.9054204e-06  -1.1621233e-05  -1.1530913e-05  -5.5681531e-05
  -5.8784790e-06  -1.1576340e-05  -1.1486304e-05  -5.5458663e-05
  -5.8516039e-06  -1.1531538e-05  -1.1441786e-05  -5.5236271e-05
  -5.8247951e-06  -1.1486828e-05  -1.1397359e-05  -5.5014354e-05
  -5.7980527e-06  -1.1442209e-05  -1.1353024e-05  -5.4792912e-05
  -5.7713766e-06  -1.1397682e-05  -1.1308779e-05  -5.4571945e-05
  -5.7447667e-06  -1.1353246e-05  -1.1264625e-05  -5.4351454e-05
  -5.7182231e-06  -1.1308901e-05  -1.1220563e-05  -5.4131439e-05
  -5.6917457e-06  -1.1264648e-05  -1.1176591e-05  -5.3911900e-05
  -5.6653344e-06  -1.1220487e-05  -1.1132711e-05  -5.3692836e-05
  -5.6389893e-06  -1.1176418e-05  -1.1088922e-05  -5.3474248e-05
  -5.6127102e-06  -1.1132440e-05  -1.1045225e-05  -5.3256137e-05
  -5.5864973e-06  -1.1088554e-05  -1.1001618e-05  -5.3038501e-05
  -5.5603503e-06  -1.1044759e-05  -1.0958103e-05  -5.2821341e-05
  -5.5342694e-06  -1.1001056e-05  -1.0914680e-05  -5.2604658e-05
  -5.5082544e-06  -1.0957445e-05  -1.0871347e-05  -5.2388451e-05
  -5.4823054e-06  -1.0913926e-05  -1.0828107e-05  -5.2172720e-05
  -5.4564222e-06  -1.0870499e-05  -1.0784957e-05  -5.1957465e-05
  -5.4306049e-06  -1.0827164e-05  -1.0741899e-05  -5.1742687e-05
  -5.4048534e-06  -1.0783921e-05  -1.0698933e-05  -5.1528385e-05
  -5.3791677e-06  -1.0740769e-05  -1.0656058e-05  -5.1314559e-05
  -5.3535477e-06  -1.0697710e-05  -1.0613275e-05  -5.1101210e-05
  -5.3279933e-06  -1.0654742e-05  -1.0570583e-05  -5.0888337e-05
  -5.3025047e-06  -1.0611867e-05  -1.0527983e-05  -5.0675940e-05
  -5.2770816e-06  -1.0569083e-05  -1.0485474e-05  -5.0464020e-05
  -5.2517242e-06  -1.0526392e-05  -1.0443057e-05  -5.0252577e-05
  -5.2264322e-06  -1.0483793e-05  -1.0400732e-05  -5.0041609e-05
  -5.2012057e-06  -1.0441285e-05  -1.0358499e-05  -4.9831118e-05
  -5.1760447e-06  -1.0398870e-05  -1.0316357e-05  -4.9621104e-05
  -5.1509491e-06  -1.0356547e-05  -1.0274306e-05  -4.9411566e-05
  -5.1259188e-06  -1.0314316e-05  -1.0232348e-05  -4.9202504e-05
  -5.1009539e-06  -1.0272178e-05  -1.0190481e-05  -4.8993918e-05
  -5.0760542e-06  -1.0230131e-05  -1.0148706e-05  -4.8785809e-05
  -5.0512197e-06  -1.0188176e-05  -1.0107022e-05  -4.8578176e-05
  -5.0264504e-06  -1.0146314e-05  -1.0065431e-05  -4.8371019e-05
  -5.0017462e-06  -1.0104544e-05  -1.0023931e-05  -4.8164338e-05
  -4.9771072e-06  -1.0062866e-05  -9.9825228e-06  -4.7958133e-05
  -4.9525331e-06  -1.0021280e-05  -9.9412064e-06  -4.7752404e-05
  -4.9280241e-06  -9.9797870e-06  -9.8999818e-06  -4.7547151e-05
  -4.9035799e-06  -9.9383857e-06  -9.8588490e-06  -4.7342373e-05
  -4.8792007e-06  -9.8970766e-06  -9.8178080e-06  -4.7138072e-05
  -4.8548863e-06  -9.8558597e-06  -9.7768587e-06  -4.6934246e-05
  -4.8306367e-06  -9.8147350e-06  -9.7360012e-06  -4.6730896e-05
  -4.8064519e-06  -9.7737026e-06  -9.6952355e-06  -4.6528021e-05
  -4.7823317e-06  -9.7327623e-06  -9.6545615e-06  -4.6325621e-05
  -4.7582762e-06  -9.6919143e-06  -9.6139794e-06  -4.6123697e-05
  -4.7342852e-06  -9.6511585e-06  -9.5734889e-06  -4.5922248e-05
  -4.7103588e-06  -9.6104948e-06  -9.5330903e-06  -4.5721274e-05
  -4.6864969e-06  -9.5699234e-06  -9.4927834e-06  -4.5520775e-05
  -4.6626994e-06  -9.5294442e-06  -9.4525683e-06  -4.5320751e-05
  -4.6389663e-06  -9.4890572e-06  -9.4124449e-06  -4.5121202e-05
  -4.6152975e-06  -9.4487623e-06  -9.3724133e-06  -4.4922127e-05
  -4.5916930e-06  -9.4085596e-06  -9.3324734e-06  -4.4723526e-05
  -4.5681527e-06  -9.3684491e-06  -9.2926252e-06  -4.4525400e-05
  -4.5446766e-06  -9.3284307e-06  -9.2528687e-06  -4.4327748e-05
  -4.5212646e-06  -9.2885045e-06  -9.2132039e-06  -4.4130570e-05
  -4.4979166e-06  -9.2486704e-06  -9.1736308e-06  -4.3933866e-05
  -4.4746326e-06  -9.2089284e-06  -9.1341493e-06  -4.3737635e-05
  -4.4514126e-06  -9.1692785e-06  -9.0947595e-06  -4.3541878e-05
  -4.4282564e-06  -9.1297207e-06  -9.0554614e-06  -4.3346595e-05
  -4.4051641e-06  -9.0902550e-06  -9.0162548e-06  -4.3151784e-05
  -4.3821355e-06  -9.0508813e-06  -8.9771399e-06  -4.2957447e-05
  -4.3591706e-06  -9.0115997e-06  -8.9381166e-06  -4.2763583e-05
  -4.3362694e-06  -8.9724101e-06  -8.8991848e-06  -4.2570191e-05
  -4.3134317e-06  -8.9333125e-06  -8.8603446e-06  -4.2377271e-05
  -4.2906576e-06  -8.8943068e-06  -8.8215959e-06  -4.2184824e-05
  -4.2679470e-06  -8.8553931e-06  -8.7829387e-06  -4.1992849e-05
  -4.2452998e-06  -8.8165714e-06  -8.7443729e-06  -4.1801346e-05
  -4.2227159e-06  -8.7778415e-06  -8.7058987e-06  -4.1610315e-05
  -4.2001953e-06  -8.7392036e-06  -8.6675158e-06  -4.1419755e-05
  -4.1777379e-06  -8.7006575e-06  -8.6292244e-06  -4.1229666e-05
  -4.1553437e-06  -8.6622032e-06  -8.5910244e-06  -4.1040049e-05
  -4.1330126e-06  -8.6238407e-06  -8.5529157e-06  -4.0850902e-05
  -4.1107445e-06  -8.5855701e-06  -8.5148983e-06  -4.0662226e-05
  -4.0885394e-06  -8.5473911e-06  -8.4769722e-06  -4.0474020e-05
  -4.0663972e-06  -8.5093039e-06  -8.4391374e-06  -4.0286284e-05
  -4.0443179e-06  -8.4713084e-06  -8.4013938e-06  -4.0099019e-05
  -4.0223013e-06  -8.4334046e-06  -8.3637414e-06  -3.9912223e-05
  -4.0003475e-06  -8.3955924e-06  -8.3261802e-06  -3.9725896e-05
  -3.9784563e-06  -8.3578718e-06  -8.2887102e-06  -3.9540039e-05
  -3.9566277e-06  -8.3202427e-06  -8.2513312e-06  -3.9354650e-05
  -3.9348616e-06  -8.2827052e-06  -8.2140433e-06  -3.9169731e-05
  -3.9131580e-06  -8.2452591e-06  -8.1768464e-06  -3.8985279e-05
  -3.8915168e-06  -8.2079046e-06  -8.1397406e-06  -3.8801296e-05
  -3.8699379e-06  -8.1706414e-06  -8.1027257e-06  -3.8617781e-05
  -3.8484213e-06  -8.1334696e-06  -8.0658017e-06  -3.8434733e-05
  -3.8269668e-06  -8.0963892e-06  -8.0289686e-06  -3.8252153e-05
  -3.8055745e-06  -8.0594001e-06  -7.9922263e-06  -3.8070040e-05
  -3.7842442e-06  -8.0225022e-06  -7.9555749e-06  -3.7888393e-05
  -3.7629759e-06  -7.9856956e-06  -7.9190142e-06  -3.7707213e-05
  -3.7417695e-06  -7.9489802e-06  -7.8825442e-06  -3.7526499e-05
  -3.7206250e-06  -7.9123559e-06  -7.8461649e-06  -3.7346252e-05
  -3.6995422e-06  -7.8758227e-06  -7.8098762e-06  -3.7166469e-05
  -3.6785212e-06  -7.8393805e-06  -7.7736781e-06  -3.6987152e-05
  -3.6575618e-06  -7.8030294e-06  -7.7375706e-06  -3.6808300e-05
  -3.6366639e-06  -7.7667692e-06  -7.7015535e-06  -3.6629913e-05
  -3.6158276e-06  -7.7305999e-06  -7.6656269e-06  -3.6451991e-05
  -3.5950527e-06  -7.6945215e-06  -7.6297907e-06  -3.6274532e-05
  -3.5743391e-06  -7.6585340e-06  -7.5940449e-06  -3.6097537e-05
  -3.5536868e-06  -7.6226372e-06  -7.5583894e-06  -3.5921005e-05
  -3.5330957e-06  -7.5868311e-06  -7.5228241e-06  -3.5744937e-05
  -3.5125658e-06  -7.5511157e-06  -7.4873490e-06  -3.5569332e-05
  -3.4920969e-06  -7.5154909e-06  -7.4519641e-06  -3.5394188e-05
  -3.4716890e-06  -7.4799567e-06  -7.4166693e-06  -3.5219507e-05
  -3.4513421e-06  -7.4445131e-06  -7.3814645e-06  -3.5045288e-05
  -3.4310559e-06  -7.4091599e-06  -7.3463497e-06  -3.4871531e-05
  -3.4108306e-06  -7.3738971e-06  -7.3113249e-06  -3.4698234e-05
  -3.3906659e-06  -7.3387246e-06  -7.2763900e-06  -3.4525398e-05
  -3.3705619e-06  -7.3036425e-06  -7.2415449e-06  -3.4353023e-05
  -3.3505184e-06  -7.2686506e-06  -7.2067895e-06  -3.4181107e-05
  -3.3305354e-06  -7.2337489e-06  -7.1721239e-06  -3.4009651e-05
  -3.3106128e-06  -7.1989373e-06  -7.1375480e-06  -3.3838655e-05
  -3.2907505e-06  -7.1642158e-06  -7.1030616e-06  -3.3668117e-05
  -3.2709484e-06  -7.1295844e-06  -7.0686648e-06  -3.3498039e-05
  -3.2512065e-06  -7.0950429e-06  -7.0343575e-06  -3.3328418e-05
  -3.2315247e-06  -7.0605912e-06  -7.0001396e-06  -3.3159255e-05
  -3.2119029e-06  -7.0262295e-06  -6.9660111e-06  -3.2990550e-05
  -3.1923411e-06  -6.9919575e-06  -6.9319719e-06  -3.2822302e-05
  -3.1728391e-06  -6.9577752e-06  -6.8980219e-06  -3.2654510e-05
  -3.1533969e-06  -6.9236825e-06  -6.8641611e-06  -3.2487175e-05
  -3.1340144e-06  -6.8896795e-06  -6.8303894e-06  -3.2320296e-05
  -3.1146915e-06  -6.8557660e-06  -6.7967067e-06  -3.2153872e-05
  -3.0954282e-06  -6.8219419e-06  -6.7631131e-06  -3.1987903e-05
  -3.0762244e-06  -6.7882072e-06  -6.7296083e-06  -3.1822389e-05
  -3.0570799e-06  -6.7545619e-06  -6.6961924e-06  -3.1657330e-05
  -3.0379948e-06  -6.7210058e-06  -6.6628653e-06  -3.1492724e-05
  -3.0189688e-06  -6.6875389e-06  -6.6296269e-06  -3.1328572e-05
  -3.0000021e-06  -6.6541611e-06  -6.5964772e-06  -3.1164873e-05
  -2.9810944e-06  -6.6208724e-06  -6.5634160e-06  -3.1001627e-05
  -2.9622456e-06  -6.5876727e-06  -6.5304434e-06  -3.0838833e-05
  -2.9434558e-06  -6.5545619e-06  -6.4975592e-06  -3.0676491e-05
  -2.9247249e-06  -6.5215399e-06  -6.4647633e-06  -3.0514600e-05
  -2.9060526e-06  -6.4886067e-06  -6.4320558e-06  -3.0353160e-05
  -2.8874391e-06  -6.4557622e-06  -6.3994365e-06  -3.0192171e-05
  -2.8688841e-06  -6.4230064e-06  -6.3669053e-06  -3.0031632e-05
  -2.8503876e-06  -6.3903391e-06  -6.3344622e-06  -2.9871543e-05
  -2.8319496e-06  -6.3577603e-06  -6.3021071e-06  -2.9711903e-05
  -2.8135699e-06  -6.3252699e-06  -6.2698400e-06  -2.9552712e-05
  -2.7952484e-06  -6.2928678e-06  -6.2376607e-06  -2.9393969e-05
  -2.7769852e-06  -6.2605540e-06  -6.2055692e-06  -2.9235675e-05
  -2.7587800e-06  -6.2283284e-06  -6.1735654e-06  -2.9077828e-05
  -2.7406328e-06  -6.1961908e-06  -6.1416493e-06  -2.8920427e-05
  -2.7225435e-06  -6.1641414e-06  -6.1098207e-06  -2.8763474e-05
  -2.7045121e-06  -6.1321798e-06  -6.0780795e-06  -2.8606966e-05
  -2.6865385e-06  -6.1003062e-06  -6.0464258e-06  -2.8450905e-05
  -2.6686225e-06  -6.0685203e-06  -6.0148594e-06  -2.8295288e-05
  -2.6507641e-06  -6.0368222e-06  -5.9833802e-06  -2.8140117e-05
  -2.6329632e-06  -6.0052117e-06  -5.9519882e-06  -2.7985389e-05
  -2.6152197e-06  -5.9736887e-06  -5.9206832e-06  -2.7831106e-05
  -2.5975336e-06  -5.9422532e-06  -5.8894653e-06  -2.7677265e-05
  -2.5799047e-06  -5.9109051e-06  -5.8583342e-06  -2.7523868e-05
  -2.5623330e-06  -5.8796444e-06  -5.8272900e-06  -2.7370913e-05
  -2.5448183e-06  -5.8484708e-06  -5.7963325e-06  -2.7218400e-05
  -2.5273607e-06  -5.8173844e-06  -5.7654618e-06  -2.7066329e-05
  -2.5099599e-06  -5.7863851e-06  -5.7346775e-06  -2.6914698e-05
  -2.4926160e-06  -5.7554727e-06  -5.7039798e-06  -2.6763508e-05
  -2.4753288e-06  -5.7246472e-06  -5.6733685e-06  -2.6612758e-05
  -2.4580982e-06  -5.6939085e-06  -5.6428436e-06  -2.6462448e-05
  -2.4409242e-06  -5.6632566e-06  -5.6124048e-06  -2.6312576e-05
  -2.4238067e-06  -5.6326913e-06  -5.5820522e-06  -2.6163143e-05
  -2.4067456e-06  -5.6022125e-06  -5.5517857e-06  -2.6014148e-05
  -2.3897407e-06  -5.5718202e-06  -5.5216052e-06  -2.5865591e-05
  -2.3727921e-06  -5.5415142e-06  -5.4915106e-06  -2.5717470e-05
  -2.3558996e-06  -5.5112945e-06  -5.4615017e-06  -2.5569786e-05
  -2.3390631e-06  -5.4811611e-06  -5.4315786e-06  -2.5422538e-05
  -2.3222826e-06  -5.4511137e-06  -5.4017411e-06  -2.5275726e-05
  -2.3055580e-06  -5.4211523e-06  -5.3719891e-06  -2.5129348e-05
  -2.2888891e-06  -5.3912769e-06  -5.3423226e-06  -2.4983405e-05
  -2.2722759e-06  -5.3614873e-06  -5.3127414e-06  -2.4837896e-05
  -2.2557182e-06  -5.3317834e-06  -5.2832455e-06  -2.4692820e-05
  -2.2392161e-06  -5.3021652e-06  -5.2538348e-06  -2.4548178e-05
  -2.2227694e-06  -5.2726325e-06  -5.2245091e-06  -2.4403967e-05
  -2.2063781e-06  -5.2431853e-06  -5.1952684e-06  -2.4260189e-05
  -2.1900419e-06  -5.2138235e-06  -5.1661126e-06  -2.4116842e-05
  -2.1737609e-06  -5.1845469e-06  -5.1370416e-06  -2.3973925e-05
  -2.1575350e-06  -5.1553555e-06  -5.1080553e-06  -2.3831439e-05
  -2.1413640e-06  -5.1262492e-06  -5.0791536e-06  -2.3689383e-05
  -2.1252479e-06  -5.0972279e-06  -5.0503364e-06  -2.3547756e-05
  -2.1091866e-06  -5.0682914e-06  -5.0216037e-06  -2.3406557e-05
  -2.0931800e-06  -5.0394398e-06  -4.9929552e-06  -2.3265787e-05
  -2.0772280e-06  -5.0106729e-06  -4.9643910e-06  -2.3125444e-05
  -2.0613305e-06  -4.9819906e-06  -4.9359109e-06  -2.2985528e-05
  -2.0454874e-06  -4.9533927e-06  -4.9075148e-06  -2.2846039e-05
  -2.0296987e-06  -4.9248793e-06  -4.8792027e-06  -2.2706976e-05
  -2.0139642e-06  -4.8964502e-06  -4.8509743e-06  -2.2568338e-05
  -1.9982838e-06  -4.8681053e-06  -4.8228298e-06  -2.2430125e-05
  -1.9826576e-06  -4.8398445e-06  -4.7947688e-06  -2.2292336e-05
  -1.9670852e-06  -4.8116677e-06  -4.7667914e-06  -2.2154971e-05
  -1.9515668e-06  -4.7835749e-06  -4.7388974e-06  -2.2018030e-05
  -1.9361021e-06  -4.7555658e-06  -4.7110868e-06  -2.1881510e-05
  -1.9206911e-06  -4.7276404e-06  -4.6833593e-06  -2.1745413e-05
  -1.9053337e-06  -4.6997987e-06  -4.6557151e-06  -2.1609738e-05
  -1.8900299e-06  -4.6720404e-06  -4.6281538e-06  -2.1474483e-05
  -1.8747794e-06  -4.6443656e-06  -4.6006755e-06  -2.1339649e-05
  -1.8595823e-06  -4.6167740e-06  -4.5732800e-06  -2.1205234e-05
  -1.8444383e-06  -4.5892657e-06  -4.5459672e-06  -2.1071239e-05
  -1.8293476e-06  -4.5618404e-06  -4.5187370e-06  -2.0937662e-05
  -1.8143098e-06  -4.5344982e-06  -4.4915893e-06  -2.0804504e-05
  -1.7993250e-06  -4.5072388e-06  -4.4645241e-06  -2.0671763e-05
  -1.7843931e-06  -4.4800622e-06  -4.4375411e-06  -2.0539438e-05
  -1.7695139e-06  -4.4529682e-06  -4.4106404e-06  -2.0407531e-05
  -1.7546874e-06  -4.4259569e-06  -4.3838217e-06  -2.0276039e-05
  -1.7399135e-06  -4.3990280e-06  -4.3570850e-06  -2.0144962e-05
  -1.7251920e-06  -4.3721814e-06  -4.3304303e-06  -2.0014299e-05
  -1.7105229e-06  -4.3454171e-06  -4.3038572e-06  -1.9884051e-05
  -1.6959062e-06  -4.3187349e-06  -4.2773659e-06  -1.9754216e-05
  -1.6813416e-06  -4.2921348e-06  -4.2509561e-06  -1.9624794e-05
  -1.6668291e-06  -4.2656166e-06  -4.2246278e-06  -1.9495785e-05
  -1.6523687e-06  -4.2391802e-06  -4.1983808e-06  -1.9367187e-05
  -1.6379601e-06  -4.2128255e-06  -4.1722150e-06  -1.9239000e-05
  -1.6236034e-06  -4.1865525e-06  -4.1461304e-06  -1.9111223e-05
  -1.6092984e-06  -4.1603609e-06  -4.1201268e-06  -1.8983856e-05
  -1.5950450e-06  -4.1342507e-06  -4.0942041e-06  -1.8856899e-05
  -1.5808432e-06  -4.1082218e-06  -4.0683622e-06  -1.8730350e-05
  -1.5666928e-06  -4.0822740e-06  -4.0426010e-06  -1.8604210e-05
  -1.5525938e-06  -4.0564073e-06  -4.0169204e-06  -1.8478476e-05
  -1.5385460e-06  -4.0306215e-06  -3.9913203e-06  -1.8353150e-05
  -1.5245494e-06  -4.0049165e-06  -3.9658005e-06  -1.8228230e-05
  -1.5106038e-06  -3.9792923e-06  -3.9403609e-06  -1.8103715e-05
  -1.4967092e-06  -3.9537487e-06  -3.9150015e-06  -1.7979606e-05
  -1.4828655e-06  -3.9282855e-06  -3.8897221e-06  -1.7855901e-05
  -1.4690725e-06  -3.9029028e-06  -3.8645226e-06  -1.7732600e-05
  -1.4553302e-06  -3.8776003e-06  -3.8394030e-06  -1.7609702e-05
  -1.4416385e-06  -3.8523780e-06  -3.8143630e-06  -1.7487206e-05
  -1.4279973e-06  -3.8272357e-06  -3.7894025e-06  -1.7365113e-05
  -1.4144065e-06  -3.8021733e-06  -3.7645216e-06  -1.7243421e-05
  -1.4008660e-06  -3.7771907e-06  -3.7397199e-06  -1.7122129e-05
  -1.3873757e-06  -3.7522878e-06  -3.7149975e-06  -1.7001238e-05
  -1.3739354e-06  -3.7274646e-06  -3.6903542e-06  -1.6880746e-05
  -1.3605452e-06  -3.7027207e-06  -3.6657899e-06  -1.6760653e-05
  -1.3472049e-06  -3.6780563e-06  -3.6413045e-06  -1.6640959e-05
  -1.3339144e-06  -3.6534710e-06  -3.6168979e-06  -1.6521661e-05
  -1.3206737e-06  -3.6289649e-06  -3.5925699e-06  -1.6402761e-05
  -1.3074825e-06  -3.6045378e-06  -3.5683205e-06  -1.6284258e-05
  -1.2943409e-06  -3.5801895e-06  -3.5441494e-06  -1.6166150e-05
  -1.2812487e-06  -3.5559201e-06  -3.5200567e-06  -1.6048437e-05
  -1.2682058e-06  -3.5317293e-06  -3.4960422e-06  -1.5931118e-05
  -1.2552122e-06  -3.5076170e-06  -3.4721057e-06  -1.5814194e-05
  -1.2422677e-06  -3.4835831e-06  -3.4482472e-06  -1.5697662e-05
  -1.2293722e-06  -3.4596275e-06  -3.4244665e-06  -1.5581523e-05
  -1.2165257e-06  -3.4357502e-06  -3.4007635e-06  -1.5465776e-05
  -1.2037281e-06  -3.4119508e-06  -3.3771381e-06  -1.5350421e-05
  -1.1909791e-06  -3.3882294e-06  -3.3535902e-06  -1.5235456e-05
  -1.1782789e-06  -3.3645859e-06  -3.3301197e-06  -1.5120881e-05
  -1.1656272e-06  -3.3410200e-06  -3.3067264e-06  -1.5006695e-05
  -1.1530239e-06  -3.3175317e-06  -3.2834102e-06  -1.4892898e-05
  -1.1404690e-06  -3.2941209e-06  -3.2601710e-06  -1.4779489e-05
  -1.1279624e-06  -3.2707874e-06  -3.2370087e-06  -1.4666468e-05
  -1.1155039e-06  -3.2475311e-06  -3.2139232e-06  -1.4553833e-05
  -1.1030935e-06  -3.2243520e-06  -3.1909143e-06  -1.4441585e-05
  -1.0907311e-06  -3.2012498e-06  -3.1679819e-06  -1.4329722e-05
  -1.0784165e-06  -3.1782245e-06  -3.1451259e-06  -1.4218243e-05
  -1.0661497e-06  -3.1552759e-06  -3.1223462e-06  -1.4107149e-05
  -1.0539306e-06  -3.1324039e-06  -3.0996427e-06  -1.3996439e-05
  -1.0417591e-06  -3.1096084e-06  -3.0770152e-06  -1.3886111e-05
  -1.0296350e-06  -3.0868893e-06  -3.0544635e-06  -1.3776166e-05
  -1.0175583e-06  -3.0642464e-06  -3.0319877e-06  -1.3666602e-05
  -1.0055290e-06  -3.0416797e-06  -3.0095876e-06  -1.3557420e-05
  -9.9354676e-07  -3.0191890e-06  -2.9872630e-06  -1.3448617e-05
  -9.8161165e-07  -2.9967741e-06  -2.9650138e-06  -1.3340194e-05
  -9.6972353e-07  -2.9744350e-06  -2.9428399e-06  -1.3232150e-05
  -9.5788230e-07  -2.9521715e-06  -2.9207412e-06  -1.3124485e-05
  -9.4608787e-07  -2.9299835e-06  -2.8987176e-06  -1.3017196e-05
  -9.3434013e-07  -2.9078710e-06  -2.8767688e-06  -1.2910285e-05
  -9.2263899e-07  -2.8858336e-06  -2.8548949e-06  -1.2803751e-05
  -9.1098435e-07  -2.8638714e-06  -2.8330957e-06  -1.2697592e-05
  -8.9937612e-07  -2.8419842e-06  -2.8113710e-06  -1.2591807e-05
  -8.8781418e-07  -2.8201720e-06  -2.7897208e-06  -1.2486398e-05
  -8.7629846e-07  -2.7984344e-06  -2.7681448e-06  -1.2381362e-05
  -8.6482884e-07  -2.7767715e-06  -2.7466430e-06  -1.2276698e-05
  -8.5340522e-07  -2.7551831e-06  -2.7252153e-06  -1.2172408e-05
  -8.4202752e-07  -2.7336691e-06  -2.7038616e-06  -1.2068488e-05
  -8.3069563e-07  -2.7122293e-06  -2.6825816e-06  -1.1964940e-05
  -8.1940946e-07  -2.6908637e-06  -2.6613753e-06  -1.1861762e-05
  -8.0816890e-07  -2.6695721e-06  -2.6402426e-06  -1.1758954e-05
  -7.9697385e-07  -2.6483543e-06  -2.6191833e-06  -1.1656515e-05
  -7.8582423e-07  -2.6272103e-06  -2.5981972e-06  -1.1554444e-05
  -7.7471992e-07  -2.6061399e-06  -2.5772844e-06  -1.1452741e-05
  -7.6366083e-07  -2.5851431e-06  -2.5564446e-06  -1.1351404e-05
  -7.5264687e-07  -2.5642195e-06  -2.5356778e-06  -1.1250434e-05
  -7.4167793e-07  -2.5433693e-06  -2.5149837e-06  -1.1149830e-05
  -7.3075392e-07  -2.5225921e-06  -2.4943623e-06  -1.1049591e-05
  -7.1987474e-07  -2.5018879e-06  -2.4738134e-06  -1.0949715e-05
  -7.0904028e-07  -2.4812566e-06  -2.4533370e-06  -1.0850204e-05
  -6.9825045e-07  -2.4606980e-06  -2.4329328e-06  -1.0751055e-05
  -6.8750516e-07  -2.4402121e-06  -2.4126008e-06  -1.0652268e-05
  -6.7680429e-07  -2.4197985e-06  -2.3923408e-06  -1.0553844e-05
  -6.6614776e-07  -2.3994574e-06  -2.3721527e-06  -1.0455779e-05
  -6.5553547e-07  -2.3791884e-06  -2.3520364e-06  -1.0358076e-05
  -6.4496731e-07  -2.3589916e-06  -2.3319917e-06  -1.0260731e-05
  -6.3444320e-07  -2.3388666e-06  -2.3120186e-06  -1.0163746e-05
  -6.2396302e-07  -2.3188136e-06  -2.2921168e-06  -1.0067118e-05
  -6.1352668e-07  -2.2988322e-06  -2.2722863e-06  -9.9708485e-06
  -6.0313409e-07  -2.2789223e-06  -2.2525269e-06  -9.8749353e-06
  -5.9278514e-07  -2.2590840e-06  -2.2328385e-06  -9.7793783e-06
  -5.8247974e-07  -2.2393169e-06  -2.2132210e-06  -9.6841767e-06
  -5.7221778e-07  -2.2196210e-06  -2.1936742e-06  -9.5893299e-06
  -5.6199917e-07  -2.1999962e-06  -2.1741980e-06  -9.4948370e-06
  -5.5182381e-07  -2.1804422e-06  -2.1547923e-06  -9.4006976e-06
  -5.4169160e-07  -2.1609591e-06  -2.1354570e-06  -9.3069108e-06
  -5.3160245e-07  -2.1415466e-06  -2.1161919e-06  -9.2134760e-06
  -5.2155625e-07  -2.1222046e-06  -2.0969968e-06  -9.1203925e-06
  -5.1155290e-07  -2.1029331e-06  -2.0778717e-06  -9.0276597e-06
  -5.0159231e-07  -2.0837318e-06  -2.0588165e-06  -8.9352767e-06
  -4.9167438e-07  -2.0646006e-06  -2.0398309e-06  -8.8432430e-06
  -4.8179901e-07  -2.0455394e-06  -2.0209149e-06  -8.7515579e-06
  -4.7196610e-07  -2.0265481e-06  -2.0020684e-06  -8.6602206e-06
  -4.6217556e-07  -2.0076266e-06  -1.9832911e-06  -8.5692305e-06
  -4.5242728e-07  -1.9887746e-06  -1.9645831e-06  -8.4785868e-06
  -4.4272116e-07  -1.9699921e-06  -1.9459440e-06  -8.3882890e-06
  -4.3305711e-07  -1.9512790e-06  -1.9273739e-06  -8.2983362e-06
  -4.2343504e-07  -1.9326350e-06  -1.9088726e-06  -8.2087279e-06
  -4.1385483e-07  -1.9140602e-06  -1.8904399e-06  -8.1194632e-06
  -4.0431640e-07  -1.8955543e-06  -1.8720757e-06  -8.0305416e-06
  -3.9481964e-07  -1.8771172e-06  -1.8537799e-06  -7.9419624e-06
  -3.8536445e-07  -1.8587488e-06  -1.8355523e-06  -7.8537247e-06
  -3.7595075e-07  -1.8404489e-06  -1.8173929e-06  -7.7658280e-06
  -3.6657842e-07  -1.8222175e-06  -1.7993015e-06  -7.6782716e-06
  -3.5724737e-07  -1.8040543e-06  -1.7812779e-06  -7.5910547e-06
  -3.4795751e-07  -1.7859593e-06  -1.7633220e-06  -7.5041767e-06
  -3.3870873e-07  -1.7679323e-06  -1.7454338e-06  -7.4176368e-06
  -3.2950094e-07  -1.7499732e-06  -1.7276129e-06  -7.3314344e-06
  -3.2033404e-07  -1.7320818e-06  -1.7098595e-06  -7.2455688e-06
  -3.1120793e-07  -1.7142581e-06  -1.6921732e-06  -7.1600392e-06
  -3.0212251e-07  -1.6965018e-06  -1.6745539e-06  -7.0748451e-06
  -2.9307768e-07  -1.6788129e-06  -1.6570016e-06  -6.9899856e-06
  -2.8407335e-07  -1.6611912e-06  -1.6395161e-06  -6.9054602e-06
  -2.7510942e-07  -1.6436366e-06  -1.6220973e-06  -6.8212680e-06
  -2.6618579e-07  -1.6261490e-06  -1.6047449e-06  -6.7374084e-06
  -2.5730236e-07  -1.6087281e-06  -1.5874590e-06  -6.6538807e-06
  -2.4845904e-07  -1.5913740e-06  -1.5702393e-06  -6.5706843e-06
  -2.3965572e-07  -1.5740864e-06  -1.5530858e-06  -6.4878183e-06
  -2.3089231e-07  -1.5568652e-06  -1.5359983e-06  -6.4052822e-06
  -2.2216872e-07  -1.5397103e-06  -1.5189766e-06  -6.3230751e-06
  -2.1348483e-07  -1.5226215e-06  -1.5020206e-06  -6.2411965e-06
  -2.0484057e-07  -1.5055987e-06  -1.4851303e-06  -6.1596456e-06
  -1.9623582e-07  -1.4886419e-06  -1.4683054e-06  -6.0784216e-06
  -1.8767049e-07  -1.4717507e-06  -1.4515458e-06  -5.9975241e-06
  -1.7914449e-07  -1.4549252e-06  -1.4348514e-06  -5.9169521e-06
  -1.7065771e-07  -1.4381652e-06  -1.4182221e-06  -5.8367050e-06
  -1.6221006e-07  -1.4214705e-06  -1.4016577e-06  -5.7567822e-06
  -1.5380144e-07  -1.4048410e-06  -1.3851581e-06  -5.6771829e-06
  -1.4543176e-07  -1.3882765e-06  -1.3687232e-06  -5.5979064e-06
  -1.3710091e-07  -1.3717770e-06  -1.3523527e-06  -5.5189520e-06
  -1.2880880e-07  -1.3553423e-06  -1.3360467e-06  -5.4403190e-06
  -1.2055533e-07  -1.3389723e-06  -1.3198049e-06  -5.3620068e-06
  -1.1234041e-07  -1.3226668e-06  -1.3036273e-06  -5.2840146e-06
  -1.0416393e-07  -1.3064257e-06  -1.2875136e-06  -5.2063417e-06
  -9.6025810e-08  -1.2902489e-06  -1.2714638e-06  -5.1289874e-06
  -8.7925939e-08  -1.2741362e-06  -1.2554777e-06  -5.0519511e-06
  -7.9864225e-08  -1.2580875e-06  -1.2395551e-06  -4.9752319e-06
  -7.1840571e-08  -1.2421026e-06  -1.2236961e-06  -4.8988293e-06
  -6.3854880e-08  -1.2261815e-06  -1.2079003e-06  -4.8227425e-06
  -5.5907055e-08  -1.2103239e-06  -1.1921677e-06  -4.7469708e-06
  -4.7997000e-08  -1.1945298e-06  -1.1764982e-06  -4.6715136e-06
  -4.0124617e-08  -1.1787990e-06  -1.1608916e-06  -4.5963700e-06
  -3.2289811e-08  -1.1631314e-06  -1.1453477e-06  -4.5215395e-06
  -2.4492485e-08  -1.1475269e-06  -1.1298665e-06  -4.4470213e-06
  -1.6732542e-08  -1.1319852e-06  -1.1144478e-06  -4.3728147e-06
  -9.0098862e-09  -1.1165064e-06  -1.0990915e-06  -4.2989190e-06
  -1.3244207e-09  -1.1010901e-06  -1.0837974e-06  -4.2253335e-06
   6.3239506e-09  -1.0857364e-06  -1.0685654e-06  -4.1520576e-06
   1.3935324e-08  -1.0704450e-06  -1.0533954e-06  -4.0790905e-06
   2.1509795e-08  -1.0552159e-06  -1.0382872e-06  -4.0064314e-06
   2.9047461e-08  -1.0400489e-06  -1.0232407e-06  -3.9340798e-06
   3.6548417e-08  -1.0249438e-06  -1.0082558e-06  -3.8620349e-06
   4.4012759e-08  -1.0099006e-06  -9.9333226e-07  -3.7902960e-06
   5.1440583e-08  -9.9491906e-07  -9.7847005e-07  -3.7188625e-06
   5.8831986e-08  -9.7999907e-07  -9.6366900e-07  -3.6477335e-06
   6.6187062e-08  -9.6514050e-07  -9.4892897e-07  -3.5769085e-06
   7.3505907e-08  -9.5034322e-07  -9.3424983e-07  -3.5063866e-06
   8.0788618e-08  -9.3560709e-07  -9.1963144e-07  -3.4361673e-06
   8.8035289e-08  -9.2093197e-07  -9.0507367e-07  -3.3662498e-06
   9.5246016e-08  -9.0631772e-07  -8.9057639e-07  -3.2966334e-06
   1.0242090e-07  -8.9176423e-07  -8.7613945e-07  -3.2273175e-06
   1.0956002e-07  -8.7727133e-07  -8.6176273e-07  -3.1583012e-06
   1.1666349e-07  -8.6283891e-07  -8.4744608e-07  -3.0895839e-06
   1.2373139e-07  -8.4846683e-07  -8.3318938e-07  -3.0211650e-06
   1.3076383e-07  -8.3415494e-07  -8.1899249e-07  -2.9530437e-06
   1.3776090e-07  -8.1990312e-07  -8.0485527e-07  -2.8852193e-06
   1.4472268e-07  -8.0571123e-07  -7.9077759e-07  -2.8176911e-06
   1.5164929e-07  -7.9157914e-07  -7.7675931e-07  -2.7504585e-06
   1.5854081e-07  -7.7750670e-07  -7.6280031e-07  -2.6835206e-06
   1.6539733e-07  -7.6349378e-07  -7.4890043e-07  -2.6168769e-06
   1.7221896e-07  -7.4954025e-07  -7.3505956e-07  -2.5505266e-06
   1.7900578e-07  -7.3564597e-07  -7.2127755e-07  -2.4844691e-06
   1.8575789e-07  -7.2181081e-07  -7.0755427e-07  -2.4187036e-06
   1.9247539e-07  -7.0803463e-07  -6.9388958e-07  -2.3532294e-06
   1.9915837e-07  -6.9431729e-07  -6.8028336e-07  -2.2880458e-06
   2.0580692e-07  -6.8065866e-07  -6.6673545e-07  -2.2231522e-06
   2.1242114e-07  -6.6705860e-07  -6.5324574e-07  -2.1585478e-06
   2.1900112e-07  -6.5351699e-07  -6.3981409e-07  -2.0942320e-06
   2.2554695e-07  -6.4003367e-07  -6.2644035e-07  -2.0302040e-06
   2.3205874e-07  -6.2660853e-07  -6.1312440e-07  -1.9664632e-06
   2.3853657e-07  -6.1324141e-07  -5.9986610e-07  -1.9030088e-06
   2.4498054e-07  -5.9993219e-07  -5.8666532e-07  -1.8398402e-06
   2.5139074e-07  -5.8668074e-07  -5.7352192e-07  -1.7769567e-06
   2.5776726e-07  -5.7348691e-07  -5.6043576e-07  -1.7143576e-06
   2.6411021e-07  -5.6035057e-07  -5.4740672e-07  -1.6520421e-06
   2.7041966e-07  -5.4727159e-07  -5.3443466e-07  -1.5900096e-06
   2.7669572e-07  -5.3424982e-07  -5.2151944e-07  -1.5282594e-06
   2.8293848e-07  -5.2128515e-07  -5.0866092e-07  -1.4667907e-06
   2.8914803e-07  -5.0837742e-07  -4.9585899e-07  -1.4056030e-06
   2.9532446e-07  -4.9552651e-07  -4.8311349e-07  -1.3446955e-06
   3.0146787e-07  -4.8273227e-07  -4.7042430e-07  -1.2840675e-06
   3.0757835e-07  -4.6999459e-07  -4.5779127e-07  -1.2237184e-06
   3.1365600e-07  -4.5731331e-07  -4.4521429e-07  -1.1636473e-06
   3.1970090e-07  -4.4468830e-07  -4.3269321e-07  -1.1038537e-06
   3.2571315e-07  -4.3211944e-07  -4.2022789e-07  -1.0443369e-06
   3.3169284e-07  -4.1960658e-07  -4.0781821e-07  -9.8509608e-07
   3.3764006e-07  -4.0714960e-07  -3.9546403e-07  -9.2613065e-07
   3.4355491e-07  -3.9474834e-07  -3.8316522e-07  -8.6743989e-07
   3.4943747e-07  -3.8240269e-07  -3.7092164e-07  -8.0902311e-07
   3.5528785e-07  -3.7011251e-07  -3.5873315e-07  -7.5087963e-07
   3.6110613e-07  -3.5787765e-07  -3.4659963e-07  -6.9300875e-07
   3.6689240e-07  -3.4569800e-07  -3.3452094e-07  -6.3540979e-07
   3.7264676e-07  -3.3357340e-07  -3.2249694e-07  -5.7808205e-07
   3.7836929e-07  -3.2150374e-07  -3.1052751e-07  -5.2102485e-07
   3.8406010e-07  -3.0948886e-07  -2.9861251e-07  -4.6423750e-07
   3.8971926e-07  -2.9752865e-07  -2.8675180e-07  -4.0771931e-07
   3.9534688e-07  -2.8562296e-07  -2.7494525e-07  -3.5146960e-07
   4.0094304e-07  -2.7377166e-07  -2.6319273e-07  -2.9548768e-07
   4.0650784e-07  -2.6197462e-07  -2.5149410e-07  -2.3977285e-07
   4.1204136e-07  -2.5023170e-07  -2.3984923e-07  -1.8432445e-07
   4.1754370e-07  -2.3854277e-07  -2.2825799e-07  -1.2914177e-07
   4.2301495e-07  -2.2690769e-07  -2.1672025e-07  -7.4224141e-08
   4.2845519e-07  -2.1532633e-07  -2.0523586e-07  -1.9570871e-08
   4.3386453e-07  -2.0379856e-07  -1.9380471e-07   3.4818722e-08
   4.3924304e-07  -1.9232424e-07  -1.8242664e-07   8.8945323e-08
   4.4459083e-07  -1.8090324e-07  -1.7110154e-07   1.4280961e-07
   4.4990797e-07  -1.6953543e-07  -1.5982927e-07   1.9641228e-07
   4.5519457e-07  -1.5822067e-07  -1.4860969e-07   2.4975400e-07
   4.6045071e-07  -1.4695882e-07  -1.3744267e-07   3.0283546e-07
   4.6567648e-07  -1.3574976e-07  -1.2632808e-07   3.5565734e-07
   4.7087198e-07  -1.2459335e-07  -1.1526579e-07   4.0822031e-07
   4.7603728e-07  -1.1348945e-07  -1.0425567e-07   4.6052507e-07
   4.8117249e-07  -1.0243795e-07  -9.3297575e-08   5.1257229e-07
   4.8627768e-07  -9.1438688e-08  -8.2391381e-08   5.6436265e-07
   4.9135296e-07  -8.0491549e-08  -7.1536953e-08   6.1589683e-07
   4.9639841e-07  -6.9596395e-08  -6.0734160e-08   6.6717551e-07
   5.0141412e-07  -5.8753093e-08  -4.9982868e-08   7.1819936e-07
   5.0640017e-07  -4.7961510e-08  -3.9282947e-08   7.6896907e-07
   5.1135666e-07  -3.7221514e-08  -2.8634264e-08   8.1948530e-07
   5.1628368e-07  -2.6532972e-08  -1.8036687e-08   8.6974875e-07
   5.2118132e-07  -1.5895750e-08  -7.4900838e-09   9.1976007e-07
   5.2604966e-07  -5.3097179e-09   3.0056771e-09   9.6951996e-07
   5.3088880e-07   5.2252586e-09   1.3450728e-08   1.0190291e-06
   5.3569881e-07   1.5709311e-08   2.3845199e-08   1.0682881e-06
   5.4047980e-07   2.6142572e-08   3.4189224e-08   1.1172977e-06
   5.4523184e-07   3.6525174e-08   4.4482933e-08   1.1660586e-06
   5.4995504e-07   4.6857248e-08   5.4726458e-08   1.2145713e-06
   5.5464946e-07   5.7138927e-08   6.4919929e-08   1.2628367e-06
   5.5931521e-07   6.7370343e-08   7.5063479e-08   1.3108554e-06
   5.6395237e-07   7.7551627e-08   8.5157238e-08   1.3586280e-06
   5.6856104e-07   8.7682912e-08   9.5201338e-08   1.4061552e-06
   5.7314128e-07   9.7764328e-08   1.0519591e-07   1.4534377e-06
   5.7769320e-07   1.0779601e-07   1.1514108e-07   1.5004761e-06
   5.8221688e-07   1.1777808e-07   1.2503699e-07   1.5472712e-06
   5.8671242e-07   1.2771068e-07   1.3488376e-07   1.5938235e-06
   5.9117988e-07   1.3759394e-07   1.4468152e-07   1.6401338e-06
   5.9561937e-07   1.4742799e-07   1.5443041e-07   1.6862028e-06
   6.0003097e-07   1.5721295e-07   1.6413055e-07   1.7320310e-06
   6.0441477e-07   1.6694897e-07   1.7378208e-07   1.7776191e-06
   6.0877085e-07   1.7663617e-07   1.8338512e-07   1.8229679e-06
   6.1309930e-07   1.8627468e-07   1.9293981e-07   1.8680780e-06
   6.1740021e-07   1.9586463e-07   2.0244628e-07   1.9129500e-06
   6.2167366e-07   2.0540616e-07   2.1190465e-07   1.9575846e-06
   6.2591974e-07   2.1489939e-07   2.2131505e-07   2.0019826e-06
   6.3013854e-07   2.2434445e-07   2.3067762e-07   2.0461444e-06
   6.3433014e-07   2.3374148e-07   2.3999248e-07   2.0900708e-06
   6.3849462e-07   2.4309060e-07   2.4925977e-07   2.1337625e-06
   6.4263208e-07   2.5239195e-07   2.5847961e-07   2.1772201e-06
   6.4674260e-07   2.6164565e-07   2.6765213e-07   2.2204443e-06
   6.5082626e-07   2.7085184e-07   2.7677746e-07   2.2634357e-06
   6.5488315e-07   2.8001064e-07   2.8585573e-07   2.3061950e-06
   6.5891336e-07   2.8912218e-07   2.9488707e-07   2.3487229e-06
   6.6291697e-07   2.9818660e-07   3.0387161e-07   2.3910199e-06
   6.6689406e-07   3.0720402e-07   3.1280948e-07   2.4330869e-06
   6.7084473e-07   3.1617457e-07   3.2170079e-07   2.4749243e-06
   6.7476904e-07   3.2509837e-07   3.3054570e-07   2.5165329e-06
   6.7866710e-07   3.3397557e-07   3.3934431e-07   2.5579134e-06
   6.8253899e-07   3.4280629e-07   3.4809676e-07   2.5990663e-06
   6.8638478e-07   3.5159065e-07   3.5680318e-07   2.6399924e-06
   6.9020456e-07   3.6032879e-07   3.6546370e-07   2.6806922e-06
   6.9399843e-07   3.6902084e-07   3.7407844e-07   2.7211665e-06
   6.9776645e-07   3.7766691e-07   3.8264753e-07   2.7614159e-06
   7.0150872e-07   3.8626715e-07   3.9117109e-07   2.8014410e-06
   7.0522532e-07   3.9482168e-07   3.9964927e-07   2.8412425e-06
   7.0891633e-07   4.0333062e-07   4.0808218e-07   2.8808210e-06
   7.1258184e-07   4.1179411e-07   4.1646994e-07   2.9201772e-06
   7.1622193e-07   4.2021227e-07   4.2481270e-07   2.9593117e-06
   7.1983668e-07   4.2858523e-07   4.3311057e-07   2.9982252e-06
   7.2342617e-07   4.3691311e-07   4.4136368e-07   3.0369184e-06
   7.2699050e-07   4.4519606e-07   4.4957216e-07   3.0753918e-06
   7.3052974e-07   4.5343418e-07   4.5773613e-07   3.1136461e-06
   7.3404397e-07   4.6162762e-07   4.6585573e-07   3.1516819e-06
   7.3753328e-07   4.6977649e-07   4.7393107e-07   3.1895000e-06
   7.4099775e-07   4.7788092e-07   4.8196228e-07   3.2271009e-06
   7.4443747e-07   4.8594105e-07   4.8994950e-07   3.2644852e-06
   7.4785251e-07   4.9395699e-07   4.9789284e-07   3.3016537e-06
   7.5124295e-07   5.0192887e-07   5.0579243e-07   3.3386070e-06
   7.5460888e-07   5.0985682e-07   5.1364839e-07   3.3753456e-06
   7.5795039e-07   5.1774097e-07   5.2146086e-07   3.4118703e-06
   7.6126755e-07   5.2558145e-07   5.2922996e-07   3.4481816e-06
   7.6456044e-07   5.3337836e-07   5.3695581e-07   3.4842803e-06
   7.6782915e-07   5.4113186e-07   5.4463854e-07   3.5201669e-06
   7.7107375e-07   5.4884205e-07   5.5227827e-07   3.5558421e-06
   7.7429434e-07   5.5650906e-07   5.5987513e-07   3.5913064e-06
   7.7749098e-07   5.6413303e-07   5.6742924e-07   3.6265607e-06
   7.8066376e-07   5.7171407e-07   5.7494072e-07   3.6616054e-06
   7.8381276e-07   5.7925231e-07   5.8240971e-07   3.6964412e-06
   7.8693807e-07   5.8674788e-07   5.8983633e-07   3.7310688e-06
   7.9003976e-07   5.9420090e-07   5.9722069e-07   3.7654888e-06
   7.9311791e-07   6.0161149e-07   6.0456293e-07   3.7997017e-06
   7.9617260e-07   6.0897978e-07   6.1186316e-07   3.8337083e-06
   7.9920392e-07   6.1630590e-07   6.1912152e-07   3.8675092e-06
   8.0221194e-07   6.2358996e-07   6.2633812e-07   3.9011049e-06
   8.0519674e-07   6.3083210e-07   6.3351309e-07   3.9344961e-06
   8.0815841e-07   6.3803243e-07   6.4064655e-07   3.9676835e-06
   8.1109702e-07   6.4519108e-07   6.4773862e-07   4.0006677e-06
   8.1401265e-07   6.5230818e-07   6.5478944e-07   4.0334492e-06
   8.1690538e-07   6.5938384e-07   6.6179911e-07   4.0660287e-06
   8.1977529e-07   6.6641820e-07   6.6876777e-07   4.0984069e-06
   8.2262247e-07   6.7341137e-07   6.7569553e-07   4.1305843e-06
   8.2544698e-07   6.8036347e-07   6.8258252e-07   4.1625616e-06
   8.2824891e-07   6.8727464e-07   6.8942886e-07   4.1943394e-06
   8.3102833e-07   6.9414498e-07   6.9623467e-07   4.2259183e-06
   8.3378533e-07   7.0097464e-07   7.0300008e-07   4.2572990e-06
   8.3651998e-07   7.0776372e-07   7.0972520e-07   4.2884820e-06
   8.3923237e-07   7.1451235e-07   7.1641016e-07   4.3194679e-06
   8.4192256e-07   7.2122065e-07   7.2305508e-07   4.3502575e-06
   8.4459064e-07   7.2788875e-07   7.2966008e-07   4.3808512e-06
   8.4723669e-07   7.3451676e-07   7.3622528e-07   4.4112498e-06
   8.4986077e-07   7.4110481e-07   7.4275080e-07   4.4414537e-06
   8.5246298e-07   7.4765302e-07   7.4923677e-07   4.4714637e-06
   8.5504339e-07   7.5416151e-07   7.5568330e-07   4.5012804e-06
   8.5760207e-07   7.6063041e-07   7.6209052e-07   4.5309043e-06
   8.6013911e-07   7.6705982e-07   7.6845854e-07   4.5603360e-06
   8.6265458e-07   7.7344988e-07   7.7478749e-07   4.5895763e-06
   8.6514855e-07   7.7980071e-07   7.8107748e-07   4.6186256e-06
   8.6762110e-07   7.8611242e-07   7.8732864e-07   4.6474846e-06
   8.7007232e-07   7.9238514e-07   7.9354108e-07   4.6761539e-06
   8.7250227e-07   7.9861898e-07   7.9971493e-07   4.7046341e-06
   8.7491103e-07   8.0481407e-07   8.0585031e-07   4.7329258e-06
   8.7729868e-07   8.1097053e-07   8.1194732e-07   4.7610297e-06
   8.7966530e-07   8.1708847e-07   8.1800610e-07   4.7889462e-06
   8.8201096e-07   8.2316802e-07   8.2402676e-07   4.8166761e-06
   8.8433573e-07   8.2920929e-07   8.3000942e-07   4.8442198e-06
   8.8663970e-07   8.3521241e-07   8.3595420e-07   4.8715781e-06
   8.8892293e-07   8.4117750e-07   8.4186122e-07   4.8987515e-06
   8.9118551e-07   8.4710466e-07   8.4773059e-07   4.9257406e-06
   8.9342751e-07   8.5299403e-07   8.5356244e-07   4.9525460e-06
   8.9564900e-07   8.5884572e-07   8.5935688e-07   4.9791684e-06
   8.9785006e-07   8.6465985e-07   8.6511403e-07   5.0056082e-06
   9.0003076e-07   8.7043653e-07   8.7083401e-07   5.0318661e-06
   9.0219118e-07   8.7617589e-07   8.7651693e-07   5.0579427e-06
   9.0433139e-07   8.8187805e-07   8.8216292e-07   5.0838386e-06
   9.0645146e-07   8.8754311e-07   8.8777208e-07   5.1095544e-06
   9.0855148e-07   8.9317121e-07   8.9334454e-07   5.1350906e-06
   9.1063152e-07   8.9876245e-07   8.9888042e-07   5.1604479e-06
   9.1269164e-07   9.0431696e-07   9.0437982e-07   5.1856268e-06
   9.1473193e-07   9.0983484e-07   9.0984288e-07   5.2106280e-06
   9.1675245e-07   9.1531623e-07   9.1526969e-07   5.2354520e-06
   9.1875328e-07   9.2076123e-07   9.2066038e-07   5.2600994e-06
   9.2073450e-07   9.2616996e-07   9.2601507e-07   5.2845708e-06
   9.2269617e-07   9.3154254e-07   9.3133387e-07   5.3088668e-06
   9.2463837e-07   9.3687909e-07   9.3661690e-07   5.3329879e-06
   9.2656118e-07   9.4217971e-07   9.4186427e-07   5.3569348e-06
   9.2846466e-07   9.4744454e-07   9.4707609e-07   5.3807080e-06
   9.3034889e-07   9.5267367e-07   9.5225249e-07   5.4043081e-06
   9.3221393e-07   9.5786723e-07   9.5739358e-07   5.4277357e-06
   9.3405988e-07   9.6302534e-07   9.6249947e-07   5.4509913e-06
   9.3588679e-07   9.6814811e-07   9.6757027e-07   5.4740756e-06
   9.3769473e-07   9.7323565e-07   9.7260611e-07   5.4969892e-06
   9.3948379e-07   9.7828808e-07   9.7760709e-07   5.5197325e-06
   9.4125402e-07   9.8330551e-07   9.8257333e-07   5.5423062e-06
   9.4300551e-07   9.8828806e-07   9.8750495e-07   5.5647108e-06
   9.4473833e-07   9.9323585e-07   9.9240205e-07   5.5869470e-06
   9.4645254e-07   9.9814898e-07   9.9726475e-07   5.6090153e-06
   9.4814821e-07   1.0030276e-06   1.0020932e-06   5.6309162e-06
   9.4982543e-07   1.0078717e-06   1.0068874e-06   5.6526503e-06
   9.5148425e-07   1.0126816e-06   1.0116476e-06   5.6742183e-06
   9.5312476e-07   1.0174573e-06   1.0163738e-06   5.6956206e-06
   9.5474701e-07   1.0221988e-06   1.0210662e-06   5.7168579e-06
   9.5635109e-07   1.0269064e-06   1.0257249e-06   5.7379307e-06
   9.5793706e-07   1.0315802e-06   1.0303500e-06   5.7588396e-06
   9.5950499e-07   1.0362202e-06   1.0349416e-06   5.7795851e-06
   9.6105495e-07   1.0408266e-06   1.0394998e-06   5.8001678e-06
   9.6258702e-07   1.0453994e-06   1.0440247e-06   5.8205883e-06
   9.6410125e-07   1.0499389e-06   1.0485165e-06   5.8408471e-06
   9.6559773e-07   1.0544450e-06   1.0529752e-06   5.8609448e-06
   9.6707652e-07   1.0589180e-06   1.0574009e-06   5.8808819e-06
   9.6853769e-07   1.0633579e-06   1.0617939e-06   5.9006591e-06
   9.6998131e-07   1.0677648e-06   1.0661541e-06   5.9202768e-06
   9.7140745e-07   1.0721389e-06   1.0704817e-06   5.9397357e-06
   9.7281617e-07   1.0764802e-06   1.0747769e-06   5.9590362e-06
   9.7420755e-07   1.0807889e-06   1.0790396e-06   5.9781790e-06
   9.7558166e-07   1.0850651e-06   1.0832701e-06   5.9971645e-06
   9.7693856e-07   1.0893089e-06   1.0874684e-06   6.0159934e-06
   9.7827833e-07   1.0935204e-06   1.0916346e-06   6.0346662e-06
   9.7960102e-07   1.0976997e-06   1.0957689e-06   6.0531834e-06
   9.8090671e-07   1.1018470e-06   1.0998714e-06   6.0715457e-06
   9.8219547e-07   1.1059623e-06   1.1039421e-06   6.0897535e-06
   9.8346736e-07   1.1100457e-06   1.1079812e-06   6.1078074e-06
   9.8472246e-07   1.1140974e-06   1.1119888e-06   6.1257079e-06
   9.8596082e-07   1.1181174e-06   1.1159651e-06   6.1434556e-06
   9.8718252e-07   1.1221059e-06   1.1199100e-06   6.1610511e-06
   9.8838762e-07   1.1260630e-06   1.1238237e-06   6.1784948e-06
   9.8957620e-07   1.1299888e-06   1.1277064e-06   6.1957873e-06
   9.9074831e-07   1.1338834e-06   1.1315581e-06   6.2129293e-06
   9.9190403e-07   1.1377469e-06   1.1353789e-06   6.2299211e-06
   9.9304342e-07   1.1415794e-06   1.1391690e-06   6.2467634e-06
   9.9416654e-07   1.1453811e-06   1.1429284e-06   6.2634566e-06
   9.9527347e-07   1.1491519e-06   1.1466573e-06   6.2800014e-06
   9.9636427e-07   1.1528921e-06   1.1503558e-06   6.2963983e-06
   9.9743901e-07   1.1566018e-06   1.1540239e-06   6.3126477e-06
   9.9849775e-07   1.1602810e-06   1.1576619e-06   6.3287503e-06
   9.9954056e-07   1.1639299e-06   1.1612697e-06   6.3447066e-06
   1.0005675e-06   1.1675485e-06   1.1648475e-06   6.3605171e-06
   1.0015786e-06   1.1711371e-06   1.1683954e-06   6.3761823e-06
   1.0025740e-06   1.1746956e-06   1.1719136e-06   6.3917027e-06
   1.0035538e-06   1.1782242e-06   1.1754020e-06   6.4070790e-06
   1.0045179e-06   1.1817230e-06   1.1788609e-06   6.4223116e-06
   1.0054665e-06   1.1851921e-06   1.1822903e-06   6.4374011e-06
   1.0063996e-06   1.1886316e-06   1.1856903e-06   6.4523479e-06
   1.0073173e-06   1.1920416e-06   1.1890610e-06   6.4671527e-06
   1.0082197e-06   1.1954222e-06   1.1924026e-06   6.4818159e-06
   1.0091068e-06   1.1987735e-06   1.1957152e-06   6.4963380e-06
   1.0099786e-06   1.2020957e-06   1.1989987e-06   6.5107197e-06
   1.0108353e-06   1.2053888e-06   1.2022535e-06   6.5249613e-06
   1.0116769e-06   1.2086530e-06   1.2054795e-06   6.5390635e-06
   1.0125035e-06   1.2118883e-06   1.2086768e-06   6.5530267e-06
   1.0133151e-06   1.2150948e-06   1.2118456e-06   6.5668515e-06
   1.0141119e-06   1.2182727e-06   1.2149860e-06   6.5805384e-06
   1.0148937e-06   1.2214220e-06   1.2180981e-06   6.5940879e-06
   1.0156609e-06   1.2245430e-06   1.2211819e-06   6.6075005e-06
   1.0164133e-06   1.2276355e-06   1.2242376e-06   6.6207768e-06
   1.0171510e-06   1.2306998e-06   1.2272653e-06   6.6339172e-06
   1.0178742e-06   1.2337360e-06   1.2302651e-06   6.6469223e-06
   1.0185829e-06   1.2367442e-06   1.2332371e-06   6.6597926e-06
   1.0192770e-06   1.2397245e-06   1.2361813e-06   6.6725285e-06
   1.0199568e-06   1.2426769e-06   1.2390979e-06   6.6851307e-06
   1.0206223e-06   1.2456016e-06   1.2419871e-06   6.6975995e-06
   1.0212735e-06   1.2484986e-06   1.2448488e-06   6.7099356e-06
   1.0219105e-06   1.2513682e-06   1.2476832e-06   6.7221394e-06
   1.0225333e-06   1.2542104e-06   1.2504904e-06   6.7342114e-06
   1.0231420e-06   1.2570252e-06   1.2532705e-06   6.7461522e-06
   1.0237368e-06   1.2598128e-06   1.2560236e-06   6.7579622e-06
   1.0243175e-06   1.2625733e-06   1.2587498e-06   6.7696420e-06
   1.0248844e-06   1.2653068e-06   1.2614491e-06   6.7811920e-06
   1.0254374e-06   1.2680134e-06   1.2641218e-06   6.7926128e-06
   1.0259766e-06   1.2706932e-06   1.2667679e-06   6.8039048e-06
   1.0265021e-06   1.2733462e-06   1.2693875e-06   6.8150686e-06
   1.0270139e-06   1.2759727e-06   1.2719807e-06   6.8261046e-06
   1.0275122e-06   1.2785727e-06   1.2745475e-06   6.8370133e-06
   1.0279969e-06   1.2811462e-06   1.2770882e-06   6.8477953e-06
   1.0284681e-06   1.2836934e-06   1.2796028e-06   6.8584511e-06
   1.0289259e-06   1.2862145e-06   1.2820913e-06   6.8689810e-06
   1.0293703e-06   1.2887094e-06   1.2845539e-06   6.8793857e-06
   1.0298015e-06   1.2911783e-06   1.2869908e-06   6.8896656e-06
   1.0302194e-06   1.2936213e-06   1.2894019e-06   6.8998212e-06
   1.0306241e-06   1.2960385e-06   1.2917874e-06   6.9098530e-06
   1.0310157e-06   1.2984299e-06   1.2941474e-06   6.9197615e-06
   1.0313942e-06   1.3007958e-06   1.2964820e-06   6.9295472e-06
   1.0317597e-06   1.3031361e-06   1.2987912e-06   6.9392105e-06
   1.0321123e-06   1.3054510e-06   1.3010752e-06   6.9487520e-06
   1.0324520e-06   1.3077406e-06   1.3033341e-06   6.9581721e-06
   1.0327789e-06   1.3100050e-06   1.3055680e-06   6.9674713e-06
   1.0330930e-06   1.3122442e-06   1.3077769e-06   6.9766502e-06
   1.0333944e-06   1.3144584e-06   1.3099610e-06   6.9857091e-06
   1.0336831e-06   1.3166477e-06   1.3121204e-06   6.9946485e-06
   1.0339593e-06   1.3188121e-06   1.3142551e-06   7.0034690e-06
   1.0342229e-06   1.3209518e-06   1.3163653e-06   7.0121711e-06
   1.0344740e-06   1.3230668e-06   1.3184510e-06   7.0207551e-06
   1.0347127e-06   1.3251573e-06   1.3205123e-06   7.0292216e-06
   1.0349390e-06   1.3272233e-06   1.3225494e-06   7.0375711e-06
   1.0351530e-06   1.3292650e-06   1.3245624e-06   7.0458039e-06
   1.0353548e-06   1.3312824e-06   1.3265512e-06   7.0539207e-06
   1.0355444e-06   1.3332757e-06   1.3285161e-06   7.0619219e-06
   1.0357218e-06   1.3352449e-06   1.3304571e-06   7.0698079e-06
   1.0358872e-06   1.3371901e-06   1.3323743e-06   7.0775792e-06
   1.0360406e-06   1.3391114e-06   1.3342678e-06   7.0852362e-06
   1.0361819e-06   1.3410089e-06   1.3361377e-06   7.0927796e-06
   1.0363114e-06   1.3428827e-06   1.3379841e-06   7.1002097e-06
   1.0364290e-06   1.3447330e-06   1.3398071e-06   7.1075269e-06
   1.0365348e-06   1.3465597e-06   1.3416068e-06   7.1147318e-06
   1.0366289e-06   1.3483630e-06   1.3433832e-06   7.1218248e-06
   1.0367113e-06   1.3501430e-06   1.3451365e-06   7.1288064e-06
   1.0367820e-06   1.3518998e-06   1.3468668e-06   7.1356770e-06
   1.0368412e-06   1.3536335e-06   1.3485741e-06   7.1424372e-06
   1.0368889e-06   1.3553441e-06   1.3502585e-06   7.1490873e-06
   1.0369250e-06   1.3570317e-06   1.3519202e-06   7.1556278e-06
   1.0369498e-06   1.3586965e-06   1.3535592e-06   7.1620592e-06
   1.0369632e-06   1.3603386e-06   1.3551757e-06   7.1683819e-06
   1.0369654e-06   1.3619580e-06   1.3567696e-06   7.1745965e-06
   1.0369562e-06   1.3635548e-06   1.3583412e-06   7.1807032e-06
   1.0369359e-06   1.3651291e-06   1.3598904e-06   7.1867027e-06
   1.0369044e-06   1.3666810e-06   1.3614174e-06   7.1925954e-06
   1.0368619e-06   1.3682106e-06   1.3629223e-06   7.1983816e-06
   1.0368083e-06   1.3697180e-06   1.3644052e-06   7.2040619e-06
   1.0367438e-06   1.3712033e-06   1.3658661e-06   7.2096367e-06
   1.0366683e-06   1.3726665e-06   1.3673052e-06   7.2151065e-06
   1.0365820e-06   1.3741079e-06   1.3687225e-06   7.2204717e-06
   1.0364848e-06   1.3755273e-06   1.3701181e-06   7.2257327e-06
   1.0363769e-06   1.3769250e-06   1.3714921e-06   7.2308900e-06
   1.0362583e-06   1.3783011e-06   1.3728447e-06   7.2359441e-06
   1.0361290e-06   1.3796555e-06   1.3741758e-06   7.2408954e-06
   1.0359891e-06   1.3809885e-06   1.3754856e-06   7.2457443e-06
   1.0358386e-06   1.3823001e-06   1.3767742e-06   7.2504912e-06
   1.0356777e-06   1.3835903e-06   1.3780417e-06   7.2551367e-06
   1.0355063e-06   1.3848593e-06   1.3792881e-06   7.2596811e-06
   1.0353245e-06   1.3861072e-06   1.3805135e-06   7.2641249e-06
   1.0351324e-06   1.3873341e-06   1.3817181e-06   7.2684686e-06
   1.0349300e-06   1.3885400e-06   1.3829018e-06   7.2727125e-06
   1.0347174e-06   1.3897250e-06   1.3840649e-06   7.2768571e-06
   1.0344945e-06   1.3908893e-06   1.3852073e-06   7.2809029e-06
   1.0342616e-06   1.3920328e-06   1.3863293e-06   7.2848502e-06
   1.0340185e-06   1.3931558e-06   1.3874308e-06   7.2886995e-06
   1.0337655e-06   1.3942582e-06   1.3885119e-06   7.2924512e-06
   1.0335024e-06   1.3953402e-06   1.3895728e-06   7.2961059e-06
   1.0332294e-06   1.3964018e-06   1.3906134e-06   7.2996638e-06
   1.0329465e-06   1.3974432e-06   1.3916340e-06   7.3031254e-06
   1.0326539e-06   1.3984645e-06   1.3926346e-06   7.3064912e-06
   1.0323514e-06   1.3994656e-06   1.3936153e-06   7.3097615e-06
   1.0320392e-06   1.4004467e-06   1.3945761e-06   7.3129369e-06
   1.0317173e-06   1.4014080e-06   1.3955172e-06   7.3160176e-06
   1.0313858e-06   1.4023494e-06   1.3964386e-06   7.3190042e-06
   1.0310448e-06   1.4032710e-06   1.3973404e-06   7.3218971e-06
   1.0306942e-06   1.4041730e-06   1.3982228e-06   7.3246967e-06
   1.0303341e-06   1.4050555e-06   1.3990857e-06   7.3274034e-06
   1.0299646e-06   1.4059184e-06   1.3999293e-06   7.3300176e-06
   1.0295857e-06   1.4067619e-06   1.4007536e-06   7.3325398e-06
   1.0291975e-06   1.4075862e-06   1.4015588e-06   7.3349703e-06
   1.0288000e-06   1.4083912e-06   1.4023449e-06   7.3373096e-06
   1.0283933e-06   1.4091770e-06   1.4031121e-06   7.3395582e-06
   1.0279774e-06   1.4099438e-06   1.4038603e-06   7.3417163e-06
   1.0275524e-06   1.4106916e-06   1.4045897e-06   7.3437844e-06
   1.0271183e-06   1.4114205e-06   1.4053003e-06   7.3457630e-06
   1.0266751e-06   1.4121306e-06   1.4059923e-06   7.3476524e-06
   1.0262230e-06   1.4128220e-06   1.4066657e-06   7.3494531e-06
   1.0257620e-06   1.4134947e-06   1.4073206e-06   7.3511655e-06
   1.0252920e-06   1.4141488e-06   1.4079572e-06   7.3527899e-06
   1.0248132e-06   1.4147845e-06   1.4085753e-06   7.3543268e-06
   1.0243256e-06   1.4154017e-06   1.4091753e-06   7.3557766e-06
   1.0238293e-06   1.4160007e-06   1.4097570e-06   7.3571397e-06
   1.0233243e-06   1.4165814e-06   1.4103207e-06   7.3584165e-06
   1.0228106e-06   1.4171440e-06   1.4108664e-06   7.3596074e-06
   1.0222883e-06   1.4176884e-06   1.4113941e-06   7.3607127e-06
   1.0217575e-06   1.4182149e-06   1.4119040e-06   7.3617330e-06
   1.0212181e-06   1.4187235e-06   1.4123962e-06   7.3626686e-06
   1.0206703e-06   1.4192143e-06   1.4128706e-06   7.3635199e-06
   1.0201141e-06   1.4196873e-06   1.4133275e-06   7.3642873e-06
   1.0195495e-06   1.4201426e-06   1.4137668e-06   7.3649711e-06
   1.0189766e-06   1.4205804e-06   1.4141887e-06   7.3655719e-06
   1.0183954e-06   1.4210006e-06   1.4145933e-06   7.3660899e-06
   1.0178060e-06   1.4214034e-06   1.4149805e-06   7.3665257e-06
   1.0172084e-06   1.4217889e-06   1.4153506e-06   7.3668795e-06
   1.0166026e-06   1.4221571e-06   1.4157035e-06   7.3671517e-06
   1.0159888e-06   1.4225081e-06   1.4160394e-06   7.3673428e-06
   1.0153669e-06   1.4228420e-06   1.4163583e-06   7.3674532e-06
   1.0147370e-06   1.4231589e-06   1.4166604e-06   7.3674832e-06
   1.0140992e-06   1.4234588e-06   1.4169456e-06   7.3674332e-06
   1.0134535e-06   1.4237418e-06   1.4172141e-06   7.3673036e-06
   1.0127999e-06   1.4240081e-06   1.4174659e-06   7.3670948e-06
   1.0121385e-06   1.4242576e-06   1.4177012e-06   7.3668072e-06
   1.0114693e-06   1.4244905e-06   1.4179199e-06   7.3664412e-06
   1.0107923e-06   1.4247069e-06   1.4181223e-06   7.3659971e-06
   1.0101077e-06   1.4249067e-06   1.4183083e-06   7.3654753e-06
   1.0094155e-06   1.4250902e-06   1.4184780e-06   7.3648762e-06
   1.0087156e-06   1.4252573e-06   1.4186316e-06   7.3642002e-06
   1.0080082e-06   1.4254082e-06   1.4187690e-06   7.3634477e-06
   1.0072933e-06   1.4255428e-06   1.4188904e-06   7.3626190e-06
   1.0065709e-06   1.4256614e-06   1.4189958e-06   7.3617146e-06
   1.0058412e-06   1.4257640e-06   1.4190853e-06   7.3607347e-06
   1.0051040e-06   1.4258507e-06   1.4191591e-06   7.3596798e-06
   1.0043595e-06   1.4259214e-06   1.4192171e-06   7.3585502e-06
   1.0036077e-06   1.4259764e-06   1.4192594e-06   7.3573464e-06
   1.0028487e-06   1.4260156e-06   1.4192862e-06   7.3560686e-06
   1.0020825e-06   1.4260392e-06   1.4192974e-06   7.3547173e-06
   1.0013091e-06   1.4260473e-06   1.4192932e-06   7.3532929e-06
   1.0005286e-06   1.4260398e-06   1.4192737e-06   7.3517956e-06
   9.9974098e-07   1.4260170e-06   1.4192389e-06   7.3502259e-06
   9.9894637e-07   1.4259788e-06   1.4191888e-06   7.3485841e-06
   9.9814477e-07   1.4259253e-06   1.4191236e-06   7.3468706e-06
   9.9733622e-07   1.4258566e-06   1.4190434e-06   7.3450858e-06
   9.9652078e-07   1.4257728e-06   1.4189482e-06   7.3432300e-06
   9.9569847e-07   1.4256740e-06   1.4188380e-06   7.3413036e-06
   9.9486934e-07   1.4255602e-06   1.4187130e-06   7.3393070e-06
   9.9403343e-07   1.4254315e-06   1.4185733e-06   7.3372404e-06
   9.9319079e-07   1.4252880e-06   1.4184188e-06   7.3351044e-06
   9.9234146e-07   1.4251297e-06   1.4182497e-06   7.3328991e-06
   9.9148547e-07   1.4249567e-06   1.4180661e-06   7.3306251e-06
   9.9062288e-07   1.4247692e-06   1.4178680e-06   7.3282825e-06
   9.8975371e-07   1.4245671e-06   1.4176555e-06   7.3258719e-06
   9.8887801e-07   1.4243505e-06   1.4174286e-06   7.3233936e-06
   9.8799583e-07   1.4241196e-06   1.4171875e-06   7.3208478e-06
   9.8710720e-07   1.4238743e-06   1.4169322e-06   7.3182351e-06
   9.8621217e-07   1.4236148e-06   1.4166627e-06   7.3155556e-06
   9.8531077e-07   1.4233411e-06   1.4163793e-06   7.3128098e-06
   9.8440304e-07   1.4230533e-06   1.4160818e-06   7.3099980e-06
   9.8348903e-07   1.4227515e-06   1.4157704e-06   7.3071206e-06
   9.8256878e-07   1.4224357e-06   1.4154452e-06   7.3041779e-06
   9.8164232e-07   1.4221061e-06   1.4151062e-06   7.3011702e-06
   9.8070970e-07   1.4217626e-06   1.4147536e-06   7.2980980e-06
   9.7977096e-07   1.4214053e-06   1.4143872e-06   7.2949615e-06
   9.7882613e-07   1.4210344e-06   1.4140074e-06   7.2917611e-06
   9.7787526e-07   1.4206499e-06   1.4136140e-06   7.2884971e-06
   9.7691838e-07   1.4202519e-06   1.4132073e-06   7.2851699e-06
   9.7595553e-07   1.4198403e-06   1.4127872e-06   7.2817799e-06
   9.7498676e-07   1.4194154e-06   1.4123538e-06   7.2783273e-06
   9.7401210e-07   1.4189772e-06   1.4119071e-06   7.2748125e-06
   9.7303160e-07   1.4185257e-06   1.4114474e-06   7.2712358e-06
   9.7204528e-07   1.4180610e-06   1.4109746e-06   7.2675976e-06
   9.7105319e-07   1.4175831e-06   1.4104887e-06   7.2638983e-06
   9.7005537e-07   1.4170923e-06   1.4099900e-06   7.2601381e-06
   9.6905186e-07   1.4165884e-06   1.4094783e-06   7.2563173e-06
   9.6804269e-07   1.4160716e-06   1.4089539e-06   7.2524364e-06
   9.6702790e-07   1.4155420e-06   1.4084167e-06   7.2484956e-06
   9.6600754e-07   1.4149996e-06   1.4078668e-06   7.2444954e-06
   9.6498163e-07   1.4144445e-06   1.4073044e-06   7.2404359e-06
   9.6395022e-07   1.4138767e-06   1.4067294e-06   7.2363176e-06
   9.6291335e-07   1.4132963e-06   1.4061419e-06   7.2321407e-06
   9.6187104e-07   1.4127035e-06   1.4055421e-06   7.2279057e-06
   9.6082335e-07   1.4120982e-06   1.4049299e-06   7.2236127e-06
   9.5977030e-07   1.4114805e-06   1.4043054e-06   7.2192623e-06
   9.5871194e-07   1.4108505e-06   1.4036688e-06   7.2148545e-06
   9.5764830e-07   1.4102082e-06   1.4030200e-06   7.2103899e-06
   9.5657942e-07   1.4095538e-06   1.4023591e-06   7.2058688e-06
   9.5550534e-07   1.4088872e-06   1.4016863e-06   7.2012913e-06
   9.5442608e-07   1.4082087e-06   1.4010014e-06   7.1966580e-06
   9.5334170e-07   1.4075181e-06   1.4003048e-06   7.1919690e-06
   9.5225222e-07   1.4068156e-06   1.3995963e-06   7.1872247e-06
   9.5115768e-07   1.4061012e-06   1.3988760e-06   7.1824255e-06
   9.5005812e-07   1.4053751e-06   1.3981441e-06   7.1775716e-06
   9.4895357e-07   1.4046373e-06   1.3974006e-06   7.1726634e-06
   9.4784408e-07   1.4038877e-06   1.3966455e-06   7.1677011e-06
   9.4672967e-07   1.4031266e-06   1.3958789e-06   7.1626851e-06
   9.4561038e-07   1.4023540e-06   1.3951009e-06   7.1576158e-06
   9.4448625e-07   1.4015699e-06   1.3943115e-06   7.1524933e-06
   9.4335731e-07   1.4007744e-06   1.3935109e-06   7.1473181e-06
   9.4222360e-07   1.3999676e-06   1.3926990e-06   7.1420904e-06
   9.4108516e-07   1.3991494e-06   1.3918759e-06   7.1368105e-06
   9.3994201e-07   1.3983201e-06   1.3910417e-06   7.1314789e-06
   9.3879420e-07   1.3974796e-06   1.3901965e-06   7.1260956e-06
   9.3764176e-07   1.3966281e-06   1.3893403e-06   7.1206612e-06
   9.3648472e-07   1.3957655e-06   1.3884732e-06   7.1151758e-06
   9.3532312e-07   1.3948919e-06   1.3875952e-06   7.1096399e-06
